Node,StorageType,Period,storPWInvCap_MW,storPWInstalledCap_MW,storENInvCap_MWh,storENInstalledCap_MWh,DiscountedInvestmentCostPWEN_EuroPerMWMWh,ExpectedAnnualDischargeVolume_GWh,ExpectedAnnualLossesChargeDischarge_GWh
ES111,HydroPumpStorage,2020-2025,0.0,0.0,0.0,0.0,0.0,0.0,0.0
ES111,HydroPumpStorage,2025-2030,0.0,0.0,0.0,0.0,0.0,0.0,0.0
ES111,Li-Ion_BESS,2020-2025,6.481975813563988e-05,6.481975813563988e-05,0.00012963951627127977,0.00012963951627127977,29.095787118273144,0.00021227903306910743,1.0700591811476103e-05
ES111,Li-Ion_BESS,2025-2030,0.0008078719795908143,0.000872689320403778,0.0016157439591808062,0.001745378640807556,125.82799980496729,0.001336697502752703,6.73804615658909e-05
ES112,HydroPumpStorage,2020-2025,0.0,0.0,0.0,0.0,0.0,0.0,0.0
ES112,HydroPumpStorage,2025-2030,0.0,0.0,0.0,0.0,0.0,0.0,0.0
ES112,Li-Ion_BESS,2020-2025,6.511715267471982e-05,6.511715267471982e-05,0.00013023430534943965,0.00013023430534943965,29.22927925783189,0.00021235525238344393,1.0704433887395938e-05
ES112,Li-Ion_BESS,2025-2030,0.0011685348704117099,0.00123364960576371,0.0023370697408250695,0.00246729921152742,182.00211068197694,0.001675035066894007,8.443543672086992e-05
ES113,HydroPumpStorage,2020-2025,6.563284955518611e-07,326.0000006563285,1.5091063687577844e-07,61011.39900015091,0.5387825029930225,243.89152586446184,51.488211015472125
ES113,HydroPumpStorage,2025-2030,8.00632419346608e-07,326.00000145454356,5.010502413011384e-08,61011.39900019618,0.2872139006536993,630.6565211017901,133.1385988992092
ES113,Li-Ion_BESS,2020-2025,6.515931870564112e-05,6.515931870564112e-05,0.00013031863741128224,0.00013031863741128224,29.248206416688937,0.00021258779558783905,1.0716155962755267e-05
ES113,Li-Ion_BESS,2025-2030,0.0010213987954172691,0.0010865556968006665,0.002042797590836435,0.002173111393601333,159.08531385845276,0.001474515853391503,7.432763148196029e-05
ES114,HydroPumpStorage,2020-2025,0.0,0.0,0.0,0.0,0.0,0.0,0.0
ES114,HydroPumpStorage,2025-2030,0.0,0.0,0.0,0.0,0.0,0.0,0.0
ES114,Li-Ion_BESS,2020-2025,6.512670932699177e-05,6.512670932699177e-05,0.00013025341865398354,0.00013025341865398354,29.233568973314725,0.00021204220632296591,1.0688653809922924e-05
ES114,Li-Ion_BESS,2025-2030,0.0011763227198252164,0.0012414470118280298,0.0023526454396496253,0.0024828940236560596,183.21508691974645,0.0016756426164233154,8.446606215834325e-05
ES120,HydroPumpStorage,2020-2025,7.096148237906164e-07,187.00000070961482,3.987370291724801e-07,34997.33600039874,0.5886130985454056,107.40623264174909,22.67464899618787
ES120,HydroPumpStorage,2025-2030,2.7316178365984476e-07,187.0000009803593,6.777450530911235e-08,34997.336000461684,0.09856770696666262,339.60590093028134,71.69457908515055
ES120,Li-Ion_BESS,2020-2025,6.482362727379959e-05,6.482362727379959e-05,0.00012964725454759919,0.00012964725454759919,29.097523866811926,0.00021096123846591356,1.0634164206207637e-05
ES120,Li-Ion_BESS,2025-2030,0.0013095783979167463,0.0013743996078658667,0.0026191567958320236,0.0027487992157317334,203.9699786111097,0.0017617275128031583,8.880544370019651e-05
ES130,HydroPumpStorage,2020-2025,2.4431869860563893e-08,546.0000000244319,3.8348662201315165e-07,102184.73500038349,0.029821010320551233,302.6741969620793,63.897886025243686
ES130,HydroPumpStorage,2025-2030,2.141907829717119e-06,546.0000021639223,4.5858934752878055e-08,102184.73500042451,0.7673735728222999,1023.7098342016601,216.11652055348856
ES130,Li-Ion_BESS,2020-2025,6.496695700400836e-05,6.496695700400836e-05,0.00012993391400801672,0.00012993391400801672,29.161860597429573,0.00021174808706055114,1.0673827798325825e-05
ES130,Li-Ion_BESS,2025-2030,0.001452383041241065,0.0015173475809235363,0.0029047660824848766,0.0030346951618470727,226.21214455626966,0.001987673846174275,0.0001001949833486123
ES211,HydroPumpStorage,2020-2025,0.0,0.0,0.0,0.0,0.0,0.0,0.0
ES211,HydroPumpStorage,2025-2030,0.0,0.0,0.0,0.0,0.0,0.0,0.0
ES211,Li-Ion_BESS,2020-2025,6.477910850321155e-05,6.477910850321155e-05,0.0001295582170064231,0.0001295582170064231,29.07754062853624,0.00021173980948817827,1.0673410541523324e-05
ES211,Li-Ion_BESS,2025-2030,0.0019896790181077573,0.002054455709289184,0.003979358036219273,0.004108911418578368,309.8972825241513,0.0025735702893096295,0.00012972894691429447
ES212,HydroPumpStorage,2020-2025,0.0,0.0,0.0,0.0,0.0,0.0,0.0
ES212,HydroPumpStorage,2025-2030,0.0,0.0,0.0,0.0,0.0,0.0,0.0
ES212,Li-Ion_BESS,2020-2025,6.460696940856315e-05,6.460696940856315e-05,0.0001292139388171263,0.0001292139388171263,29.000272175263987,0.00021182803663276635,1.067785790962516e-05
ES212,Li-Ion_BESS,2025-2030,0.00174649517250996,0.0018110997245960657,0.0034929903450218076,0.0036221994491921314,272.02081490360234,0.002338688095892518,0.00011788896698194448
ES213,HydroPumpStorage,2020-2025,0.0,0.0,0.0,0.0,0.0,0.0,0.0
ES213,HydroPumpStorage,2025-2030,0.0,0.0,0.0,0.0,0.0,0.0,0.0
ES213,Li-Ion_BESS,2020-2025,6.451586246913749e-05,6.451586246913749e-05,0.00012903172493827498,0.00012903172493827498,28.95937680337785,0.00021090612828443574,1.0631386202875036e-05
ES213,Li-Ion_BESS,2025-2030,0.0013300850267261488,0.0013945984718706761,0.0026601700534502233,0.0027891969437413523,207.16393526636813,0.0018947842338156021,9.551258862365302e-05
ES220,HydroPumpStorage,2020-2025,0.0,0.0,0.0,0.0,0.0,0.0,0.0
ES220,HydroPumpStorage,2025-2030,0.0,0.0,0.0,0.0,0.0,0.0,0.0
ES220,Li-Ion_BESS,2020-2025,6.492710963702409e-05,6.492710963702409e-05,0.00012985421927404819,0.00012985421927404819,29.143974222343573,0.00021340757381134331,1.0757479477385834e-05
ES220,Li-Ion_BESS,2025-2030,0.0017976572967879976,0.0018625819891036851,0.0035953145935808174,0.0037251639782073702,279.98943855488585,0.002346060798412515,0.00011826061137364615
ES230,HydroPumpStorage,2020-2025,0.0,0.0,0.0,0.0,0.0,0.0,0.0
ES230,HydroPumpStorage,2025-2030,0.0,0.0,0.0,0.0,0.0,0.0,0.0
ES230,Li-Ion_BESS,2020-2025,6.49890197698329e-05,6.49890197698329e-05,0.0001299780395396658,0.0001299780395396658,29.17176395955456,0.0002123111897602785,1.0702212771604796e-05
ES230,Li-Ion_BESS,2025-2030,0.0028642824789153025,0.002929269081362024,0.005728564957830642,0.005858538162724048,446.1188706915768,0.003340452874295357,0.0001683860894403143
ES241,HydroPumpStorage,2020-2025,0.0,0.0,0.0,0.0,0.0,0.0,0.0
ES241,HydroPumpStorage,2025-2030,0.0,0.0,0.0,0.0,0.0,0.0,0.0
ES241,Li-Ion_BESS,2020-2025,6.493465793444615e-05,6.493465793444615e-05,0.0001298693158688923,0.0001298693158688923,29.147362443176455,0.00021458826892800336,1.0816996149619763e-05
ES241,Li-Ion_BESS,2025-2030,0.0017936518118939807,0.0018585840525034488,0.0035873036237850237,0.0037171681050068976,279.3655746687129,0.002273758389820659,0.00011461597975614084
ES242,HydroPumpStorage,2020-2025,0.0,0.0,0.0,0.0,0.0,0.0,0.0
ES242,HydroPumpStorage,2025-2030,0.0,0.0,0.0,0.0,0.0,0.0,0.0
ES242,Li-Ion_BESS,2020-2025,6.541017476395373e-05,6.541017476395373e-05,0.00013082034952790746,0.00013082034952790746,29.36080872623041,0.00021588210455145823,1.0882216027111156e-05
ES242,Li-Ion_BESS,2025-2030,0.0021238864999946327,0.002189294257436612,0.004247772999992985,0.004378588514873224,330.8004199411012,0.0024980775698100694,0.00012592349760242504
ES243,HydroPumpStorage,2020-2025,0.0,0.0,0.0,0.0,0.0,0.0,0.0
ES243,HydroPumpStorage,2025-2030,0.0,0.0,0.0,0.0,0.0,0.0,0.0
ES243,Li-Ion_BESS,2020-2025,6.50520531790507e-05,6.50520531790507e-05,0.0001301041063581014,0.0001301041063581014,29.200057904312914,0.00021410079100895422,1.0792423283418576e-05
ES243,Li-Ion_BESS,2025-2030,0.0017478812143403692,0.0018129308501956306,0.0034957624286801182,0.0036258617003912612,272.23669424524326,0.002201175408025125,0.0001109572049159594
ES300,HydroPumpStorage,2020-2025,0.0,0.0,0.0,0.0,0.0,0.0,0.0
ES300,HydroPumpStorage,2025-2030,0.0,0.0,0.0,0.0,0.0,0.0,0.0
ES300,Li-Ion_BESS,2020-2025,6.576543899620877e-05,6.576543899620877e-05,0.00013153087799241755,0.00013153087799241755,29.520276961992714,0.00021441620324211768,1.0808322634093308e-05
ES300,Li-Ion_BESS,2025-2030,0.00530186655657278,0.005367629578245751,0.010603733113145946,0.010735259156491503,825.7784412630434,0.005227764800452789,0.0002635220171547378
ES412,HydroPumpStorage,2020-2025,0.0,0.0,0.0,0.0,0.0,0.0,0.0
ES412,HydroPumpStorage,2025-2030,0.0,0.0,0.0,0.0,0.0,0.0,0.0
ES412,Li-Ion_BESS,2020-2025,6.498782731549106e-05,6.498782731549106e-05,0.00012997565463098213,0.00012997565463098213,29.171228699956615,0.0002126476673548634,1.0719173988634713e-05
ES412,Li-Ion_BESS,2025-2030,0.002021671071164505,0.002086656481157567,0.004043342142332051,0.004173312962315134,314.8801215722408,0.0025873130515243125,0.0001304216943266625
ES413,HydroPumpStorage,2020-2025,0.0,0.0,0.0,0.0,0.0,0.0,0.0
ES413,HydroPumpStorage,2025-2030,0.0,0.0,0.0,0.0,0.0,0.0,0.0
ES413,Li-Ion_BESS,2020-2025,6.502148431752487e-05,6.502148431752487e-05,0.00013004296863504975,0.00013004296863504975,29.186336392339022,0.00021208816493887707,1.0690970499448537e-05
ES413,Li-Ion_BESS,2025-2030,0.0013602237150297312,0.0014252427820226155,0.002720447430057278,0.002850485564045231,211.85810830589267,0.001816042614512563,9.15433682361523e-05
ES414,HydroPumpStorage,2020-2025,0.0,0.0,0.0,0.0,0.0,0.0,0.0
ES414,HydroPumpStorage,2025-2030,0.0,0.0,0.0,0.0,0.0,0.0,0.0
ES414,Li-Ion_BESS,2020-2025,6.500546262495536e-05,6.500546262495536e-05,0.00013001092524991072,0.00013001092524991072,29.179144700026598,0.00021267973745074046,1.0720790583454582e-05
ES414,Li-Ion_BESS,2025-2030,0.0016531311302985304,0.0017181341756014753,0.0033062622606011964,0.0034362683512029505,257.4791412450477,0.0021032445447900414,0.00010602069001658809
ES415,HydroPumpStorage,2020-2025,2.0072161532880273e-07,1886.0000002007216,1.667954533723909e-07,352967.78600016685,0.16789075313289534,1054.1551058778275,222.5438556851577
ES415,HydroPumpStorage,2025-2030,2.4668290935936695e-06,1886.0000026651333,4.465964542029387e-08,352967.78600020666,0.8836893476089602,3337.658031242503,704.6166954842529
ES415,Li-Ion_BESS,2020-2025,6.498668464061006e-05,6.498668464061006e-05,0.00012997336928122013,0.00012997336928122013,29.170715784974533,0.00021330225790234356,1.07521706959993e-05
ES415,Li-Ion_BESS,2025-2030,0.0010251243716409252,0.0010901086389585157,0.0020502487432812267,0.0021802172779170313,159.6655812969874,0.0014567956980481383,7.34343910057434e-05
ES416,HydroPumpStorage,2020-2025,0.0,0.0,0.0,0.0,0.0,0.0,0.0
ES416,HydroPumpStorage,2025-2030,0.0,0.0,0.0,0.0,0.0,0.0,0.0
ES416,Li-Ion_BESS,2020-2025,6.675557405446108e-05,6.675557405446108e-05,0.00013351114810892216,0.00013351114810892216,29.96472105900652,0.00021807612534608458,1.0992812585560468e-05
ES416,Li-Ion_BESS,2025-2030,71.6075600310959,71.60762678425264,143.2151200621918,143.2152535685053,11153049.341051508,61.99184974245754,3.124895282930295
ES417,HydroPumpStorage,2020-2025,0.0,0.0,0.0,0.0,0.0,0.0,0.0
ES417,HydroPumpStorage,2025-2030,0.0,0.0,0.0,0.0,0.0,0.0,0.0
ES417,Li-Ion_BESS,2020-2025,6.523858685816344e-05,6.523858685816344e-05,0.00013047717371632688,0.00013047717371632688,29.283787686310802,0.00021472729801069336,1.0824004349964253e-05
ES417,Li-Ion_BESS,2025-2030,0.0017511293100100724,0.001816365479546315,0.003502258620022308,0.00363273095909263,272.7425929417079,0.0022199648269965087,0.0001119043450539085
ES418,HydroPumpStorage,2020-2025,0.0,0.0,0.0,0.0,0.0,0.0,0.0
ES418,HydroPumpStorage,2025-2030,0.0,0.0,0.0,0.0,0.0,0.0,0.0
ES418,Li-Ion_BESS,2020-2025,6.539968953203823e-05,6.539968953203823e-05,0.00013079937906407645,0.00013079937906407645,29.356102197164677,0.00021352768835153306,1.0763534230961525e-05
ES418,Li-Ion_BESS,2025-2030,0.0024992634253547387,0.0025646606975644752,0.004998526850712475,0.0051293213951289504,389.2662770128032,0.0028509534571368187,0.0001437113229076159
ES419,HydroPumpStorage,2020-2025,0.0,0.0,0.0,0.0,0.0,0.0,0.0
ES419,HydroPumpStorage,2025-2030,0.0,0.0,0.0,0.0,0.0,0.0,0.0
ES419,Li-Ion_BESS,2020-2025,6.502623903445165e-05,6.502623903445165e-05,0.0001300524780689033,0.0001300524780689033,29.188470652562884,0.0002131464705885846,1.074431774348998e-05
ES419,Li-Ion_BESS,2025-2030,0.0011747586720197553,0.001239782493732522,0.002349517344042544,0.002479564987465044,182.97148272031092,0.0016377039464121953,8.255364353090602e-05
ES421,HydroPumpStorage,2020-2025,0.0,0.0,0.0,0.0,0.0,0.0,0.0
ES421,HydroPumpStorage,2025-2030,0.0,0.0,0.0,0.0,0.0,0.0,0.0
ES421,Li-Ion_BESS,2020-2025,6.58988430264979e-05,6.58988430264979e-05,0.0001317976860529958,0.0001317976860529958,29.580158321899823,0.00021696811362493848,1.093695974978156e-05
ES421,Li-Ion_BESS,2025-2030,0.0018698168507330678,0.001935713276436169,0.0037396337014665056,0.003871426552872338,291.22846227270566,0.002208141950816007,0.00011130837558234302
ES422,HydroPumpStorage,2020-2025,0.0,0.0,0.0,0.0,0.0,0.0,0.0
ES422,HydroPumpStorage,2025-2030,0.0,0.0,0.0,0.0,0.0,0.0,0.0
ES422,Li-Ion_BESS,2020-2025,6.659770616311377e-05,6.659770616311377e-05,0.00013319541232622754,0.00013319541232622754,29.89385855208633,0.00021802896338283452,1.0990435237281806e-05
ES422,Li-Ion_BESS,2025-2030,0.0029974957918422335,0.0030640910806791913,0.0059949915836800425,0.006128182161358383,466.8671639067184,0.003168862545884235,0.00015973653619030532
ES423,HydroPumpStorage,2020-2025,0.0,0.0,0.0,0.0,0.0,0.0,0.0
ES423,HydroPumpStorage,2025-2030,0.0,0.0,0.0,0.0,0.0,0.0,0.0
ES423,Li-Ion_BESS,2020-2025,6.572686992344028e-05,6.572686992344028e-05,0.00013145373984688055,0.00013145373984688055,29.502964377637287,0.00021584798228634503,1.0880495986555792e-05
ES423,Li-Ion_BESS,2025-2030,0.00239143123124634,0.0024571556838479487,0.00478286246249504,0.004914311367695897,372.47115397098463,0.002735065004535176,0.00013786959890189421
ES424,HydroPumpStorage,2020-2025,7.041568323984393e-07,334.00000070415683,1.2547388905659318e-07,62508.61100012547,0.5771034442665769,460.52375315092877,97.2216812206314
ES424,HydroPumpStorage,2025-2030,8.365400286591674e-07,334.00000153827955,5.266308213426247e-08,62508.6110001733,0.3000987028345361,744.7489598692852,157.2247804171188
ES424,Li-Ion_BESS,2020-2025,6.568959413173539e-05,6.568959413173539e-05,0.00013137918826347078,0.00013137918826347078,29.486232311191728,0.00021557012228720683,1.0866489574095952e-05
ES424,Li-Ion_BESS,2025-2030,0.0022494995843827517,0.002315186761192963,0.0044989991687701646,0.004630373522385926,350.36495932013764,0.002604700113006179,0.0001312981441285544
ES425,HydroPumpStorage,2020-2025,0.0,0.0,0.0,0.0,0.0,0.0,0.0
ES425,HydroPumpStorage,2025-2030,0.0,0.0,0.0,0.0,0.0,0.0,0.0
ES425,Li-Ion_BESS,2020-2025,6.571344689890486e-05,6.571344689890486e-05,0.00013142689379780972,0.00013142689379780972,29.49693915514959,0.00021554241782106094,1.0865093042522365e-05
ES425,Li-Ion_BESS,2025-2030,0.0020306288619632634,0.0020963398915408967,0.004061257723929758,0.004192679783081793,316.2753189888619,0.0023320030568746665,0.00011755198640336827
ES431,HydroPumpStorage,2020-2025,0.0,0.0,0.0,0.0,0.0,0.0,0.0
ES431,HydroPumpStorage,2025-2030,0.0,0.0,0.0,0.0,0.0,0.0,0.0
ES431,Li-Ion_BESS,2020-2025,6.651055651637412e-05,6.651055651637412e-05,0.00013302111303274824,0.00013302111303274824,29.8547394988547,0.00021753439056601838,1.0965504730228376e-05
ES431,Li-Ion_BESS,2025-2030,0.0030832211228872027,0.0031497292620796626,0.006166442245772884,0.006299458524159325,480.2190899675388,0.0032378693816725412,0.00016321504403925927
ES432,HydroPumpStorage,2020-2025,3.4191180020570755e-07,578.0000003419118,3.017182934856667e-07,108173.58400030172,0.2864420152674472,808.1869318549432,170.6172411692537
ES432,HydroPumpStorage,2025-2030,1.7681225883322714e-06,578.0000021076171,5.201258090016512e-08,108173.58400034888,0.6336195994672434,1302.7827412304532,275.03191203767426
ES432,Li-Ion_BESS,2020-2025,6.569245433854637e-05,6.569245433854637e-05,0.00013138490867709273,0.00013138490867709273,29.48751617850133,0.00021552525548135143,1.0864227920701163e-05
ES432,Li-Ion_BESS,2025-2030,0.0018060086424663115,0.001871698679480224,0.0036120172849288187,0.003743397358960448,281.29018068810325,0.002175538986547109,0.00010966492004077215
ES511,HydroPumpStorage,2020-2025,0.0,0.0,0.0,0.0,0.0,0.0,0.0
ES511,HydroPumpStorage,2025-2030,0.0,0.0,0.0,0.0,0.0,0.0,0.0
ES511,Li-Ion_BESS,2020-2025,6.501326322959266e-05,6.501326322959266e-05,0.00013002652645918532,0.00013002652645918532,29.18264617455302,0.00021274017756802091,1.0723837258477559e-05
ES511,Li-Ion_BESS,2025-2030,91.501194862191,91.5012598730369,183.002389724382,183.0025197460738,14251530.712958526,77.26387311657723,3.894729930563955
ES512,HydroPumpStorage,2020-2025,0.0,0.0,0.0,0.0,0.0,0.0,0.0
ES512,HydroPumpStorage,2025-2030,0.0,0.0,0.0,0.0,0.0,0.0,0.0
ES512,Li-Ion_BESS,2020-2025,6.486232448373345e-05,6.486232448373345e-05,0.0001297246489674669,0.0001297246489674669,29.114893968378034,0.00021268686135802884,1.0721149686662162e-05
ES512,Li-Ion_BESS,2025-2030,0.010032406093886047,0.010097266001047874,0.020064812187775914,0.02019453200209575,1562.571328027354,0.009524722175227832,0.00048012374608890805
ES513,HydroPumpStorage,2020-2025,1.937598199219792e-06,1132.0000019375982,1.962408208618113e-08,211855.53200001962,1.5795757993475161,948.0522915986514,200.14437267059293
ES513,HydroPumpStorage,2025-2030,6.891981388796572e-08,1132.0000020041007,2.4691448353075824e-07,211855.5320002617,0.02747802652152013,2406.988114355825,508.14193525268803
ES513,Li-Ion_BESS,2020-2025,6.492249012366111e-05,6.492249012366111e-05,0.00012984498024732222,0.00012984498024732222,29.141900651240174,0.00021323198327888475,1.0748628281133478e-05
ES513,Li-Ion_BESS,2025-2030,0.002842062274715378,0.00290698234751686,0.005684124549432867,0.00581396469503372,442.6580205565303,0.0031240320052600746,0.00015747671097798645
ES514,HydroPumpStorage,2020-2025,0.0,0.0,0.0,0.0,0.0,0.0,0.0
ES514,HydroPumpStorage,2025-2030,0.0,0.0,0.0,0.0,0.0,0.0,0.0
ES514,Li-Ion_BESS,2020-2025,6.494364001369786e-05,6.494364001369786e-05,0.00012988728002739572,0.00012988728002739572,29.15139424880647,0.00021367559352198,1.0770989858992643e-05
ES514,Li-Ion_BESS,2025-2030,0.002771860310891737,0.0028368015335829273,0.00554372062178522,0.005673603067165855,431.7238961983643,0.0030965401215708207,0.00015609089562200376
ES521,HydroPumpStorage,2020-2025,0.0,0.0,0.0,0.0,0.0,0.0,0.0
ES521,HydroPumpStorage,2025-2030,0.0,0.0,0.0,0.0,0.0,0.0,0.0
ES521,Li-Ion_BESS,2020-2025,6.640593532839153e-05,6.640593532839153e-05,0.00013281187065678307,0.00013281187065678307,29.807777956554087,0.00021813895170650502,1.0995979546964079e-05
ES521,Li-Ion_BESS,2025-2030,0.0030588605529706173,0.0031252640709758094,0.006117721105940522,0.006250528141951619,476.42487273495226,0.0031780947792249686,0.0001602019161129048
ES522,HydroPumpStorage,2020-2025,0.0,0.0,0.0,0.0,0.0,0.0,0.0
ES522,HydroPumpStorage,2025-2030,0.0,0.0,0.0,0.0,0.0,0.0,0.0
ES522,Li-Ion_BESS,2020-2025,6.534409308619324e-05,6.534409308619324e-05,0.0001306881861723865,0.0001306881861723865,29.33114649848013,0.00021501023664264094,1.083826676717862e-05
ES522,Li-Ion_BESS,2025-2030,0.0022562452174027976,0.0023215868931655017,0.004512490434805691,0.004643173786331003,351.41560785310344,0.0025275979489590406,0.0001274115656884137
ES523,HydroPumpStorage,2020-2025,2.729307198023889e-07,2301.0000002729307,2.07982097621294e-07,430635.67100020795,0.22780275614919376,2186.849749630674,461.6682804774478
ES523,HydroPumpStorage,2025-2030,2.1519551299784747e-06,2301.0000024224687,4.47037146843632e-08,430635.6710002478,0.7709576258534679,4819.574057990718,1017.4656344646344
ES523,Li-Ion_BESS,2020-2025,6.543917166286657e-05,6.543917166286657e-05,0.00013087834332573315,0.00013087834332573315,29.37382462789565,0.000215537120460697,1.0864826012824798e-05
ES523,Li-Ion_BESS,2025-2030,0.001482956723773369,0.0015483934781137685,0.002965913447547715,0.003096786956227537,230.9740689908854,0.0018509065025739796,9.330079277974816e-05
ES532,HydroPumpStorage,2020-2025,0.0,0.0,0.0,0.0,0.0,0.0,0.0
ES532,HydroPumpStorage,2025-2030,0.0,0.0,0.0,0.0,0.0,0.0,0.0
ES532,Li-Ion_BESS,2020-2025,6.560335235438868e-05,6.560335235438868e-05,0.00013120670470877737,0.00013120670470877737,29.447520775287344,0.00021891512843476114,1.1035105189927214e-05
ES532,Li-Ion_BESS,2025-2030,0.001696062970834758,0.0017616639058668348,0.003392125941672214,0.0035233278117336696,264.16587844975896,0.0020315336059352905,0.0001024058733001619
ES611,HydroPumpStorage,2020-2025,0.0,0.0,0.0,0.0,0.0,0.0,0.0
ES611,HydroPumpStorage,2025-2030,0.0,0.0,0.0,0.0,0.0,0.0,0.0
ES611,Li-Ion_BESS,2020-2025,6.765933812782326e-05,6.765933812782326e-05,0.00013531867625564653,0.00013531867625564653,30.370395622442317,0.0002218099489720617,1.1181027776314326e-05
ES611,Li-Ion_BESS,2025-2030,323.58590338325587,323.5859710401767,647.1718067665117,647.1719420803533,50399281.09455157,254.53220764708755,12.830501079350354
ES612,HydroPumpStorage,2020-2025,0.0,0.0,0.0,0.0,0.0,0.0,0.0
ES612,HydroPumpStorage,2025-2030,0.0,0.0,0.0,0.0,0.0,0.0,0.0
ES612,Li-Ion_BESS,2020-2025,6.643753895322168e-05,6.643753895322168e-05,0.00013287507790644336,0.00013287507790644336,29.821963945003773,0.00021862460546293082,1.1020460461521546e-05
ES612,Li-Ion_BESS,2025-2030,0.0013666772685541361,0.0014331123901840425,0.002733354537107679,0.002866224780368085,212.86326475663856,0.0017590756504579574,8.867176814455855e-05
ES613,HydroPumpStorage,2020-2025,0.0,0.0,0.0,0.0,0.0,0.0,0.0
ES613,HydroPumpStorage,2025-2030,0.0,0.0,0.0,0.0,0.0,0.0,0.0
ES613,Li-Ion_BESS,2020-2025,6.670960598384898e-05,6.670960598384898e-05,0.00013341921196769797,0.00013341921196769797,29.94408727024772,0.0002173019803456472,1.0953789357385584e-05
ES613,Li-Ion_BESS,2025-2030,0.014779386036993306,0.014846093225655183,0.02955877207399045,0.029692186451310366,2301.924847452766,0.012848774043661396,0.0006476830953318052
ES614,HydroPumpStorage,2020-2025,0.0,0.0,0.0,0.0,0.0,0.0,0.0
ES614,HydroPumpStorage,2025-2030,0.0,0.0,0.0,0.0,0.0,0.0,0.0
ES614,Li-Ion_BESS,2020-2025,6.78563949432453e-05,6.78563949432453e-05,0.0001357127898864906,0.0001357127898864906,30.458848947734374,0.0002213282578762937,1.1156746613574524e-05
ES614,Li-Ion_BESS,2025-2030,741.6325618473454,741.6326297013229,1483.2651236946908,1483.2652594026458,115511051.50939308,580.9740203048211,29.285833268445156
ES615,HydroPumpStorage,2020-2025,0.0,0.0,0.0,0.0,0.0,0.0,0.0
ES615,HydroPumpStorage,2025-2030,0.0,0.0,0.0,0.0,0.0,0.0,0.0
ES615,Li-Ion_BESS,2020-2025,6.575651726780656e-05,6.575651726780656e-05,0.00013151303453561312,0.00013151303453561312,29.51627224618099,0.00021615396470757952,1.0895919998252581e-05
ES615,Li-Ion_BESS,2025-2030,0.0011209368842180784,0.0011866909841618026,0.0022418737684355367,0.0023733819683236053,174.58861009169945,0.001547542741991377,7.800878279372435e-05
ES616,HydroPumpStorage,2020-2025,0.0,0.0,0.0,0.0,0.0,0.0,0.0
ES616,HydroPumpStorage,2025-2030,0.0,0.0,0.0,0.0,0.0,0.0,0.0
ES616,Li-Ion_BESS,2020-2025,6.675799343226256e-05,6.675799343226256e-05,0.00013351598686452511,0.00013351598686452511,29.965807050430975,0.00021833497320515762,1.1005860630706712e-05
ES616,Li-Ion_BESS,2025-2030,0.006732227961370705,0.006798983537480453,0.013464455922744796,0.013597967074960906,1048.560663088897,0.006298609162864638,0.0003175013146086847
ES617,HydroPumpStorage,2020-2025,3.0440355658356566e-07,572.0000003044036,3.4933996654193725e-07,107050.67500034934,0.25710485402981864,771.9027082330385,162.95723840463197
ES617,HydroPumpStorage,2025-2030,1.998505806674547e-06,572.000002300492,4.7373699723999404e-08,107050.6750003919,0.7160495008853697,1361.4266680278208,287.4122965835228
ES617,Li-Ion_BESS,2020-2025,6.639982044554577e-05,6.639982044554577e-05,0.00013279964089109154,0.00013279964089109154,29.80503315566851,0.00021753415638623628,1.0965492925832314e-05
ES617,Li-Ion_BESS,2025-2030,0.002205659432853828,0.0022720568359751794,0.004411318865704215,0.004544113671950359,343.53675049787813,0.002454837052294847,0.00012374382253386697
ES618,HydroPumpStorage,2020-2025,1.0326676829208736e-06,314.0000010326677,1.1626252671703696e-07,58765.580000116264,0.8445892281026102,478.49279808532896,101.01514626233342
ES618,HydroPumpStorage,2025-2030,9.68652042486281e-07,314.0000019989024,5.519446027032038e-08,58765.58000016663,0.3474266224997521,759.3413536199099,160.30539687519695
ES618,Li-Ion_BESS,2020-2025,6.667721382291772e-05,6.667721382291772e-05,0.00013335442764583543,0.00013335442764583543,29.929547329867432,0.00021816086772664549,1.099708429327695e-05
ES618,Li-Ion_BESS,2025-2030,0.0027940320187517863,0.002860706815252047,0.005588064037504061,0.005721413630504094,435.1771929121117,0.0029598290174553442,0.00014919953996040162
ES620,HydroPumpStorage,2020-2025,0.0,0.0,0.0,0.0,0.0,0.0,0.0
ES620,HydroPumpStorage,2025-2030,0.0,0.0,0.0,0.0,0.0,0.0,0.0
ES620,Li-Ion_BESS,2020-2025,6.631491630912655e-05,6.631491630912655e-05,0.0001326298326182531,0.0001326298326182531,29.766922049583464,0.00021832166472089126,1.1005189773991557e-05
ES620,Li-Ion_BESS,2025-2030,0.001878012748028657,0.0019443252470148485,0.0037560254960582497,0.003888650494029697,292.50499294759317,0.002185769674209508,0.00011018063021084424
EU,HydroPumpStorage,2020-2025,1.6210833564400673e-07,37739.00000016211,2.2118911147117615e-08,740683.8060000221,0.1326837061068359,18521.26365197183,3910.0445487870597
EU,HydroPumpStorage,2025-2030,1.7096812843604227e-05,37739.0000172565,1.1062087101009953e-05,740683.8060110792,6.246641360497643,61598.371910381575,13004.100736636059
EU,Li-Ion_BESS,2020-2025,6.94351333048571e-05,6.94351333048571e-05,0.0001388702666097142,0.0001388702666097142,31.167500701552818,0.00023152747155513907,1.1670874065119011e-05
EU,Li-Ion_BESS,2025-2030,0.000702388767227579,0.0007718214843282488,0.0014047775741454383,0.0015436429686564977,109.39873791868855,0.0013736316385580705,6.924223912476361e-05
France,HydroPumpStorage,2020-2025,3.3924152376130223e-10,5049.000000000339,2.1100277081131935e-08,184296.0000000211,0.0008217371186025517,5665.4118141432555,1196.031382985485
France,HydroPumpStorage,2025-2030,8.759164567769466e-07,5049.000000873839,2.612164932761447e-07,184296.00000027748,0.31656400966429443,9540.290863369539,2014.0614044841263
France,Li-Ion_BESS,2020-2025,7.550272403063278e-05,7.550272403063278e-05,0.00015100544806126556,0.00015100544806126556,33.89107346942018,0.00027049506899327473,1.3635138832830165e-05
France,Li-Ion_BESS,2025-2030,0.0006808614629619892,0.0007563617699064115,0.0013617229270263865,0.001512723539812823,106.04580704525948,0.0016897355771625952,8.517644473696874e-05
Italy,HydroPumpStorage,2020-2025,2.1569576347246766e-07,7256.000000215696,1.4279139577411115e-06,38626.000001427914,0.21268362951835285,2976.713370965885,628.4172672025396
Italy,HydroPumpStorage,2025-2030,4.7086986523060596e-07,7256.000000684148,3862.599976981886,42488.59997840497,43850623.45797568,10678.3794352682,2254.3245475462336
Italy,Li-Ion_BESS,2020-2025,7.063441241704478e-05,7.063441241704478e-05,0.00014126882483408957,0.00014126882483408957,31.70582374914251,0.00023631678347680506,1.1912289216892774e-05
Italy,Li-Ion_BESS,2025-2030,2130.6189100119263,2130.618980643922,4261.2378200238545,4261.237961287844,331849008.95968604,1648.7638341424813,83.11115653638912
Portugal,HydroPumpStorage,2020-2025,1.0319045031792484e-06,2827.0000010319045,3.569875843822956e-07,107254.08000035699,0.8501880238540049,2747.0900655835517,579.9412360672942
Portugal,HydroPumpStorage,2025-2030,1.0647222227197978e-07,2827.0000011359593,4.6849682629209125e-08,107254.080000399,0.038651405146285546,5916.833759622283,1249.1093492532573
Portugal,Li-Ion_BESS,2020-2025,6.678647102277831e-05,6.678647102277831e-05,0.00013357294204555662,0.00013357294204555662,29.978589848996094,0.00025053143804682566,1.2628817796230135e-05
Portugal,Li-Ion_BESS,2025-2030,0.0012611346460325392,0.001327918699696779,0.0025222692919491573,0.002655837399393558,196.42474798003923,0.0017517498318652424,8.830248123736869e-05
