BetweenNode,AndNode,Period,transmisionInvCap_MW,transmissionInstalledCap_MW,DiscountedInvestmentCost_Euro,transmisionExpectedAnnualVolume_GWh,ExpectedAnnualLosses_GWh
ES111,ES112,2020-2025,0.00011442579852882773,7641.461867258168,3.9040929644759963,1751.3001845014471,52.53900553504374
ES111,ES112,2025-2030,8.645456861509221e-05,7641.461953576984,1.2958602436433724,2571.2770427525966,77.13831128257796
ES111,ES114,2020-2025,4.2272779865015764e-05,5049.62096665908,1.3162984156835786,2447.6622216916408,73.42986665074977
ES111,ES114,2025-2030,2.3718975276442832e-05,5049.620990242303,0.3244617395413558,1864.5570436932499,55.936711310797705
ES112,ES113,2020-2025,8.602319212513976e-07,1474.668058424372,0.03254667758014089,2134.319203467356,64.02957610402045
ES112,ES113,2025-2030,0.00011763757885482868,1474.6681759261987,1.9552901132322118,2761.7753425119868,82.85326027535955
ES112,ES114,2020-2025,0.003951408165041363,0.003951408165041363,169.99166287437018,0.012233906044031132,0.0003670171813209347
ES112,ES114,2025-2030,0.001077835774857549,0.005029108187781923,20.370530672083497,0.016464798309287234,0.0004939439492786197
ES112,ES120,2020-2025,3.170176341882325e-05,4027.4764651128435,1.6058923744268172,4831.616856476478,144.94850569429454
ES112,ES120,2025-2030,9.787595860868413e-06,4027.4764747646877,0.21781263209234597,7173.201300330542,215.19603900991615
ES112,ES413,2020-2025,5.1815386996167945e-05,4066.508937825597,2.9273272668757495,1551.3616038836565,46.54084811650975
ES112,ES413,2025-2030,1.1322544357765096e-05,4066.50894901239,0.2810156986408607,1862.7390595082352,55.88217178524721
ES113,ES114,2020-2025,8.453945247310912e-05,6863.733047301843,2.646214568358826,1569.1473867701113,47.07442160310329
ES113,ES114,2025-2030,0.00022600541875599314,6863.733273171509,3.107838887720994,2122.7323075137174,63.68196922541143
ES113,ES413,2020-2025,2.9028955850662896e-05,2770.588500816126,1.8083174414416718,1994.119607544425,59.823588226332824
ES113,ES413,2025-2030,1.2955473931012894e-05,2770.5885136358474,0.35454435936681333,4649.093048661915,139.47279145985817
ES113,ES419,2020-2025,0.00012849335143982898,6618.0650336916015,7.526857433446676,577.1628911397096,17.31488673419121
ES113,ES419,2025-2030,1.1665902106824176e-06,6618.065034722439,0.030021015616038895,1563.4311132305388,46.90293339691631
ES113,Portugal,2020-2025,0.0,8666.90573364432,0.0,8492.771160860735,254.78313482582183
ES113,Portugal,2025-2030,0.0,8666.90573364432,0.0,12675.588409810107,380.2676522943045
ES114,Portugal,2020-2025,0.0,0.0,0.0,0.0,0.0
ES114,Portugal,2025-2030,0.0,0.0,0.0,0.0,0.0
ES120,ES130,2020-2025,6.01419906161027e-05,5049.620984528291,3.886438018590847,1837.4786668331885,55.12436000499594
ES120,ES130,2025-2030,9.309244783197847e-05,5049.621077484987,2.6427885512500144,3389.145855486379,101.67437566459158
ES120,ES413,2020-2025,4.357020588940941e-05,5853.985362991496,1.35847702144747,2261.118475817975,67.83355427453941
ES120,ES413,2025-2030,0.00014133424931853575,5853.985504189992,1.9359053517220859,2518.3563459501847,75.55069037850596
ES130,ES213,2020-2025,7.553844716312597e-05,5362.429375771687,2.9566819440611254,804.4601170342606,24.133803511027917
ES130,ES213,2025-2030,9.43834699804243e-06,5362.429385074281,0.16229551398093423,5105.4643152582785,153.16392945774834
ES130,ES412,2020-2025,2.9313742970771273e-06,983.1120413074683,0.11904720338514334,3482.8081131965696,104.48424339589681
ES130,ES412,2025-2030,1.4881660108039587e-06,983.1120426598819,0.026550537803775708,3085.4643642510905,92.56393092753255
ES130,ES413,2020-2025,1.1908463420695625e-05,2279.0324645075834,0.7807211646359381,600.8726453723311,18.026179361169895
ES130,ES413,2025-2030,6.203225443690493e-06,2279.032470575057,0.17866184321148842,1986.9534627349326,59.608603882048264
ES130,ES414,2020-2025,2.195854904130101e-06,1787.476435606935,0.09123897698365606,1128.0427698226392,33.841283094679376
ES130,ES414,2025-2030,1.5998701063606356e-06,1787.476437071053,0.02920354075853796,2169.0091764148306,65.07027529244523
ES211,ES212,2020-2025,2.717324696277501e-05,4558.064932371497,0.5953660240692252,5745.742800697124,172.37228402091404
ES211,ES212,2025-2030,1.1735829551203156e-05,4558.064943971575,0.112961466976764,8743.09329138894,262.29279874166804
ES211,ES213,2020-2025,1.5551283922832226e-06,1474.6680591192685,0.030326365575906136,86.55538872650725,2.5966616617952263
ES211,ES213,2025-2030,3.990326224788224e-06,1474.6680629738428,0.03418507501520561,938.2069596610025,28.146208789830133
ES211,ES220,2020-2025,0.006076678482440373,0.006076678482440373,225.19531776582085,0.021611895077219053,0.0006483568523165721
ES211,ES220,2025-2030,0.0028908658365561315,0.00896740856687979,47.06467392720349,0.03321546792656568,0.0009964640377969688
ES211,ES230,2020-2025,8.70193338187164e-06,491.5560278899804,0.23152164248227244,280.07292658753346,8.402187797626002
ES211,ES230,2025-2030,1.5126686497064162e-05,491.5560428809147,0.17680464316349945,345.3094458860165,10.359283376580509
ES211,ES412,2020-2025,8.448430435237242e-06,3262.1444994236504,0.3079153653679045,4931.277823947061,147.93833471841268
ES211,ES412,2025-2030,2.3900195322018858e-06,3262.1445016779185,0.03826756234024643,4558.789506112779,136.7636851833831
ES211,ES414,2020-2025,2.3046050046104938e-06,4867.476435715686,0.14949059347776367,1788.7243927296422,53.6617317818893
ES211,ES414,2025-2030,3.979361427950157e-05,4867.476475373548,1.1339783699730372,6352.342244000474,190.57026732001455
ES212,ES213,2020-2025,1.3750658581557218e-05,5049.620938136959,0.3113836065081206,3735.9867658423664,112.07960297527111
ES212,ES213,2025-2030,8.919936591516967e-06,5049.620946921142,0.08873767218472847,712.830777153316,21.38492331459942
ES212,ES220,2020-2025,7.446541303579579e-06,983.1120458226353,0.21484441186866396,2023.3588389595918,60.70076516878784
ES212,ES220,2025-2030,3.1360737229434885e-06,983.1120488229569,0.039749323545071075,1575.6902320559925,47.270706961679586
ES212,France,2020-2025,0.0,2290.20418030794,0.0,12135.179961620415,364.0553988486118
ES212,France,2025-2030,0.0,2290.20418030794,0.0,11667.794746288477,350.0338423886543
ES213,ES412,2020-2025,1.140234417107422e-06,1787.4764345513145,0.053197226399448,4726.879046701634,141.806371401049
ES213,ES412,2025-2030,6.613345421043383e-06,1787.4764410289076,0.13554704997345227,5098.042006720469,152.9412602016133
ES220,ES230,2020-2025,0.0001884574430732755,8803.321623007014,6.545406564926872,2131.3303950663403,63.9399118519901
ES220,ES230,2025-2030,0.00027596903002650774,8803.321898840297,4.210732958824171,4373.686197806393,131.2105859341923
ES220,ES241,2020-2025,2.282655145791068e-06,491.55602147070215,0.13017104191506168,1739.6487679080078,52.189463037240344
ES220,ES241,2025-2030,3.162718098685647e-07,491.55602165122184,0.007923345231670537,869.2285120549004,26.076855361647013
ES220,ES243,2020-2025,4.1615307054598816e-05,4279.032494214427,2.170948156180364,3391.9763279087674,101.75928983726311
ES220,ES243,2025-2030,2.5832624184482186e-05,4279.0325199113,0.592023429066133,6602.995915166829,198.08987745500482
ES220,France,2020-2025,0.0,0.0,0.0,0.0,0.0
ES220,France,2025-2030,1999.9999203511559,1999.9999203511559,179547761.00829035,9466.873274864342,284.00619824593207
ES230,ES243,2020-2025,0.0051901012052393645,0.0051901012052393645,301.05772998050014,0.023329233680793135,0.0006998770104237926
ES230,ES243,2025-2030,1.732330817820443e-05,0.005207288761300812,0.4414472410420471,0.020866690106851597,0.0006260007032055473
ES230,ES412,2020-2025,2.4403457246080507e-06,2279.0324550394657,0.08934054195327144,2155.0662991050835,64.65198897315281
ES230,ES412,2025-2030,3.0684040675508e-06,2279.0324579721178,0.04934961789875337,4733.251807068506,141.99755421205555
ES230,ES417,2020-2025,0.006677065626005042,0.006677065626005042,200.5504714654537,0.021484993730497857,0.0006445498119149388
ES230,ES417,2025-2030,0.002168151584415908,0.008845081458303442,28.608935862054263,0.030371790284372268,0.0009111537085311687
ES241,ES243,2020-2025,4.3693275074474514e-05,3440.8921780096052,1.879707733574378,1521.9841626466985,45.65952487940109
ES241,ES243,2025-2030,5.516381438497998e-06,3440.8921833902345,0.10425671508879635,1344.0775059863017,40.32232517958903
ES241,ES513,2020-2025,1.1322999853291549e-06,1873.112039508394,0.04385747817833498,4262.292487950991,127.86877463853119
ES241,ES513,2025-2030,8.269567413611114e-05,1873.112122068316,1.407145368267906,6053.481830170003,181.604454905099
ES241,France,2020-2025,0.0,502.727746896866,0.0,2651.6306638301644,79.5489199149053
ES241,France,2025-2030,0.0,502.727746896866,0.0,2466.5562963667567,73.99668889100263
ES242,ES243,2020-2025,3.120729707006831e-05,12691.082708425896,1.387154143814098,2333.9959468750617,70.01987840625195
ES242,ES243,2025-2030,0.0003751725173537139,12691.083083462661,7.326112865640958,4161.828155730009,124.85484467190011
ES242,ES423,2020-2025,0.003500094938773477,0.003500094938773477,206.4570344357178,0.013431616753911671,0.0004029485026173497
ES242,ES423,2025-2030,0.0011324763259713405,0.0046324355126262295,29.34627693231795,0.017665799934000817,0.000529973998020022
ES242,ES424,2020-2025,0.0032336922712411557,0.0032336922712411557,202.62661666166272,0.012254592226069175,0.0003676377667820759
ES242,ES424,2025-2030,0.0012889864913287062,0.004522543010452254,35.4829884195056,0.01720760377753862,0.0005162281133261604
ES242,ES514,2020-2025,0.003774342249964808,0.003774342249964808,227.41143781759564,0.01483165944528985,0.000444949783358695
ES242,ES514,2025-2030,0.0022087603985314337,0.005982966896379583,58.464690086040434,0.02184561155178187,0.0006553683465534597
ES242,ES522,2020-2025,9.414028318133205e-05,8937.382261195684,2.86601120288734,581.772382024423,17.453171460732722
ES242,ES522,2025-2030,0.000136558134350101,8937.382397618065,1.8263919212372808,1545.98300393023,46.379490117906634
ES242,ES523,2020-2025,4.7762380290805595e-06,2030.000004776238,0.2829019301161698,2365.633304698995,70.96899914097004
ES242,ES523,2025-2030,2.107668927448379e-06,2030.0000067481553,0.05484365125081616,2773.8799361291885,83.21639808387596
ES243,ES417,2020-2025,1.107611387851648e-05,2770.588482863284,0.5827832277161258,2358.5166459764714,70.75549937929402
ES243,ES417,2025-2030,6.5895601405570735e-06,2770.588489317092,0.152317596267322,2482.478221870064,74.47434665610184
ES243,ES424,2020-2025,5.245391366770491e-05,3574.9529192760738,3.411044849906828,8042.4339007187755,241.27301702156248
ES243,ES424,2025-2030,1.9173605420834157e-05,3574.9529383139275,0.547756244877715,7552.570800185738,226.57712400557227
ES243,ES513,2020-2025,9.868369852483738e-05,3108.9620162375286,7.336070159310613,3750.132544481705,112.50397633445164
ES243,ES513,2025-2030,5.733601489128345e-07,3108.962016675136,0.018724903223780103,6211.978632225484,186.3593589667643
ES243,ES514,2020-2025,5.700993915525032e-05,5049.62098139624,3.914500858581066,5619.697520966681,168.5909256289997
ES243,ES514,2025-2030,6.918474684534015e-05,5049.621050445234,2.086941092901767,9863.935532791053,295.91806598373324
ES300,ES414,2020-2025,7.961334176798118e-06,1787.4764413724142,0.7147208247383551,6256.456138669715,187.6936841600909
ES300,ES414,2025-2030,2.461806291978793e-06,1787.4764436984688,0.09709088932476169,8686.244543812561,260.5873363143771
ES300,ES416,2020-2025,2.9151600756449625e-05,5362.4293293848405,0.9720067997381053,440.70529948491793,13.221158984547563
ES300,ES416,2025-2030,5.279748959792716e-05,5362.429382046578,0.7733822284375734,1127.5377771958222,33.826133315874735
ES300,ES418,2020-2025,5.0564671255415305e-05,3574.9529173868314,3.304706157912475,3009.5495736071975,90.2864872082148
ES300,ES418,2025-2030,2.758410872844857e-05,3574.9529448351873,0.7919880650364485,7416.061125347163,222.48183376041493
ES300,ES423,2020-2025,4.4480135329649784e-05,6036.508930490345,2.649138216712531,9867.882358976547,296.036470769296
ES300,ES423,2025-2030,4.704513289097827e-05,6036.508977399724,1.2309126556370251,6786.509664828983,203.59528994486965
ES300,ES424,2020-2025,2.0007293642265722e-05,4558.064925205544,0.811707179312071,13684.41746765449,410.5325240296337
ES300,ES424,2025-2030,2.1773985040580028e-05,4558.06494684378,0.38808153596369727,7687.3343489395675,230.62003046818714
ES300,ES425,2020-2025,1.5307197372749215e-05,3579.3361304354776,0.5447673994841034,1162.318843727712,34.86956531183125
ES300,ES425,2025-2030,9.683213271296333e-06,3579.3361399829387,0.15139409794701542,1568.0464206337103,47.041392619011226
ES300,ES432,2020-2025,2.932095594587736e-05,10724.858629787355,2.7112783427765765,10541.398850901838,316.2419655270552
ES300,ES432,2025-2030,1.268519991168038e-05,10724.858642336803,0.5153085101443851,22619.25591423451,678.5776774270361
ES412,ES414,2020-2025,2.6001788683061022e-05,5541.176969576139,0.8330069109652207,4437.315955952873,133.1194786785865
ES412,ES414,2025-2030,4.325990142670297e-05,5541.177012700288,0.6088424499569017,4506.627493244172,135.19882479732473
ES412,ES416,2020-2025,196.60762201755563,196.60762201755563,11259944.515886232,942.3576082173968,28.270728246521774
ES412,ES416,2025-2030,106.43081446224102,303.03843634404456,2677794.86871625,1596.9827038586975,47.90948111576044
ES412,ES417,2020-2025,0.004721252733795652,0.004721252733795652,225.66623293391615,0.01848604742596919,0.0005545814227790758
ES412,ES417,2025-2030,0.0054861242647215504,0.010207241246399615,115.19907442013981,0.04244205086258086,0.0012732615258774292
ES412,ES418,2020-2025,0.005425206605498284,0.005425206605498284,295.4225254884925,0.023311846879998658,0.0006993554063999576
ES412,ES418,2025-2030,0.003780380356487521,0.009205451209869037,90.43506222983609,0.043655912133440083,0.0013096773640032028
ES413,ES414,2020-2025,7.300246215891093e-05,6345.541411611792,3.3433049171068077,1050.1959549212033,31.505878647635978
ES413,ES414,2025-2030,9.442983467674549e-05,6345.541505905875,1.8998605631599548,1342.2903082530468,40.268709247591445
ES413,ES418,2020-2025,0.00013697295980819035,8133.01790899338,7.721553307779442,1924.7629094343497,57.742887283030484
ES413,ES418,2025-2030,0.0001365621345044462,8133.0180454197625,3.382004251937519,1434.8960690431627,43.046882071295094
ES413,ES419,2020-2025,0.00016044754102040315,3574.953027269701,6.627374364011904,481.0794499064041,14.43238349719206
ES413,ES419,2025-2030,4.393104412826962e-06,3574.953031527053,0.07971755731229617,505.625968396516,15.168779051895491
ES414,ES415,2020-2025,8.840156624501105e-06,5817.476442251238,0.7784555883024261,3837.584164521287,115.1275249356388
ES414,ES415,2025-2030,3.632697961204769e-05,5817.476478442465,1.405326353553365,5072.221461757558,152.16664385272728
ES414,ES418,2020-2025,2.953682269435376e-05,5049.620953923123,1.0330940828919395,1501.261383412948,45.03784150238845
ES414,ES418,2025-2030,5.564259670418402e-05,5049.6210094299695,0.8549830534029106,7446.411412561033,223.39234237683164
ES415,ES418,2020-2025,0.004422407517837116,0.004422407517837116,249.30362493095495,0.01819155904226933,0.0005457467712680794
ES415,ES418,2025-2030,0.0013958022042016211,0.005818073969921046,34.56748099759637,0.02401020475765082,0.0007203061427295226
ES415,ES419,2020-2025,0.0001391181049257284,7820.209535291585,5.899725655316235,613.7489604383878,18.412468813151595
ES415,ES419,2025-2030,0.00013611398245665004,7820.209671269814,2.535857960386474,769.2349989011213,23.077049967033638
ES415,ES432,2020-2025,1.0624912647472229e-06,3574.9528678846514,0.05317105423202914,4725.832902854489,141.7749870856352
ES415,ES432,2025-2030,2.145120896993445e-05,3574.9528892001085,0.47160206274041944,7972.0255108829915,239.16076532648998
ES415,Portugal,2020-2025,0.0,491.556019188047,0.0,1415.258783086622,42.457763492598744
ES415,Portugal,2025-2030,0.0,491.556019188047,0.0,1557.8299551368787,46.73489865410657
ES416,ES417,2020-2025,0.009304864658797532,0.009304864658797532,505.54439826289615,0.0452144443187098,0.0013564333295612945
ES416,ES417,2025-2030,2.6771976962086772e-06,0.009307406104376801,0.06390041869787004,0.037226649625356455,0.0011167994887606972
ES416,ES418,2020-2025,9.762145418790169e-05,5853.985417042744,3.386551770064901,271.87523884701744,8.156257165410501
ES416,ES418,2025-2030,4.838820755019151e-07,5853.985417390875,0.007374388277668475,548.4706008556046,16.454118025668173
ES416,ES424,2020-2025,0.008042847861476783,0.008042847861476783,418.25806893103663,0.03772738149092696,0.0011318214447278122
ES416,ES424,2025-2030,4.451685643494164e-06,0.00804716379500286,0.10170281707044276,0.03162638631695873,0.0009487915895087655
ES417,ES418,2020-2025,2.196776677010348e-06,1787.4764356078567,0.1685990093295023,2668.9758011448303,80.06927403434531
ES417,ES418,2025-2030,2.372276590629803e-07,1787.4764357093322,0.007998498210667827,1864.8897300541585,55.94669190162473
ES417,ES424,2020-2025,0.004823800466453836,0.004823800466453836,179.94678891541105,0.015888773814062562,0.0004766632144218762
ES417,ES424,2025-2030,0.0037449730707404187,0.008568637785077791,61.373018619289226,0.02974512583461398,0.0008923537750384176
ES418,ES419,2020-2025,1.961676389328204e-05,15953.227187810664,0.7662259455986286,1168.3663662670021,35.050990988010085
ES418,ES419,2025-2030,8.567463949282217e-05,15953.22727334955,1.4701301819075643,1856.8416808762688,55.705250426287996
ES419,Portugal,2020-2025,0.0,0.0,0.0,0.0,0.0
ES419,Portugal,2025-2030,0.0,0.0,0.0,0.0,0.0
ES421,ES422,2020-2025,5.305250851961318e-06,1970.0000053052509,0.34802989961378983,1164.6246625563406,34.93873987669013
ES421,ES422,2025-2030,2.688387667563443e-06,1970.0000078578862,0.07747766904403346,2185.898357403235,65.57695072209702
ES421,ES423,2020-2025,7.618032486789161e-05,5514.952943002485,3.7625792264300695,2623.372146523597,78.70116439570758
ES421,ES423,2025-2030,1.925746484788185e-05,5514.9529621242,0.41784572776753276,2457.284743268992,73.71854229806961
ES421,ES521,2020-2025,1.4288993952504825e-06,1440.0000014288994,0.07535832034583055,814.3077935454475,24.429233806363378
ES421,ES521,2025-2030,1.2490175684474766e-05,1440.0000137833229,0.28938240652850367,2453.320728296544,73.59962184889581
ES421,ES523,2020-2025,6.034206307958812e-07,1787.4764340145007,0.029532173779668054,1466.3408443556891,43.99022533067051
ES421,ES523,2025-2030,3.2834882827276166e-06,1787.4764371622366,0.07059675693668219,4429.097210588002,132.87291631764
ES421,ES614,2020-2025,0.003716983988994839,0.003716983988994839,308.0386184658066,0.0177770029886422,0.0005333100896592637
ES421,ES614,2025-2030,0.0010298982520033277,0.004746746488880276,37.49581665445848,0.02306834871777481,0.000692050461533245
ES421,ES616,2020-2025,0.0033603120648359438,0.0033603120648359438,215.22591250151828,0.01375436450583255,0.0004126309351749753
ES421,ES616,2025-2030,0.0008261185983933646,0.004186294911111514,23.24509713868206,0.01734456937144791,0.0005203370811434374
ES421,ES620,2020-2025,3.2163848572963616e-05,3574.9528989860087,1.3495589459053423,3206.0534369291363,96.18160310787364
ES421,ES620,2025-2030,2.748497545230865e-05,3574.9529263352315,0.5066327057585794,4489.80557458103,134.694167237431
ES422,ES423,2020-2025,0.0030450156362512516,0.0030450156362512516,220.76898432039297,0.012945066008926384,0.00038835198026779147
ES422,ES423,2025-2030,0.0006099491735290832,0.0036548290576627115,19.427467853807563,0.015526354259987602,0.0004657906277996292
ES422,ES425,2020-2025,1.7645720618020277e-07,1966.2240769286373,0.007274251973919599,1328.8679006696852,39.866037020090594
ES422,ES425,2025-2030,3.141549206867774e-06,1966.2240799344345,0.0568940470553127,2523.7226164134477,75.71167849240352
ES422,ES431,2020-2025,0.00011271159337411518,3574.9529795337535,9.340778332873903,217.36326624367342,6.520897987310197
ES422,ES431,2025-2030,0.0001092652881975314,3574.9530886632892,3.9780543417583796,781.3322925376003,23.439968776127884
ES422,ES613,2020-2025,1.2914817943965318e-06,983.1120396675758,0.07148611484996623,311.3544439259613,9.340633317778845
ES422,ES613,2025-2030,8.274755954224405e-06,983.1120478065794,0.20121605009424262,323.6242182272022,9.708726546816106
ES422,ES616,2020-2025,1.8399762211629422e-05,4066.5089044099723,0.8035884725913063,125.62781474736066,3.7688344424208386
ES422,ES616,2025-2030,2.9102746600008423e-05,4066.5089333769674,0.5583795249987469,86.899866745232,2.6069960023569605
ES423,ES424,2020-2025,2.3687259727012133e-05,4066.50890969747,1.0586942371073382,532.973362284454,15.989200868533736
ES423,ES424,2025-2030,2.6368443831189244e-05,4066.5089359301614,0.5177430125736988,3173.046035646808,95.19138106940443
ES423,ES425,2020-2025,0.0030322785050251664,0.0030322785050251664,209.32114253752658,0.012056323780455269,0.00036168971341365964
ES423,ES425,2025-2030,0.0005745261601415487,0.0036066689130494134,17.423196591611365,0.014292828620707554,0.00042878485862122743
ES423,ES523,2020-2025,1.9805322153843008e-05,3574.9528866274823,1.0914121832028387,1569.6415445338503,47.08924633601582
ES423,ES523,2025-2030,3.0495072324549282e-05,3574.9529169868024,0.7382620994321333,5916.3016187167395,177.48904856150185
ES425,ES431,2020-2025,0.002419522191283301,0.002419522191283301,206.93543633243047,0.009911442837981767,0.00029734328513945376
ES425,ES431,2025-2030,0.0006657765700406896,0.003085163009205867,25.015419147936175,0.013109996341167192,0.0003932998902350147
ES425,ES432,2020-2025,3.7533111481025117e-06,1613.1120421294052,0.26430549887859944,513.2771895652266,15.398315686956838
ES425,ES432,2025-2030,9.823518619917569e-07,1613.1120429760053,0.030390141481372146,932.104066228179,27.963121986845405
ES431,ES432,2020-2025,4.704279490397312e-06,11330.49421013578,0.21563469538521077,2988.5947093097643,89.65784127929248
ES431,ES432,2025-2030,0.000247314654424536,11330.49445731468,4.980229927107231,12306.63520510417,369.1990561531265
ES431,ES613,2020-2025,0.003762687308022699,0.003762687308022699,218.10532079679416,0.014956842324144856,0.0004487052697243442
ES431,ES613,2025-2030,0.0012790579059612668,0.005041609461866758,32.57109489348211,0.020835247154677907,0.0006250574146403381
ES431,ES615,2020-2025,0.003439987854042508,0.003439987854042508,198.9785559656958,0.01294347186350184,0.000388304155905054
ES431,ES615,2025-2030,0.0011583937758360102,0.004598245877761452,29.436054630434832,0.01768634692981852,0.0005305904078945523
ES431,ES618,2020-2025,6.792072963435203e-05,14158.938254164179,4.120089524349409,1275.0966652007864,38.252899956023676
ES431,ES618,2025-2030,2.7639808722203487e-07,14158.938254304825,0.007365688744355551,10137.61005689087,304.12830170672464
ES431,Portugal,2020-2025,0.0,1787.47643341108,0.0,3039.5059891889046,91.18517967566709
ES431,Portugal,2025-2030,0.0,1787.47643341108,0.0,4316.103579954257,129.48310739862882
ES432,ES616,2020-2025,1.0756022447822033e-05,1787.4764441671025,1.3261925202345306,2479.3672792820707,74.38101837846241
ES432,ES616,2025-2030,1.758081681005068e-05,1787.476461612167,0.9522871897259415,3824.3836263746525,114.73150879123892
ES432,Portugal,2020-2025,0.0,1787.47643341108,0.0,2623.445479838917,78.70336439516792
ES432,Portugal,2025-2030,0.0,1787.47643341108,0.0,3588.4817026889677,107.65445108066918
ES511,ES512,2020-2025,6.270343692449387e-05,7392.429362936677,1.878222149975269,12127.327771105984,363.8198331331824
ES511,ES512,2025-2030,6.563937319534614e-05,7392.429428440299,0.8637619249903311,11253.11700694433,337.59351020832776
ES511,ES513,2020-2025,7.811887553543784e-05,8094.653455104306,2.7355130804885404,14028.315516868197,420.8494655060446
ES511,ES513,2025-2030,0.00010621846994965515,8094.653561187024,1.6340181381014556,18069.62097105439,542.0886291316305
ES511,ES514,2020-2025,7.86235395935364e-05,15953.22724681744,3.873619418576666,21653.73633038787,649.612089911639
ES511,ES514,2025-2030,4.872839659946986e-05,15953.22729541008,1.0546794841761213,23585.824875278173,707.5747462583483
ES512,ES513,2020-2025,0.005259258607179644,0.005259258607179644,289.1777928398976,0.019935559215441635,0.0005980667764632502
ES512,ES513,2025-2030,3.719883963957223e-05,0.0052963216947020065,0.8985532607011966,0.018746598323918073,0.0005623979497175437
ES512,France,2020-2025,0.0,2859.96229345773,0.0,13526.48222292207,405.79446668766224
ES512,France,2025-2030,0.0,2859.96229345773,0.0,13936.061773263957,418.081853197918
ES513,ES514,2020-2025,5.668712663009501e-05,983.1120950632206,2.5150948507318223,27.235269960989395,0.8170580988296836
ES513,ES514,2025-2030,6.502818515151148e-06,983.1121014302869,0.12674930219583105,48.2739814365832,1.448219443097501
ES513,France,2020-2025,0.0,0.0,0.0,0.0,0.0
ES513,France,2025-2030,0.0,0.0,0.0,0.0,0.0
ES514,ES522,2020-2025,1.0057669896923471e-07,1787.4764335116568,0.005181081398923387,3017.704002009024,90.53112006027057
ES514,ES522,2025-2030,4.20594589194896e-06,1787.4764375818509,0.0951832958097135,3459.0720788524964,103.77216236557474
ES521,ES523,2020-2025,0.00015114772986635217,4066.50903715794,6.15683568534899,7268.643030720966,218.05929092162776
ES521,ES523,2025-2030,1.624386519461148e-05,4066.5090532660533,0.2906827970400624,8335.62308795817,250.06869263874432
ES521,ES620,2020-2025,4.493724918575026e-05,14478.559155566949,1.7845964061124517,1322.3639665519772,39.67091899655932
ES521,ES620,2025-2030,0.00032318614947910183,14478.559478617346,5.638457222651539,3331.836175959217,99.9550852787766
ES522,ES523,2020-2025,5.9093112213304266e-05,4896.438410058022,2.7183609567578366,1841.1988133522468,55.235964400567624
ES522,ES523,2025-2030,8.994556873899914e-06,4896.438418916828,0.18177077220013327,2748.884956775962,82.46654870327825
ES523,ES532,2020-2025,1500.0,1900.0,0.0,1925.908714258489,57.777261427754524
ES523,ES532,2025-2030,0.0,1900.0,0.0,2182.7829804114144,65.48348941234255
ES611,ES614,2020-2025,2.355459400860127e-07,2770.588472022716,0.007998118235118193,1180.6163178017835,35.41848953405331
ES611,ES614,2025-2030,1.0048717936462597e-05,2770.5884819356825,0.14989835681307634,1039.251193430358,31.17753580291077
ES611,ES620,2020-2025,8.959584738477133e-05,5362.429389829087,4.300790633004742,2719.748948587132,81.59246845761373
ES611,ES620,2025-2030,6.940696232869193e-05,5362.429459100297,1.4636508072230945,6058.603335946119,181.7581000783838
ES612,ES615,2020-2025,0.0038017878068534574,0.0038017878068534574,231.0831716235982,0.015223652302744821,0.000456709569082349
ES612,ES615,2025-2030,0.0008457247419675095,0.004647376796702613,22.58309708965968,0.018482810380530252,0.0005544843114159093
ES612,ES617,2020-2025,0.00015895006981736515,6524.28914090051,6.286434792163723,2849.4399477607603,85.48319843282249
ES612,ES617,2025-2030,6.636186298580127e-05,6524.289207126621,1.153018514237763,3344.664003386855,100.33992010160516
ES612,ES618,2020-2025,0.000357345032170997,9116.130167741541,14.52687210251297,4541.729077917366,136.25187233752112
ES612,ES618,2025-2030,0.00013934710547294852,9116.130306952893,2.4886070969173386,3593.7122304214795,107.81136691264427
ES613,ES614,2020-2025,0.002977339889283736,0.002977339889283736,190.08891661726727,0.010654679851710203,0.0003196403955513055
ES613,ES614,2025-2030,0.0007898502079214971,0.003767054345088689,22.153744141268515,0.014436174735690869,0.0004330852420707263
ES613,ES616,2020-2025,7.327800722123357e-05,6345.541411887337,3.5923032326604964,244.64696659615996,7.339408997884807
ES613,ES616,2025-2030,0.00011723336469490495,6345.541528984949,2.5247860845817556,447.8912536140158,13.436737608420424
ES613,ES617,2020-2025,2.740446234383853e-07,1787.4764336851247,0.014833221397336099,309.4088729224769,9.282266187674297
ES613,ES617,2025-2030,3.7707450507857187e-06,1787.4764373201174,0.08966343693609202,377.61720168078625,11.328516050423614
ES613,ES618,2020-2025,2.0881347154499963e-05,4066.508906891557,0.8514312348083041,259.4298550364688,7.782895651094068
ES613,ES618,2025-2030,1.897094451830609e-05,4066.50892572675,0.3398239923943814,621.0247288471771,18.630741865415224
ES614,ES616,2020-2025,3.321976578263275e-07,491.55601952024466,0.010995135985398181,1514.2209842297666,45.42662952689281
ES614,ES616,2025-2030,1.197147141466551e-05,491.55603135596397,0.17407066603880245,1910.2788196192514,57.30836458857736
ES614,ES617,2020-2025,0.00014057432917979895,2770.588612361499,8.188614225692872,2431.904186920713,72.95712560762173
ES614,ES617,2025-2030,2.558530811048695e-07,2770.5886124816006,0.006547402839572271,2630.1993234915612,78.90597970474705
ES614,ES620,2020-2025,0.0035296375119007167,0.0035296375119007167,252.30180363630882,0.015286873895091752,0.00045860621685275485
ES614,ES620,2025-2030,0.0007430618308249746,0.004272563590607789,23.334001499724412,0.019074732899666463,0.0005722419869899952
ES615,ES618,2020-2025,0.00018837697280105203,9466.129998773482,7.911778058763673,1702.079616786453,51.062388503593844
ES615,ES618,2025-2030,0.00028245183122030615,9466.13028108956,5.211523451851743,4768.591761119724,143.05775283359128
ES615,Portugal,2020-2025,0.0,1787.47643341108,0.0,1720.2341166546921,51.60702349964068
ES615,Portugal,2025-2030,0.0,1787.47643341108,0.0,3531.2104758608352,105.9363142758247
ES617,ES618,2020-2025,8.763070582062937e-06,983.1120471391646,0.3941672811683196,169.3273057305259,5.079819171915766
ES617,ES618,2025-2030,2.620241051395626e-06,983.1120496236534,0.05177731526033788,673.677009074185,20.210310272225684
EU,France,2020-2025,0.0,12200.0,0.0,65254.453896351224,1957.6336168905418
EU,France,2025-2030,1000.0,13900.0,0.0,74719.09875825477,2241.572962747637
EU,Italy,2020-2025,0.0,6300.0,0.0,18566.53027385205,556.9959082155608
EU,Italy,2025-2030,999.9999281425071,7899.999928142507,72266052.28376617,23712.7239117942,711.3817173538247
France,Italy,2020-2025,0.0,5100.0,0.0,26181.932856803374,785.4579857041002
France,Italy,2025-2030,0.0,6300.0,0.0,34755.01016032653,1042.6503048097918
ES113,ES111,2020-2025,1.6864532881299965e-07,1513.0000001686453,0.008604915758841316,3213.821828657557,96.41465485972697
ES113,ES111,2025-2030,0.00011483999440425546,1513.0001148728877,2.5741834184553563,3110.5590926084824,93.31677277825513
ES422,ES432,2020-2025,1.6553737168578664e-05,2140.000016553737,1.4881230248536395,2100.3321734242377,63.00996520272702
ES422,ES432,2025-2030,2.2111853475127935e-05,2140.0000385298385,0.8732567434939861,3037.272987166164,91.11818961498543
ES618,ES422,2020-2025,2.508346369722858e-06,1920.0000025083464,0.23890892213903211,966.8702792084257,29.006108376252783
ES618,ES422,2025-2030,8.326139637546978e-06,1920.0000106987338,0.3483875059548604,3769.4607763575045,113.08382329072505
ES213,France,2020-2025,0.0,0.0,0.0,0.0,0.0
ES213,France,2025-2030,0.0,2000.0,0.0,10205.393482952582,306.1618044885769
ES511,Italy,2020-2025,0.0,0.0,0.0,0.0,0.0
ES511,Italy,2025-2030,2000.0,2000.0,0.0,9226.55600417849,276.79668012535603
ES523,Italy,2020-2025,0.0,0.0,0.0,0.0,0.0
ES523,Italy,2025-2030,2000.0,2000.0,0.0,9726.384198895585,291.79152596686527
