date,hour,fr_mw,pt_mw,eufr_mw,fr_import_ntc_mw,fr_export_ntc_mw,pt_import_ntc_mw,pt_export_ntc_mw,price_es,price_fr,price_pt,price_eu
2024-08-20,0,3907.7,-694.0,-20200.0,3907.7,4807.8,7251.2,7279.8,15.91,15.41,16.41,50.56
2024-08-20,1,3906.3,-308.0,-20200.0,3906.3,4800.8,7248.4,7279.9,15.91,15.41,16.41,50.56
2024-08-20,2,3729.9,-1015.1,-20200.0,3901.7,4796.4,7246.5,7279.9,15.91,15.41,16.41,50.56
2024-08-20,3,2362.8,-747.4,-20200.0,3900.5,4794.6,7245.7,7280.0,15.91,15.41,16.41,50.56
2024-08-20,4,3612.2,-693.0,-20200.0,3901.8,4796.9,7246.7,7279.9,15.91,15.41,16.41,50.56
2024-08-20,5,295.3,-352.9,-20200.0,3903.6,4798.6,7247.4,7279.9,15.91,15.41,16.41,50.56
2024-08-20,6,3908.4,-1395.6,-20200.0,3908.4,4806.3,7250.9,7279.6,15.91,15.41,16.41,50.56
2024-08-20,7,3876.2,-171.6,-20200.0,3876.2,4824.2,7262.7,7275.9,15.91,15.41,16.41,50.56
2024-08-20,8,319.8,-1139.5,-8785.3,3796.9,4843.7,7271.2,7275.1,15.91,15.41,16.41,15.91
2024-08-20,9,-4853.1,209.3,0.0,3784.2,4853.1,7272.1,7275.7,11.94,15.41,11.44,15.41
2024-08-20,10,-4858.9,0.0,0.0,3812.7,4858.9,7273.1,7276.0,0.18,15.41,0.0,15.41
2024-08-20,11,-4864.0,0.0,0.0,3797.3,4864.0,7273.3,7276.7,0.18,15.41,0.0,15.41
2024-08-20,12,-4864.0,0.0,0.0,3815.5,4864.0,7271.6,7278.3,0.0,15.41,0.0,15.41
2024-08-20,13,-4860.0,0.0,0.0,3832.0,4860.0,7269.8,7279.3,0.0,15.41,0.0,15.41
2024-08-20,14,-4855.9,0.0,-18346.4,3838.7,4855.9,7268.6,7279.4,0.0,15.41,0.0,15.91
2024-08-20,15,-4853.3,0.0,-20200.0,3827.3,4853.3,7268.0,7279.4,0.18,15.41,0.0,50.56
2024-08-20,16,-4850.7,-1240.2,-20200.0,3827.1,4850.7,7267.3,7279.4,0.18,15.41,0.68,50.56
2024-08-20,17,-4848.0,-3038.0,-20200.0,3788.0,4848.0,7266.6,7279.4,11.94,15.41,12.44,50.56
2024-08-20,18,367.6,-5032.8,-20200.0,3857.9,4845.1,7265.3,7279.4,15.91,15.41,16.41,50.56
2024-08-20,19,2886.1,-539.2,-20200.0,3871.8,4853.3,7271.5,7274.5,15.91,15.41,16.41,50.56
2024-08-20,20,2862.1,-914.4,-20200.0,3869.5,4846.7,7266.7,7277.3,15.91,15.41,16.41,50.56
2024-08-20,21,2760.1,-1398.1,-20200.0,3872.7,4833.0,7259.8,7279.6,15.91,15.41,16.41,50.56
2024-08-20,22,2695.2,-380.5,-20200.0,3872.8,4819.9,7255.3,7279.7,15.91,15.41,16.41,50.56
2024-08-20,23,3909.9,-852.2,-20200.0,3909.9,4807.4,7250.7,7279.8,15.91,15.41,16.41,50.56
2024-08-21,0,0.0,0.0,-20200.0,3904.4,4795.6,7246.0,7280.0,15.41,15.41,15.91,15.91
2024-08-21,1,0.0,0.0,0.0,3919.6,4788.2,7242.7,7280.0,15.41,15.41,15.91,15.91
2024-08-21,2,0.0,0.0,-20200.0,3926.8,4784.9,7241.3,7280.1,15.41,15.41,15.91,15.91
2024-08-21,3,0.0,0.0,-20200.0,3930.3,4783.9,7240.9,7280.1,15.41,15.41,15.91,15.91
2024-08-21,4,0.0,-704.9,0.0,3929.0,4784.8,7241.3,7280.1,15.41,15.41,15.91,15.91
2024-08-21,5,0.0,-250.4,-2548.0,3934.5,4781.8,7240.0,7280.1,15.41,15.41,15.91,15.91
2024-08-21,6,0.0,0.0,0.0,3929.8,4783.3,7240.6,7280.1,15.41,15.41,15.91,15.91
2024-08-21,7,0.0,0.0,-442.5,3942.0,4796.5,7247.7,7280.0,15.41,15.41,15.91,15.91
2024-08-21,8,-4811.3,-1354.1,0.0,3829.0,4811.3,7255.7,7279.9,11.56,15.41,12.06,15.41
2024-08-21,9,-4823.5,-567.2,9931.4,3859.1,4823.5,7261.3,7279.8,0.18,15.41,0.68,14.91
2024-08-21,10,-4830.0,-122.1,1768.9,3860.8,4830.0,7264.3,7279.7,0.0,15.41,0.5,14.91
2024-08-21,11,-4837.3,-40.6,11036.2,3860.6,4837.3,7266.1,7279.6,0.0,15.41,0.5,14.91
2024-08-21,12,-4840.3,-129.9,2549.2,3890.1,4840.3,7266.7,7279.6,0.0,15.41,0.5,14.91
2024-08-21,13,-4836.6,-452.4,0.0,3897.9,4836.6,7265.9,7279.6,0.0,15.41,0.5,15.41
2024-08-21,14,-4833.2,-1150.4,0.0,3900.3,4833.2,7265.0,7279.7,0.0,15.41,0.5,15.91
2024-08-21,15,-4830.4,-2188.4,-671.5,3867.9,4830.4,7264.1,7279.7,0.0,15.41,0.5,15.91
2024-08-21,16,-4828.6,-3609.5,-20200.0,3862.4,4828.6,7263.4,7279.7,0.18,15.41,0.68,50.56
2024-08-21,17,-4829.0,-5302.2,-20200.0,3826.2,4829.0,7262.8,7279.7,11.56,15.41,12.06,63.95
2024-08-21,18,0.0,-1044.9,-20200.0,3867.9,4829.6,7261.3,7279.6,15.41,15.41,15.91,63.95
2024-08-21,19,-282.6,-1114.4,-20200.0,3886.5,4844.4,7268.6,7275.4,15.41,15.91,15.91,63.95
2024-08-21,20,-850.4,-975.1,-20200.0,3882.6,4844.7,7267.7,7276.2,15.41,15.91,15.91,58.69
2024-08-21,21,-781.7,-1615.2,-20200.0,3872.5,4832.5,7260.7,7278.9,15.41,15.91,15.91,50.56
2024-08-21,22,0.0,0.0,-20200.0,3882.7,4817.2,7254.4,7279.7,15.41,15.91,15.91,49.84
2024-08-21,23,0.0,0.0,-17901.6,3906.8,4803.5,7249.2,7279.9,15.41,15.91,15.91,16.41
2024-08-22,0,3904.5,-1779.3,-20200.0,3904.5,4794.3,7245.4,7280.0,114.76,63.45,115.26,63.95
2024-08-22,1,3912.3,-1225.5,-20200.0,3912.3,4790.0,7243.6,7280.0,114.76,63.45,115.26,63.95
2024-08-22,2,3917.7,-723.0,-20200.0,3917.7,4786.8,7242.2,7280.0,114.76,63.45,115.26,63.95
2024-08-22,3,3910.8,0.0,-5704.5,3910.8,4789.1,7243.3,7280.0,115.26,63.45,115.26,63.95
2024-08-22,4,3909.5,0.0,-6057.6,3909.5,4803.4,7251.4,7278.4,115.26,63.45,115.26,63.95
2024-08-22,5,3867.0,0.0,-18236.2,3867.0,4817.5,7262.0,7274.0,115.26,63.45,115.26,63.95
2024-08-22,6,3899.0,0.0,-20200.0,3899.0,4833.1,7272.1,7271.6,115.26,63.45,115.26,63.95
2024-08-22,7,3831.5,0.0,-20200.0,3831.5,4852.9,7284.5,7266.8,115.26,63.45,115.26,63.95
2024-08-22,8,3774.5,0.0,-20200.0,3774.5,4864.2,7285.3,7265.0,115.26,63.45,115.26,63.95
2024-08-22,9,3691.3,-2335.3,-9861.6,3691.3,4873.3,7285.4,7264.3,86.46,58.19,86.96,58.69
2024-08-22,10,-1150.7,-2211.4,-6102.8,3723.0,4881.3,7285.5,7263.9,49.56,50.06,50.06,50.56
2024-08-22,11,-4887.4,-1655.5,0.0,3766.8,4887.4,7285.6,7264.1,0.18,50.06,0.68,50.56
2024-08-22,12,-4886.5,-1502.0,0.0,3780.2,4886.5,7285.5,7265.4,0.0,50.06,0.5,50.56
2024-08-22,13,-4883.0,-1968.2,-11511.5,3793.3,4883.0,7285.4,7267.2,0.0,50.06,0.5,50.56
2024-08-22,14,-4881.3,-2793.3,-20200.0,3788.6,4881.3,7285.4,7267.0,0.18,63.45,0.68,63.95
2024-08-22,15,-4879.4,-3449.5,-20200.0,3764.2,4879.4,7285.4,7266.2,50.56,63.45,51.06,63.95
2024-08-22,16,2983.1,-4482.9,-20200.0,3714.1,4875.2,7285.4,7265.2,63.95,63.45,64.45,63.95
2024-08-22,17,3669.5,-4620.9,-20200.0,3669.5,4869.4,7285.3,7264.9,114.76,63.45,115.26,63.95
2024-08-22,18,3786.3,0.0,-20200.0,3786.3,4864.3,7285.3,7265.5,115.26,63.45,115.26,63.95
2024-08-22,19,3857.7,0.0,-16697.7,3857.7,4867.2,7285.4,7268.4,115.26,63.45,115.26,63.95
2024-08-22,20,3908.3,0.0,-20200.0,3908.3,4861.2,7285.1,7268.9,115.26,63.45,115.26,63.95
2024-08-22,21,3875.8,0.0,-20200.0,3875.8,4845.4,7275.7,7270.3,115.26,63.45,115.26,63.95
2024-08-22,22,3883.1,0.0,-20200.0,3883.1,4829.8,7267.8,7272.5,115.26,50.56,115.26,63.95
2024-08-22,23,3869.5,0.0,-20200.0,3869.5,4817.3,7258.5,7276.6,115.26,50.56,115.26,63.95
2024-08-23,0,3907.1,-722.0,-20200.0,3907.1,4808.6,7251.5,7279.8,114.76,15.41,115.26,63.95
2024-08-23,1,3908.0,-1444.6,-20200.0,3908.0,4803.4,7249.3,7279.9,114.76,15.41,115.26,63.95
2024-08-23,2,3905.4,-302.6,-20200.0,3905.4,4800.8,7248.3,7279.9,114.76,15.41,115.26,63.95
2024-08-23,3,3906.9,-329.7,-20200.0,3906.9,4801.7,7248.7,7279.9,114.76,15.41,115.26,63.95
2024-08-23,4,3888.4,-1273.0,-20200.0,3888.4,4812.8,7256.0,7277.4,114.76,50.56,115.26,63.95
2024-08-23,5,3872.7,-732.4,-20200.0,3872.7,4825.3,7265.3,7273.2,114.76,50.56,115.26,63.95
2024-08-23,6,3872.2,0.0,-20200.0,3872.2,4839.8,7275.2,7270.9,115.26,50.56,115.26,63.95
2024-08-23,7,3842.1,0.0,-20200.0,3842.1,4856.8,7285.2,7266.1,115.26,50.56,115.26,63.95
2024-08-23,8,3758.4,-4266.0,-20200.0,3758.4,4867.2,7285.3,7264.1,114.76,50.56,115.26,63.95
2024-08-23,9,3716.7,-3042.2,-20200.0,3716.7,4877.0,7285.4,7263.7,86.08,50.56,86.58,58.69
2024-08-23,10,-2381.3,-2464.2,-20200.0,3711.2,4884.8,7285.5,7264.0,50.06,50.56,50.56,58.69
2024-08-23,11,-4890.9,-2218.6,-20200.0,3767.9,4890.9,7285.6,7264.5,0.18,50.56,0.68,58.69
2024-08-23,12,-4890.0,-1958.3,-20200.0,3780.2,4890.0,7285.5,7266.8,0.0,50.56,0.5,58.69
2024-08-23,13,-4887.1,-2480.0,-20200.0,3790.7,4887.1,7285.1,7269.1,0.0,50.56,0.5,58.69
2024-08-23,14,-4886.8,-3214.8,-20200.0,3782.5,4886.8,7284.4,7269.3,0.18,50.56,0.68,63.95
2024-08-23,15,-4885.7,-4265.2,-20200.0,3759.5,4885.7,7284.3,7268.8,0.18,50.56,0.68,63.95
2024-08-23,16,-1285.2,-4617.1,-20200.0,3701.7,4882.3,7284.2,7268.1,58.69,59.19,59.19,63.95
2024-08-23,17,3675.3,-5644.2,-13397.2,3675.3,4876.0,7282.8,7268.2,86.08,63.45,86.58,63.95
2024-08-23,18,3770.9,-742.6,-20200.0,3770.9,4870.7,7282.1,7268.7,114.76,63.45,115.26,63.95
2024-08-23,19,3890.9,0.0,-19352.7,3890.9,4875.2,7285.4,7266.4,114.76,63.45,115.26,63.95
2024-08-23,20,3920.7,0.0,0.0,3920.7,4866.1,7279.4,7270.0,114.76,63.45,115.26,63.95
2024-08-23,21,3878.1,0.0,0.0,3878.1,4850.8,7270.9,7274.6,114.76,63.45,115.26,63.95
2024-08-23,22,3884.1,-1165.7,-20200.0,3884.1,4836.2,7262.4,7278.5,114.76,63.45,115.26,63.95
2024-08-23,23,3869.7,-1848.6,-20200.0,3869.7,4821.3,7255.7,7279.7,114.76,63.45,115.26,63.95
2024-08-24,0,3906.9,-3699.4,-19218.2,3906.9,4811.5,7252.1,7279.8,83.93,63.45,84.43,63.95
2024-08-24,1,3909.2,-3269.6,-5262.8,3909.2,4806.0,7250.2,7279.8,83.93,63.45,84.43,63.95
2024-08-24,2,3907.2,-3019.4,0.0,3907.2,4803.8,7249.4,7279.9,83.93,63.45,84.43,63.95
2024-08-24,3,3907.8,-3308.3,-19656.8,3907.8,4803.9,7249.4,7279.9,83.93,63.45,84.43,63.95
2024-08-24,4,3882.9,-661.4,-408.9,3882.9,4815.2,7255.5,7278.4,83.93,63.45,84.43,63.95
2024-08-24,5,3872.6,-1976.6,-20200.0,3872.6,4827.8,7264.1,7274.8,83.93,63.45,84.43,63.95
2024-08-24,6,3873.3,-254.3,-12592.7,3873.3,4841.9,7273.4,7271.1,83.93,63.45,84.43,63.95
2024-08-24,7,3833.5,-1244.0,-8810.7,3833.5,4858.8,7283.2,7267.4,83.93,63.45,84.43,63.95
2024-08-24,8,3761.7,-3019.8,-9917.3,3761.7,4871.0,7285.3,7266.2,83.93,63.45,84.43,63.95
2024-08-24,9,-3882.3,-3809.1,-20200.0,3717.4,4881.4,7285.4,7266.8,62.95,63.45,63.45,63.95
2024-08-24,10,-4888.8,-3637.4,-7887.2,3726.7,4888.8,7285.5,7267.3,22.0,63.45,22.5,63.95
2024-08-24,11,-4894.7,-3072.8,-12584.7,3770.4,4894.7,7285.4,7268.7,0.18,63.45,0.68,63.95
2024-08-24,12,-4893.1,-2626.0,-9443.1,3780.6,4893.1,7282.8,7271.0,0.0,63.45,0.5,63.95
2024-08-24,13,-4889.7,-2788.5,-19028.9,3793.8,4889.7,7280.0,7273.1,0.0,63.45,0.5,63.95
2024-08-24,14,-4888.7,-3136.3,-20200.0,3787.2,4888.7,7280.0,7272.8,0.18,63.45,0.68,63.95
2024-08-24,15,-4888.2,-4198.7,-7375.9,3771.6,4888.2,7280.8,7271.7,0.18,63.45,0.68,63.95
2024-08-24,16,-4883.5,-4569.2,-15567.0,3707.8,4883.5,7280.4,7271.1,58.69,63.45,59.19,63.95
2024-08-24,17,-3524.5,-5864.7,-13526.4,3676.6,4877.4,7278.9,7271.2,62.95,63.45,63.45,63.95
2024-08-24,18,3773.0,-3325.9,-18532.4,3773.0,4871.4,7278.4,7271.2,83.93,63.45,84.43,63.95
2024-08-24,19,3883.8,-841.0,0.0,3883.8,4877.4,7282.8,7268.1,83.93,63.45,84.43,63.95
2024-08-24,20,3889.4,-2325.1,0.0,3889.4,4866.0,7276.5,7271.9,83.93,63.45,84.43,63.95
2024-08-24,21,3872.1,-2186.6,-4972.5,3872.1,4849.5,7269.3,7275.7,83.93,63.45,84.43,63.95
2024-08-24,22,3879.5,-2128.2,-20200.0,3879.5,4833.2,7263.6,7276.7,83.93,63.45,84.43,63.95
2024-08-24,23,3877.0,-1914.2,-3403.7,3877.0,4818.3,7254.9,7279.7,83.93,63.45,84.43,63.95
2024-08-25,0,1747.2,-1840.7,-720.0,3908.8,4808.5,7251.1,7279.8,63.95,63.45,64.45,63.95
2024-08-25,1,3630.0,-3277.1,-20200.0,3906.3,4803.3,7249.1,7279.9,63.95,63.45,64.45,63.95
2024-08-25,2,3904.4,-3134.8,-20200.0,3904.4,4801.3,7248.4,7279.9,63.95,63.45,64.45,63.95
2024-08-25,3,3667.0,-1614.0,-3288.5,3905.7,4802.5,7248.8,7279.9,63.95,63.45,64.45,63.95
2024-08-25,4,3894.1,-1516.2,-20200.0,3894.1,4813.6,7253.3,7279.7,63.95,63.45,64.45,63.95
2024-08-25,5,1132.2,-1385.0,0.0,3872.8,4827.3,7262.5,7276.0,63.95,63.45,64.45,63.95
2024-08-25,6,3884.5,-1160.6,-10541.1,3884.5,4840.4,7271.2,7272.3,63.95,63.45,64.45,63.95
2024-08-25,7,3794.0,-3819.0,-7572.2,3794.0,4855.1,7279.5,7269.5,63.95,63.45,64.45,63.95
2024-08-25,8,3270.2,-4157.7,-2984.0,3755.6,4868.8,7283.6,7267.5,63.95,63.45,64.45,63.95
2024-08-25,9,-4881.0,-3350.3,-12893.1,3686.9,4881.0,7283.2,7268.6,47.98,63.45,48.48,63.95
2024-08-25,10,-4889.4,-2326.0,-3906.1,3745.1,4889.4,7281.8,7270.6,0.18,63.45,0.68,63.95
2024-08-25,11,-4894.6,-1591.6,0.0,3783.5,4894.6,7281.8,7271.3,0.18,63.45,0.68,63.95
2024-08-25,12,-4892.0,-1271.7,0.0,3805.1,4892.0,7280.1,7272.9,0.0,63.45,0.5,63.95
2024-08-25,13,-4887.6,-1543.8,-12902.7,3796.3,4887.6,7278.6,7274.0,0.0,63.45,0.5,63.95
2024-08-25,14,-4886.3,-2057.5,-20200.0,3791.4,4886.3,7279.1,7273.4,0.18,63.45,0.68,63.95
2024-08-25,15,-4885.0,-3295.4,-20200.0,3773.8,4885.0,7280.0,7272.1,0.18,63.45,0.68,63.95
2024-08-25,16,-4881.5,-4672.7,-18311.4,3709.9,4881.5,7279.7,7271.5,47.98,63.45,48.48,63.95
2024-08-25,17,-3468.1,-5450.7,0.0,3689.6,4876.0,7278.4,7271.6,62.95,63.45,63.45,63.95
2024-08-25,18,2421.1,-1051.9,0.0,3758.7,4872.1,7279.3,7270.6,63.95,63.45,64.45,63.95
2024-08-25,19,3675.3,-1476.5,-20200.0,3885.3,4877.9,7284.0,7267.5,63.95,63.45,64.45,63.95
2024-08-25,20,3916.0,-1614.4,-8819.9,3916.0,4864.9,7277.5,7271.2,63.95,63.45,64.45,63.95
2024-08-25,21,3873.9,-214.5,-18347.0,3873.9,4849.9,7270.5,7274.8,63.95,63.45,64.45,63.95
2024-08-25,22,3888.9,-117.2,-20200.0,3888.9,4836.5,7264.4,7277.0,63.95,63.45,64.45,63.95
2024-08-25,23,3864.8,-4841.3,-7504.1,3864.8,4822.4,7256.2,7279.7,63.95,63.45,64.45,63.95
2024-08-26,0,3904.6,-1875.9,-18225.4,3904.6,4812.6,7252.6,7279.8,114.76,63.45,115.26,63.95
2024-08-26,1,3909.6,-2194.8,-20200.0,3909.6,4807.0,7250.5,7279.8,114.76,63.45,115.26,63.95
2024-08-26,2,3906.0,-2542.5,-20200.0,3906.0,4803.5,7249.1,7279.9,114.76,63.45,115.26,63.95
2024-08-26,3,3906.7,-3133.5,-20200.0,3906.7,4804.0,7249.3,7279.9,114.76,63.45,115.26,63.95
2024-08-26,4,3889.5,-1347.0,-20200.0,3889.5,4815.1,7253.7,7279.7,114.76,63.45,115.26,63.95
2024-08-26,5,3872.6,-345.7,-20200.0,3872.6,4829.3,7263.0,7276.2,114.76,63.45,115.26,63.95
2024-08-26,6,3879.2,-150.1,-20200.0,3879.2,4841.4,7272.0,7272.0,114.76,63.45,115.26,63.95
2024-08-26,7,3833.7,-415.7,-20200.0,3833.7,4858.2,7282.0,7268.2,114.76,63.45,115.26,63.95
2024-08-26,8,3761.2,-2109.1,-15157.1,3761.2,4870.3,7285.3,7266.4,114.76,63.45,115.26,63.95
2024-08-26,9,3699.3,-2586.8,-7170.3,3699.3,4877.6,7285.4,7265.4,58.69,50.06,59.19,50.56
2024-08-26,10,-3397.4,-2478.9,0.0,3709.3,4885.4,7285.5,7266.1,49.56,50.06,50.06,50.56
2024-08-26,11,-4890.5,-1943.0,0.0,3772.1,4890.5,7285.5,7266.8,0.18,50.06,0.68,50.56
2024-08-26,12,-4888.2,-1621.6,-5544.3,3784.8,4888.2,7285.5,7268.7,0.0,50.06,0.5,50.56
2024-08-26,13,-4883.0,-1953.0,-5593.2,3799.8,4883.0,7281.8,7271.3,0.0,50.06,0.5,50.56
2024-08-26,14,-4882.2,-2737.8,-10597.2,3794.6,4882.2,7280.8,7271.8,0.18,58.19,0.68,58.69
2024-08-26,15,-4880.5,-3811.4,-20200.0,3778.9,4880.5,7280.9,7271.2,0.18,63.45,0.68,63.95
2024-08-26,16,-761.3,-4461.3,-20200.0,3709.2,4876.4,7281.3,7269.9,62.95,63.45,63.45,63.95
2024-08-26,17,3702.9,-6171.0,-20200.0,3702.9,4872.0,7281.5,7268.9,86.08,63.45,86.58,63.95
2024-08-26,18,3763.7,-2007.9,-20200.0,3763.7,4867.1,7282.5,7268.2,114.76,63.45,115.26,63.95
2024-08-26,19,3884.6,0.0,-20200.0,3884.6,4869.4,7285.4,7267.6,115.26,63.45,115.26,63.95
2024-08-26,20,3907.5,-77.6,-20200.0,3907.5,4858.6,7281.2,7268.7,114.76,63.45,115.26,63.95
2024-08-26,21,3874.4,0.0,-20200.0,3874.4,4841.9,7273.0,7271.4,114.76,63.45,115.26,63.95
2024-08-26,22,3878.3,0.0,-15220.7,3878.3,4829.5,7266.3,7273.5,114.76,63.45,115.26,63.95
2024-08-26,23,3872.7,0.0,-20200.0,3872.7,4815.7,7259.0,7275.9,114.76,63.45,115.26,63.95
2025-06-24,0,3864.8,-1956.9,0.0,3864.8,4818.0,7259.5,7276.0,57.54,15.41,58.04,15.41
2025-06-24,1,3897.5,-1861.2,0.0,3897.5,4810.6,7254.7,7277.8,57.54,15.41,58.04,15.41
2025-06-24,2,3908.0,-1817.1,0.0,3908.0,4806.0,7252.0,7278.7,57.54,15.41,58.04,15.41
2025-06-24,3,3909.8,-1746.2,0.0,3909.8,4803.0,7250.5,7279.0,57.54,15.41,58.04,15.41
2025-06-24,4,3907.5,-4537.6,0.0,3907.5,4800.5,7249.2,7279.2,57.54,15.41,58.04,15.41
2025-06-24,5,3909.7,-2574.9,0.0,3909.7,4801.7,7251.4,7277.8,57.54,15.41,58.04,15.41
2025-06-24,6,3892.9,-1391.4,0.0,3892.9,4813.0,7260.1,7274.6,57.54,15.41,58.04,15.41
2025-06-24,7,3828.0,-1215.6,0.0,3828.0,4832.8,7273.3,7270.7,57.54,15.41,58.04,15.41
2025-06-24,8,3735.2,-3216.0,20200.0,3735.2,4850.4,7280.8,7268.7,57.54,15.41,58.04,0.0
2025-06-24,9,3754.1,-2947.8,20200.0,3754.1,4860.5,7281.7,7268.8,43.16,15.41,43.66,0.0
2025-06-24,10,0.0,-2567.4,19155.6,3792.8,4868.6,7283.2,7268.8,0.18,0.5,0.68,0.0
2025-06-24,11,0.0,-2289.3,20200.0,3742.7,4874.5,7283.2,7269.5,0.0,0.5,0.5,0.0
2025-06-24,12,0.0,-1907.7,20200.0,3833.9,4875.5,7281.2,7271.4,0.0,0.5,0.5,0.0
2025-06-24,13,0.0,-1908.7,14232.0,3839.1,4872.7,7278.5,7273.5,0.0,0.5,0.5,0.0
2025-06-24,14,0.0,-1936.4,20200.0,3802.0,4869.6,7275.8,7275.3,0.0,0.5,0.5,0.0
2025-06-24,15,-4867.5,-3024.0,7498.0,3796.3,4867.5,7274.6,7275.6,0.18,15.41,0.68,14.91
2025-06-24,16,-2243.2,-4694.5,0.0,3807.0,4865.5,7273.8,7275.5,14.91,15.41,15.41,15.41
2025-06-24,17,3711.3,-6090.3,0.0,3711.3,4862.1,7273.8,7274.6,43.16,15.41,43.66,15.41
2025-06-24,18,3819.9,-5006.6,-4256.1,3819.9,4858.6,7273.5,7274.3,57.54,15.41,58.04,15.91
2025-06-24,19,3863.5,-1916.7,-5067.0,3863.5,4855.7,7275.2,7272.3,57.54,15.41,58.04,15.91
2025-06-24,20,3892.7,-2252.0,-3889.4,3892.7,4855.5,7275.9,7271.5,57.54,15.41,58.04,15.91
2025-06-24,21,3872.2,-1025.9,-3174.5,3872.2,4845.3,7270.6,7273.9,57.54,15.41,58.04,15.91
2025-06-24,22,3880.3,-1815.4,0.0,3880.3,4831.9,7265.2,7275.1,57.54,15.41,58.04,15.41
2025-06-24,23,3865.2,-1462.2,0.0,3865.2,4819.3,7259.0,7276.7,57.54,15.41,58.04,15.41
2025-06-25,0,3907.5,-2797.8,0.0,3907.5,4807.0,7252.0,7279.0,56.31,15.41,56.81,15.41
2025-06-25,1,3905.8,-997.6,0.0,3905.8,4799.7,7248.0,7279.9,56.31,15.41,56.81,15.41
2025-06-25,2,3901.1,-2165.3,0.0,3901.1,4794.9,7245.9,7279.9,56.31,15.41,56.81,15.41
2025-06-25,3,3899.9,-1963.5,0.0,3899.9,4792.7,7244.9,7279.9,56.31,15.41,56.81,15.41
2025-06-25,4,3910.1,-1907.3,0.0,3910.1,4787.7,7242.7,7280.0,56.31,15.41,56.81,15.41
2025-06-25,5,3916.7,-2244.7,0.0,3916.7,4785.0,7241.5,7280.0,56.31,15.41,56.81,15.41
2025-06-25,6,3940.3,-893.4,0.0,3940.3,4795.2,7246.4,7279.9,56.31,15.41,56.81,15.41
2025-06-25,7,3915.0,-1416.5,13863.7,3915.0,4809.9,7255.2,7278.8,56.31,15.41,56.81,14.91
2025-06-25,8,3793.3,-4154.9,20200.0,3793.3,4826.7,7266.0,7277.0,42.24,15.41,42.74,0.0
2025-06-25,9,2836.1,-3313.8,20200.0,3837.9,4837.8,7270.3,7276.3,15.91,15.41,16.41,0.0
2025-06-25,10,-1850.2,-2761.1,20200.0,3825.2,4844.7,7272.0,7276.1,14.91,15.41,15.41,0.0
2025-06-25,11,-4852.8,-2427.8,20200.0,3813.9,4852.8,7274.5,7274.8,0.18,15.41,0.68,0.0
2025-06-25,12,-4856.6,-2200.7,20200.0,3819.1,4856.6,7274.8,7275.0,0.18,15.41,0.68,0.0
2025-06-25,13,-4853.8,-2120.4,20200.0,3824.0,4853.8,7271.3,7277.6,0.18,15.41,0.68,0.0
2025-06-25,14,-4850.7,-2446.3,20200.0,3820.1,4850.7,7268.9,7279.0,0.18,15.41,0.68,0.0
2025-06-25,15,-4846.1,-2842.6,6313.6,3828.8,4846.1,7267.1,7279.5,0.18,15.41,0.68,14.91
2025-06-25,16,280.9,-3513.5,0.0,3806.7,4841.8,7266.5,7279.5,15.91,15.41,16.41,15.41
2025-06-25,17,3760.5,-4984.2,0.0,3760.5,4839.5,7268.1,7277.5,42.24,15.41,42.74,15.41
2025-06-25,18,3864.6,-1978.8,0.0,3864.6,4839.2,7269.7,7275.3,56.31,15.41,56.81,15.41
2025-06-25,19,3817.8,-1215.3,-5511.5,3817.8,4840.7,7274.3,7270.6,56.31,15.41,56.81,15.91
2025-06-25,20,3879.5,-1052.8,-8439.8,3879.5,4844.4,7279.2,7271.1,56.31,15.41,56.81,15.91
2025-06-25,21,3890.3,-2010.8,-7361.2,3890.3,4836.9,7272.1,7271.2,56.31,15.41,56.81,15.91
2025-06-25,22,3872.8,-2229.5,-32.4,3872.8,4821.4,7266.7,7272.9,56.31,15.41,56.81,15.91
2025-06-25,23,3882.7,-660.5,-4581.1,3882.7,4811.2,7259.2,7274.5,56.31,15.41,56.81,15.91
2025-06-26,0,3909.2,0.0,-20200.0,3909.2,4802.9,7252.4,7277.4,114.76,50.56,115.26,54.48
2025-06-26,1,3906.5,0.0,-20200.0,3906.5,4799.4,7248.7,7279.3,114.76,50.56,115.26,54.48
2025-06-26,2,3905.5,-3019.6,-20200.0,3905.5,4799.2,7247.8,7279.9,114.76,50.56,115.26,54.48
2025-06-26,3,3908.9,-351.4,-20200.0,3908.9,4803.7,7249.5,7279.8,114.76,50.56,115.26,54.48
2025-06-26,4,3866.1,0.0,-20200.0,3866.1,4818.9,7258.1,7277.4,114.76,50.56,115.26,54.48
2025-06-26,5,3893.1,-1836.4,-20200.0,3893.1,4836.9,7271.3,7271.5,114.76,50.56,115.26,54.48
2025-06-26,6,3868.0,0.0,-20200.0,3868.0,4852.7,7283.5,7269.2,114.76,50.56,115.26,54.48
2025-06-26,7,3795.4,-3000.8,-20200.0,3795.4,4863.1,7285.4,7264.1,114.76,50.56,115.26,54.48
2025-06-26,8,3772.4,-1557.2,-891.0,3772.4,4875.5,7285.5,7263.1,114.76,50.56,115.26,51.06
2025-06-26,9,3643.4,-3249.9,0.0,3643.4,4885.0,7285.5,7264.0,86.08,50.56,86.58,50.56
2025-06-26,10,-1286.6,-2359.1,2675.2,3676.8,4890.8,7285.6,7263.8,50.06,50.56,50.56,50.06
2025-06-26,11,-4897.3,-1692.4,0.0,3701.9,4897.3,7285.7,7265.6,0.18,50.56,0.68,50.06
2025-06-26,12,-4897.8,-1099.8,0.0,3774.3,4897.8,7285.0,7268.8,0.18,50.56,0.68,50.06
2025-06-26,13,-4895.6,-1585.5,0.0,3788.8,4895.6,7283.2,7270.1,0.18,50.56,0.68,50.56
2025-06-26,14,-4895.7,-1967.1,-20200.0,3732.6,4895.7,7283.3,7269.8,0.18,53.98,0.68,54.48
2025-06-26,15,-4894.8,-2941.6,-20200.0,3704.4,4894.8,7285.1,7268.1,0.18,53.98,0.68,54.48
2025-06-26,16,178.4,-3681.3,0.0,3678.6,4888.5,7285.5,7266.7,54.48,53.98,54.98,54.48
2025-06-26,17,3692.9,-4908.1,-14997.7,3692.9,4880.6,7285.5,7265.2,86.08,53.98,86.58,54.48
2025-06-26,18,3769.1,-1204.0,-3878.7,3769.1,4871.9,7285.4,7265.2,114.76,53.98,115.26,54.48
2025-06-26,19,3849.3,0.0,-9526.0,3849.3,4863.0,7285.4,7267.3,114.76,53.98,115.26,54.48
2025-06-26,20,3906.2,-2217.4,-10620.7,3906.2,4858.7,7285.3,7270.4,114.76,53.98,115.26,54.48
2025-06-26,21,3884.3,-169.6,-20200.0,3884.3,4845.2,7280.7,7271.6,114.76,53.98,115.26,54.48
2025-06-26,22,3883.2,-1810.0,0.0,3883.2,4834.9,7275.2,7272.4,114.76,53.98,115.26,54.48
2025-06-26,23,3872.7,-7273.2,-18474.6,3872.7,4821.7,7267.5,7273.2,114.76,53.98,115.26,54.48
2025-06-27,0,3870.8,-2025.4,-6912.9,3870.8,4813.0,7261.5,7273.7,56.31,53.98,56.81,54.48
2025-06-27,1,3893.5,-1859.3,-14097.6,3893.5,4808.2,7258.1,7274.6,56.31,53.98,56.81,54.48
2025-06-27,2,3900.0,-1617.0,-20200.0,3900.0,4807.2,7256.8,7275.3,56.31,53.98,56.81,54.48
2025-06-27,3,3891.6,-1486.1,-20200.0,3891.6,4809.4,7257.8,7275.0,56.31,53.98,56.81,54.48
2025-06-27,4,3873.0,-634.8,0.0,3873.0,4820.8,7265.0,7272.9,56.31,53.98,56.81,54.48
2025-06-27,5,3877.4,-1343.1,-19913.9,3877.4,4837.5,7275.0,7271.5,56.31,53.98,56.81,54.48
2025-06-27,6,3870.2,-172.1,-18267.3,3870.2,4855.5,7285.2,7268.8,56.31,53.98,56.81,54.48
2025-06-27,7,3775.6,991.9,-1970.5,3775.6,4866.7,7285.4,7263.5,56.31,53.98,55.81,54.48
2025-06-27,8,2854.6,0.0,-10361.4,3764.9,4879.6,7285.5,7263.8,54.48,53.98,54.98,54.48
2025-06-27,9,-4889.0,-1826.3,-5321.3,3663.2,4889.0,7285.5,7266.7,42.24,53.98,42.74,54.48
2025-06-27,10,-4897.1,-689.3,-20200.0,3687.7,4897.1,7283.5,7269.1,0.18,53.98,0.68,54.48
2025-06-27,11,-4903.0,0.0,-20200.0,3689.7,4903.0,7279.1,7273.2,0.18,53.98,0.0,54.48
2025-06-27,12,-4901.0,0.0,-2957.8,3788.5,4901.0,7273.1,7278.3,0.18,53.98,0.0,54.48
2025-06-27,13,-4898.8,0.0,-20200.0,3791.7,4898.8,7271.9,7278.9,0.18,53.98,0.0,54.48
2025-06-27,14,-4899.2,0.0,-20200.0,3746.9,4899.2,7271.5,7278.9,0.18,53.98,0.0,54.48
2025-06-27,15,-4899.4,0.0,-20200.0,3704.1,4899.4,7271.1,7278.9,0.18,53.98,0.0,54.48
2025-06-27,16,-4894.2,-965.4,-20200.0,3710.3,4894.2,7270.3,7278.9,0.18,53.98,0.68,54.48
2025-06-27,17,-4888.1,-2701.2,-20200.0,3688.6,4888.1,7269.4,7279.0,0.18,53.98,0.68,54.48
2025-06-27,18,-4881.5,-4823.4,-20200.0,3777.2,4881.5,7268.5,7279.0,42.24,53.98,42.74,54.48
2025-06-27,19,597.3,-4588.1,-16528.7,3862.3,4875.6,7269.2,7278.1,54.48,53.98,54.98,54.48
2025-06-27,20,1770.6,-2363.8,-20200.0,3890.5,4870.4,7270.4,7276.8,54.48,53.98,54.98,54.48
2025-06-27,21,834.2,-2590.7,-20200.0,3875.1,4854.9,7265.1,7279.3,54.48,53.98,54.98,54.48
2025-06-27,22,0.0,-3317.7,-15181.0,3855.0,4845.0,7262.7,7279.5,54.48,53.98,54.98,54.48
2025-06-27,23,0.0,-4642.3,-11411.8,3908.2,4832.8,7259.0,7279.6,54.48,53.98,54.98,54.48
2025-06-28,0,-4823.4,-1138.7,-20200.0,3905.7,4823.4,7255.7,7279.7,0.23,15.41,0.73,54.48
2025-06-28,1,-4818.9,-898.0,-20200.0,3906.0,4818.9,7254.2,7279.8,0.23,15.41,0.73,54.48
2025-06-28,2,-4816.9,-145.4,-20200.0,3907.1,4816.9,7253.5,7279.8,0.23,15.41,0.73,54.48
2025-06-28,3,-4818.2,0.0,-20200.0,3906.1,4818.2,7253.9,7279.8,0.23,15.41,0.68,54.48
2025-06-28,4,-4830.5,0.0,-20200.0,3914.4,4830.5,7258.2,7279.6,0.23,15.41,0.68,54.48
2025-06-28,5,-4846.2,0.0,-20200.0,3860.5,4846.2,7263.0,7279.4,0.23,15.41,0.68,54.48
2025-06-28,6,-4861.8,0.0,-20200.0,3858.0,4861.8,7266.5,7279.2,0.23,15.41,0.68,54.48
2025-06-28,7,-4876.7,0.0,-20200.0,3771.0,4876.7,7268.3,7279.1,0.23,15.41,0.68,54.48
2025-06-28,8,-4886.5,-730.0,-20200.0,3773.0,4886.5,7269.1,7279.0,0.18,15.41,0.68,54.48
2025-06-28,9,-4892.0,0.0,-20200.0,3674.5,4892.0,7269.8,7278.9,0.18,15.41,0.0,54.48
2025-06-28,10,-4896.8,0.0,-20200.0,3696.0,4896.8,7270.7,7278.9,0.18,15.41,0.0,54.48
2025-06-28,11,-4900.3,0.0,-20200.0,3705.7,4900.3,7270.8,7278.9,0.18,15.41,0.0,54.48
2025-06-28,12,-4894.9,0.0,-20200.0,3751.6,4894.9,7269.8,7279.0,0.18,15.41,0.0,54.48
2025-06-28,13,-4891.3,0.0,-20200.0,3739.9,4891.3,7269.0,7279.0,0.18,15.41,0.0,54.48
2025-06-28,14,-4891.3,0.0,-20200.0,3724.7,4891.3,7268.9,7279.0,0.18,15.41,0.0,54.48
2025-06-28,15,-4891.3,0.0,-20200.0,3710.6,4891.3,7268.9,7279.0,0.18,15.41,0.0,54.48
2025-06-28,16,-4885.5,0.0,-20200.0,3688.8,4885.5,7268.0,7279.1,0.18,15.41,0.0,54.48
2025-06-28,17,-4881.6,0.0,-20200.0,3715.9,4881.6,7267.3,7279.1,0.18,15.41,0.68,54.48
2025-06-28,18,-4875.4,-2090.5,-20200.0,3801.5,4875.4,7266.4,7279.2,0.18,15.41,0.68,54.48
2025-06-28,19,-4869.4,-1847.0,-20200.0,3850.0,4869.4,7266.0,7279.2,0.18,15.41,0.68,54.48
2025-06-28,20,-4865.2,-1266.1,-20200.0,3905.0,4865.2,7265.8,7279.2,0.23,15.41,0.73,54.48
2025-06-28,21,-4849.5,-1617.9,-20200.0,3863.1,4849.5,7262.7,7279.4,0.23,15.41,0.73,54.48
2025-06-28,22,-4839.1,-955.0,-20200.0,3886.3,4839.1,7260.7,7279.5,0.23,15.41,0.73,54.48
2025-06-28,23,-4827.7,-359.4,-20200.0,3910.2,4827.7,7257.2,7279.7,0.23,15.41,0.73,54.48
2025-06-29,0,-4818.0,-469.6,-20200.0,3907.5,4818.0,7253.8,7279.8,0.23,15.41,0.73,54.48
2025-06-29,1,-4813.3,-173.1,-20200.0,3909.1,4813.3,7252.2,7279.8,0.23,15.41,0.73,54.48
2025-06-29,2,-4810.7,-114.9,-20200.0,3907.3,4810.7,7251.3,7279.9,0.23,15.41,0.73,54.48
2025-06-29,3,-4812.0,-238.3,-20200.0,3909.8,4812.0,7251.8,7279.8,0.23,15.41,0.73,54.48
2025-06-29,4,-4820.3,-565.5,-20200.0,3905.8,4820.3,7254.8,7279.7,0.23,15.41,0.73,54.48
2025-06-29,5,-4833.4,-370.2,-20200.0,3892.7,4833.4,7259.8,7279.6,0.23,15.41,0.73,54.48
2025-06-29,6,-4375.4,744.2,-20200.0,3852.6,4847.1,7266.7,7277.6,14.91,15.41,14.41,54.48
2025-06-29,7,-4859.0,0.0,-20200.0,3820.2,4859.0,7267.8,7278.6,0.23,15.41,0.73,54.48
2025-06-29,8,-4868.4,-779.6,-20200.0,3714.5,4868.4,7268.4,7279.2,0.18,15.41,0.68,54.48
2025-06-29,9,-4874.1,0.0,-20200.0,3712.0,4874.1,7269.3,7279.1,0.18,15.41,0.0,54.48
2025-06-29,10,-4880.4,0.0,-20200.0,3750.2,4880.4,7269.8,7279.1,0.18,15.41,0.0,54.48
2025-06-29,11,-4884.5,0.0,-20200.0,3830.9,4884.5,7269.9,7279.1,0.0,15.41,0.0,54.48
2025-06-29,12,-4879.9,0.0,-20200.0,3842.3,4879.9,7268.8,7279.2,0.0,15.41,0.0,54.48
2025-06-29,13,-4876.0,0.0,-20200.0,3852.1,4876.0,7268.1,7279.2,0.0,15.41,0.0,54.48
2025-06-29,14,-4875.7,0.0,-20200.0,3817.9,4875.7,7268.0,7279.2,0.0,15.41,0.0,54.48
2025-06-29,15,-4875.1,0.0,-20200.0,3762.6,4875.1,7268.1,7279.2,0.18,15.41,0.0,54.48
2025-06-29,16,-4871.0,0.0,-20200.0,3739.8,4871.0,7267.6,7279.2,0.18,15.41,0.0,54.48
2025-06-29,17,-4866.8,-906.3,-20200.0,3761.2,4866.8,7266.9,7279.3,0.18,15.41,0.68,54.48
2025-06-29,18,-4861.5,-2971.3,-20200.0,3837.3,4861.5,7266.0,7279.3,0.18,15.41,0.68,54.48
2025-06-29,19,-4858.1,-303.6,-20200.0,3826.5,4858.1,7265.4,7279.3,0.23,15.41,0.73,54.48
2025-06-29,20,-4854.5,-1642.9,-20200.0,3872.8,4854.5,7264.9,7279.3,0.23,15.41,0.73,54.48
2025-06-29,21,-4839.8,-1278.6,-20200.0,3872.3,4839.8,7261.4,7279.5,0.23,15.41,0.73,54.48
2025-06-29,22,-4829.4,-622.1,-20200.0,3911.2,4829.4,7258.2,7279.6,0.23,15.41,0.73,54.48
2025-06-29,23,-4817.3,-535.7,-20200.0,3906.0,4817.3,7253.8,7279.8,0.23,15.41,0.73,54.48
2025-06-30,0,-4809.5,-1652.4,-20200.0,3907.8,4809.5,7251.0,7279.9,14.91,15.41,15.41,54.48
2025-06-30,1,-4806.0,-1853.9,-20200.0,3903.6,4806.0,7249.7,7279.9,14.91,15.41,15.41,54.48
2025-06-30,2,-3921.8,-973.6,-20200.0,3902.7,4804.7,7249.3,7279.9,14.91,15.41,15.41,54.48
2025-06-30,3,-3640.0,-1278.6,-20200.0,3904.8,4806.2,7249.9,7279.9,14.91,15.41,15.41,54.48
2025-06-30,4,-2292.7,-1133.0,-20200.0,3905.9,4817.1,7253.7,7279.8,14.91,15.41,15.41,54.48
2025-06-30,5,-1850.4,-1046.5,-20200.0,3897.9,4831.6,7259.2,7279.6,14.91,15.41,15.41,54.48
2025-06-30,6,-1915.4,-264.1,-20200.0,3840.7,4844.0,7266.0,7277.7,14.91,15.41,15.41,54.48
2025-06-30,7,-372.2,-1858.8,-20200.0,3821.5,4856.7,7270.2,7276.5,14.91,15.41,15.41,54.48
2025-06-30,8,-4865.7,-2204.6,-20200.0,3718.9,4865.7,7270.5,7277.3,11.19,15.41,11.69,49.84
2025-06-30,9,-4870.8,-1405.2,-1064.4,3714.6,4870.8,7269.9,7278.9,0.18,15.41,0.68,15.91
2025-06-30,10,-4873.6,-534.9,0.0,3796.7,4873.6,7273.4,7276.8,0.18,15.41,0.68,15.41
2025-06-30,11,-4875.1,0.0,0.0,3783.5,4875.1,7272.4,7278.1,0.18,15.41,0.0,15.41
2025-06-30,12,-4869.1,0.0,0.0,3811.0,4869.1,7270.2,7279.2,0.0,15.41,0.0,15.41
2025-06-30,13,-4864.9,0.0,-15159.1,3801.8,4864.9,7269.0,7279.3,0.0,15.41,0.0,15.91
2025-06-30,14,-4863.6,0.0,-20200.0,3783.7,4863.6,7268.5,7279.3,0.0,15.41,0.0,50.56
2025-06-30,15,-4863.2,-30.5,-20200.0,3778.0,4863.2,7267.8,7279.3,0.18,15.41,0.68,54.48
2025-06-30,16,-4859.5,-608.4,-20200.0,3741.6,4859.5,7266.8,7279.4,0.18,15.41,0.68,54.48
2025-06-30,17,-4857.2,-2104.4,-20200.0,3750.6,4857.2,7266.2,7279.4,0.18,15.41,0.68,54.48
2025-06-30,18,-4519.5,-4185.4,-20200.0,3848.2,4853.7,7265.2,7279.4,14.91,15.41,15.41,54.48
2025-06-30,19,-984.0,-347.3,-20200.0,3824.0,4849.8,7264.3,7279.4,14.91,15.41,15.41,54.48
2025-06-30,20,0.0,-385.9,-20200.0,3892.7,4845.0,7263.6,7279.4,14.91,15.41,15.41,54.48
2025-06-30,21,0.0,-744.3,-20200.0,3873.0,4830.2,7258.7,7279.6,14.91,15.41,15.41,54.48
2025-06-30,22,-4.7,-441.2,-20200.0,3866.9,4824.1,7256.7,7279.6,14.91,15.41,15.41,54.48
2025-06-30,23,0.0,-143.1,-20200.0,3906.6,4811.7,7252.2,7279.8,14.91,15.41,15.41,54.48
