date,hour,load_mw,solar_mw,wind_mw
2024-07-08,0,38848.69686861089,3170.1391064384493,10822.533608744852
2024-07-08,1,37123.66723332124,3157.336303898117,10884.398412593979
2024-07-08,2,35370.958132174914,3156.0973230071168,10811.87382715854
2024-07-08,3,34789.203744520695,3154.03235485545,10616.381046995302
2024-07-08,4,34740.31954166272,3134.621654229785,10267.653906528842
2024-07-08,5,35409.644637085694,3049.544966381124,9976.413445331416
2024-07-08,6,38763.55418416288,3048.305985490124,9804.714820494764
2024-07-08,7,42484.095252674895,9382.389293912023,9010.751445557207
2024-07-08,8,46143.9357381679,31686.936287322827,8176.242829943148
2024-07-08,9,51150.843562018825,61646.73321259177,7675.042742143918
2024-07-08,10,55130.85938940945,78353.97753409529,7112.358556980787
2024-07-08,11,58891.381908603325,83912.87179838159,7625.3605458220045
2024-07-08,12,60886.8933418257,87613.70771979832,8595.210316933692
2024-07-08,13,61388.199223452044,89269.39918380455,10079.204196342273
2024-07-08,14,62615.32220976442,89400.31816462021,11526.07919344138
2024-07-08,15,63253.892343124426,88746.13625417225,12572.641321325982
2024-07-08,16,62935.65941988342,86420.98211539575,13276.948318992958
2024-07-08,17,61298.84796524807,80971.53116314778,13762.158734412722
2024-07-08,18,58966.65063154691,72508.46569035768,14778.835403207133
2024-07-08,19,55527.11279535758,57655.149775420374,15676.160588883384
2024-07-08,20,52809.8309629838,29420.014250423315,16610.223950383886
2024-07-08,21,49856.22152738933,7873.72356230446,16697.4057355005
2024-07-08,22,48685.42868211862,3884.618086915067,16671.517694505175
2024-07-08,23,46369.74190699863,3784.2606347440737,16240.938659715255
2024-12-02,0,37495.80227428312,0.0,7405.6929038469525
2024-12-02,1,35575.23582756157,0.0,7476.12360361365
2024-12-02,2,34781.59593811565,0.0,7479.930668465904
2024-12-02,3,34290.649622657875,0.0,7405.121844119114
2024-12-02,4,34344.06613571461,0.0,7460.133931234183
2024-12-02,5,35535.578113322474,0.0,7786.78009555757
2024-12-02,6,39754.187699033166,0.0,7891.284025751941
2024-12-02,7,45575.1308082244,0.0,6985.202590915506
2024-12-02,8,48334.98398282219,4858.457067241001,6554.813909368199
2024-12-02,9,51445.44372493778,18284.054002116078,6410.906857953001
2024-12-02,10,52677.42275789166,36718.02469204315,5451.3361619423995
2024-12-02,11,52984.48677385717,46532.40532328381,4858.576164446462
2024-12-02,12,53248.49384293453,50500.4481235262,4940.99911849776
2024-12-02,13,53415.86558384562,50812.67130805818,5617.3241895006695
2024-12-02,14,53229.5552610326,48476.36634126267,6574.229940114694
2024-12-02,15,52506.48991611012,41735.07131333214,7442.050373185977
2024-12-02,16,51124.45904193324,25354.917947052592,8562.279205961697
2024-12-02,17,51877.79374425453,7810.535536863465,10631.038246676479
2024-12-02,18,53578.705014557956,0.0,12103.801284770912
2024-12-02,19,54465.419131299706,0.0,13183.865583355351
2024-12-02,20,54817.644381031365,0.0,13829.163075812392
2024-12-02,21,54046.50417435781,0.0,13975.735072624168
2024-12-02,22,49656.47614220144,0.0,13676.69012847962
2024-12-02,23,44779.062895457726,0.0,13359.180919801645
