bus_id,nuts3,method
ES00001,ES300,polygon
ES00002,ES300,polygon
ES00003,ES511,polygon
ES00004,ES511,polygon
ES00005,ES511,polygon
ES00006,ES612,polygon
ES00007,ES612,polygon
ES00008,ES618,polygon
ES00009,ES618,polygon
ES00010,ES432,polygon
ES00011,ES511,polygon
ES00012,ES511,polygon
ES00013,ES300,polygon
ES00014,ES300,polygon
ES00015,ES300,polygon
ES00016,ES300,polygon
ES00017,ES432,polygon
ES00018,ES300,polygon
ES00019,ES300,polygon
ES00020,ES300,polygon
ES00021,ES300,polygon
ES00022,ES300,polygon
ES00023,ES300,polygon
ES00024,ES300,polygon
ES00025,ES412,polygon
ES00026,ES412,polygon
ES00027,ES412,polygon
ES00028,ES300,polygon
ES00029,ES300,polygon
ES00030,ES300,polygon
ES00031,ES300,polygon
ES00032,ES300,polygon
ES00033,ES300,polygon
ES00034,ES618,polygon
ES00035,ES618,polygon
ES00036,ES431,polygon
ES00037,ES412,polygon
ES00038,ES412,polygon
ES00039,ES412,polygon
ES00040,ES414,polygon
ES00041,ES414,polygon
ES00042,ES414,polygon
ES00043,ES414,polygon
ES00044,ES412,polygon
ES00045,ES213,polygon
ES00046,ES213,polygon
ES00047,ES511,polygon
ES00048,ES511,polygon
ES00049,ES416,polygon
ES00050,ES416,polygon
ES00051,ES511,polygon
ES00052,ES511,polygon
ES00053,ES511,polygon
ES00054,ES418,polygon
ES00055,ES418,polygon
ES00056,ES419,polygon
ES00057,ES432,polygon
ES00058,ES432,polygon
ES00059,ES419,polygon
ES00060,ES418,polygon
ES00061,ES418,polygon
ES00062,ES413,polygon
ES00063,ES243,polygon
ES00064,ES243,polygon
ES00065,ES230,polygon
ES00066,ES230,polygon
ES00067,ES415,polygon
ES00068,ES415,polygon
ES00069,ES432,polygon
ES00070,ES111,polygon
ES00071,ES111,polygon
ES00072,ES111,polygon
ES00073,ES130,polygon
ES00074,ES130,polygon
ES00075,ES423,polygon
ES00076,ES423,polygon
ES00077,ES523,polygon
ES00078,ES523,polygon
ES00079,ES412,polygon
ES00080,ES242,polygon
ES00081,ES243,polygon
ES00082,ES243,polygon
ES00083,ES418,polygon
ES00084,ES418,polygon
ES00085,ES417,polygon
ES00086,ES418,polygon
ES00087,ES418,polygon
ES00088,ES418,polygon
ES00089,ES418,polygon
ES00090,ES523,polygon
ES00091,ES523,polygon
ES00092,ES523,polygon
ES00093,ES114,polygon
ES00094,ES114,polygon
ES00095,ES211,polygon
ES00096,ES412,polygon
ES00097,ES212,polygon
ES00098,ES212,polygon
ES00099,ES432,nearest
ES00100,ES120,polygon
ES00101,ES120,polygon
ES00102,ES120,polygon
ES00103,ES120,polygon
ES00104,ES120,polygon
ES00105,ES511,polygon
ES00106,ES511,polygon
ES00107,ES419,polygon
ES00108,ES113,polygon
ES00109,ES419,polygon
ES00110,ES419,polygon
ES00111,ES418,polygon
ES00112,ES419,polygon
ES00113,ES523,polygon
ES00114,ES523,polygon
ES00115,ES523,polygon
ES00116,ES523,polygon
ES00117,ES523,polygon
ES00118,ES523,polygon
ES00119,ES523,polygon
ES00120,ES523,polygon
ES00121,ES523,polygon
ES00122,ES523,polygon
ES00123,ES113,polygon
ES00124,ES113,polygon
ES00125,ES113,polygon
ES00126,ES113,polygon
ES00127,ES415,polygon
ES00128,ES415,polygon
ES00129,ES419,polygon
ES00130,ES419,polygon
ES00131,ES415,polygon
ES00132,ES414,polygon
ES00134,ES220,polygon
ES00135,ES220,polygon
ES00136,ES230,polygon
ES00137,ES230,polygon
ES00140,ES414,polygon
ES00141,ES230,polygon
ES00142,ES230,polygon
ES00143,ES300,polygon
ES00144,ES300,polygon
ES00145,ES300,polygon
ES00146,ES300,polygon
ES00147,ES300,polygon
ES00148,ES300,polygon
ES00149,ES300,polygon
ES00150,ES300,polygon
ES00151,ES422,polygon
ES00152,ES220,polygon
ES00153,ES220,polygon
ES00154,ES414,polygon
ES00155,ES419,polygon
ES00156,ES413,polygon
ES00157,ES413,polygon
ES00158,ES432,polygon
ES00159,ES432,polygon
ES00160,ES432,polygon
ES00161,ES413,polygon
ES00162,ES413,polygon
ES00163,ES413,polygon
ES00164,ES413,polygon
ES00165,ES413,polygon
ES00166,ES432,polygon
ES00167,ES432,polygon
ES00168,ES432,polygon
ES00169,ES432,polygon
ES00170,ES220,polygon
ES00171,ES220,polygon
ES00172,ES511,polygon
ES00173,ES120,polygon
ES00174,ES120,polygon
ES00175,ES419,polygon
ES00176,ES419,polygon
ES00177,ES413,polygon
ES00178,ES617,polygon
ES00179,ES617,polygon
ES00180,ES617,polygon
ES00181,ES617,polygon
ES00182,ES612,polygon
ES00183,ES612,polygon
ES00184,ES612,polygon
ES00185,ES612,polygon
ES00186,ES612,polygon
ES00187,ES612,polygon
ES00188,ES612,polygon
ES00189,ES612,polygon
ES00190,ES612,polygon
ES00191,ES612,polygon
ES00192,ES612,polygon
ES00193,ES614,polygon
ES00194,ES614,polygon
ES00195,ES614,polygon
ES00196,ES614,polygon
ES00197,ES614,polygon
ES00198,ES111,polygon
ES00199,ES418,polygon
ES00200,ES419,polygon
ES00201,ES300,polygon
ES00202,ES300,polygon
ES00203,ES300,polygon
ES00204,ES112,polygon
ES00205,ES511,polygon
ES00206,ES511,polygon
ES00207,ES514,polygon
ES00208,ES514,polygon
ES00209,ES511,polygon
ES00210,ES511,polygon
ES00211,ES511,polygon
ES00212,ES511,polygon
ES00213,ES511,polygon
ES00214,ES511,polygon
ES00215,ES241,polygon
ES00216,ES511,polygon
ES00217,ES220,polygon
ES00218,ES220,polygon
ES00219,ES511,polygon
ES00220,ES211,polygon
ES00221,ES211,polygon
ES00222,ES211,polygon
ES00223,ES414,polygon
ES00224,ES414,polygon
ES00225,ES130,polygon
ES00226,ES130,polygon
ES00227,ES414,polygon
ES00228,ES511,polygon
ES00229,ES511,polygon
ES00230,ES611,polygon
ES00231,ES414,polygon
ES00232,ES130,polygon
ES00233,ES511,polygon
ES00234,ES522,polygon
ES00235,ES522,polygon
ES00236,ES522,polygon
ES00237,ES522,polygon
ES00238,ES522,polygon
ES00239,ES522,polygon
ES00240,ES522,polygon
ES00241,ES523,polygon
ES00242,ES523,polygon
ES00243,ES523,polygon
ES00244,ES523,polygon
ES00245,ES415,polygon
ES00246,ES415,polygon
ES00247,ES523,polygon
ES00248,ES523,polygon
ES00249,ES523,polygon
ES00250,ES523,polygon
ES00251,ES523,polygon
ES00252,ES523,polygon
ES00253,ES523,polygon
ES00254,ES523,polygon
ES00255,ES523,polygon
ES00256,ES523,polygon
ES00257,ES523,polygon
ES00258,ES523,polygon
ES00259,ES523,polygon
ES00260,ES522,polygon
ES00261,ES522,polygon
ES00262,ES522,polygon
ES00263,ES522,polygon
ES00264,ES522,polygon
ES00265,ES522,polygon
ES00266,ES522,polygon
ES00267,ES522,polygon
ES00268,ES243,polygon
ES00269,ES243,polygon
ES00270,ES243,polygon
ES00271,ES416,polygon
ES00272,ES130,polygon
ES00273,ES130,polygon
ES00274,ES620,polygon
ES00275,ES620,polygon
ES00276,ES620,polygon
ES00277,PT,country
ES00278,ES243,polygon
ES00279,ES243,polygon
ES00280,ES243,polygon
ES00281,ES243,polygon
ES00282,ES243,polygon
ES00283,ES243,polygon
ES00284,ES243,polygon
ES00285,ES532,polygon
ES00286,ES532,polygon
ES00287,ES532,polygon
ES00288,ES532,polygon
ES00289,ES532,polygon
ES00290,ES532,polygon
ES00291,ES532,polygon
ES00292,ES532,polygon
ES00293,ES413,polygon
ES00294,ES213,polygon
ES00295,ES213,polygon
ES00296,ES213,polygon
ES00297,ES213,polygon
ES00298,ES300,polygon
ES00299,ES300,polygon
ES00300,ES243,polygon
ES00301,ES243,polygon
ES00302,ES243,polygon
ES00303,ES243,polygon
ES00304,ES241,polygon
ES00305,ES113,polygon
ES00306,ES114,polygon
ES00307,ES114,polygon
ES00308,ES114,polygon
ES00309,ES114,polygon
ES00310,ES414,polygon
ES00311,ES418,polygon
ES00312,ES300,polygon
ES00313,ES113,polygon
ES00314,ES112,polygon
ES00315,ES113,polygon
ES00316,ES111,polygon
ES00317,ES113,polygon
ES00318,ES113,polygon
ES00319,ES111,polygon
ES00320,ES111,polygon
ES00321,ES111,polygon
ES00322,ES111,polygon
ES00323,ES111,polygon
ES00324,ES419,polygon
ES00325,ES415,polygon
ES00326,ES415,polygon
ES00327,ES415,polygon
ES00328,ES431,polygon
ES00329,ES431,polygon
ES00330,ES431,polygon
ES00331,ES431,polygon
ES00332,ES431,polygon
ES00333,ES431,polygon
ES00334,ES431,polygon
ES00335,ES618,polygon
ES00336,ES618,polygon
ES00337,ES618,polygon
ES00338,ES618,polygon
ES00339,ES618,polygon
ES00340,ES618,polygon
ES00341,ES618,polygon
ES00342,ES618,polygon
ES00343,ES618,polygon
ES00344,ES615,polygon
ES00345,ES618,polygon
ES00346,ES612,polygon
ES00347,ES620,nearest
ES00348,ES620,nearest
ES00349,ES620,polygon
ES00350,ES620,polygon
ES00351,ES611,polygon
ES00352,ES620,polygon
ES00353,ES521,polygon
ES00354,ES611,polygon
ES00355,ES620,polygon
ES00356,ES620,polygon
ES00357,ES521,polygon
ES00358,ES521,polygon
ES00359,ES523,polygon
ES00360,ES523,polygon
ES00361,ES423,polygon
ES00362,ES423,polygon
ES00363,ES523,polygon
ES00364,ES421,polygon
ES00365,ES421,polygon
ES00366,ES523,polygon
ES00367,ES521,polygon
ES00368,ES521,polygon
ES00369,ES514,polygon
ES00370,ES514,polygon
ES00371,ES514,polygon
ES00372,ES514,polygon
ES00373,ES514,polygon
ES00374,ES514,polygon
ES00375,ES514,polygon
ES00376,ES514,polygon
ES00377,ES243,polygon
ES00378,ES243,polygon
ES00379,ES243,polygon
ES00380,ES513,polygon
ES00381,ES514,polygon
ES00382,ES514,polygon
ES00383,ES241,polygon
ES00384,ES241,polygon
ES00385,ES242,polygon
ES00386,ES242,polygon
ES00387,ES242,polygon
ES00388,ES424,polygon
ES00389,ES424,polygon
ES00390,ES424,polygon
ES00391,ES424,polygon
ES00392,ES424,polygon
ES00393,ES423,polygon
ES00394,ES613,polygon
ES00395,ES613,polygon
ES00396,ES616,polygon
ES00397,ES616,polygon
ES00398,ES422,polygon
ES00399,ES422,polygon
ES00400,ES422,polygon
ES00401,ES616,polygon
ES00402,ES422,polygon
ES00403,ES422,polygon
ES00404,ES422,polygon
ES00405,ES422,polygon
ES00406,ES432,polygon
ES00407,ES432,polygon
ES00408,ES432,polygon
ES00409,ES432,polygon
ES00410,ES432,polygon
ES00411,ES431,polygon
ES00412,ES242,polygon
ES00413,ES242,polygon
ES00414,ES242,polygon
ES00415,ES242,polygon
ES00416,ES522,polygon
ES00417,ES242,polygon
ES00418,ES212,polygon
ES00419,ES212,polygon
ES00420,ES212,polygon
ES00421,ES212,polygon
ES00422,ES511,polygon
ES00423,ES511,polygon
ES00424,ES431,polygon
ES00425,ES412,polygon
ES00426,ES412,polygon
ES00427,ES111,polygon
ES00428,ES111,polygon
ES00429,ES618,polygon
ES00430,ES213,polygon
ES00431,ES213,polygon
ES00432,ES114,polygon
ES00433,ES111,polygon
ES00434,ES111,polygon
ES00435,ES511,polygon
ES00436,ES511,polygon
ES00437,ES511,polygon
ES00438,ES513,polygon
ES00439,ES514,polygon
ES00440,ES513,polygon
ES00441,ES513,polygon
ES00442,ES513,polygon
ES00443,ES243,polygon
ES00444,ES243,polygon
ES00445,ES513,polygon
ES00446,ES513,polygon
ES00447,ES514,polygon
ES00448,ES514,polygon
ES00449,ES514,polygon
ES00450,ES512,polygon
ES00451,ES512,polygon
ES00452,ES241,polygon
ES00453,ES511,polygon
ES00454,ES513,polygon
ES00455,ES513,polygon
ES00456,ES241,polygon
ES00457,ES241,polygon
ES00458,ES613,polygon
ES00459,ES243,polygon
ES00460,ES243,polygon
ES00461,ES220,polygon
ES00462,ES417,polygon
ES00463,ES417,polygon
ES00464,ES243,polygon
ES00465,ES243,polygon
ES00466,ES243,polygon
ES00467,ES243,polygon
ES00468,ES243,polygon
ES00469,ES243,polygon
ES00470,ES300,polygon
ES00471,ES300,polygon
ES00472,ES425,polygon
ES00473,ES300,polygon
ES00474,ES300,polygon
ES00475,ES425,polygon
ES00476,ES615,polygon
ES00477,ES615,polygon
ES00478,ES615,polygon
ES00479,ES615,polygon
ES00480,ES300,polygon
ES00481,ES416,polygon
ES00482,ES300,polygon
ES00483,ES300,polygon
ES00484,ES423,polygon
ES00485,ES300,polygon
ES00486,ES300,polygon
ES00487,ES300,polygon
ES00488,ES300,polygon
ES00489,ES300,polygon
ES00490,ES425,polygon
ES00491,ES425,polygon
ES00492,ES425,polygon
ES00493,ES422,polygon
ES00494,ES611,polygon
ES00495,ES614,polygon
ES00496,ES611,polygon
ES00497,ES611,polygon
ES00498,ES617,polygon
ES00499,ES618,polygon
ES00500,ES618,polygon
ES00501,ES617,polygon
ES00502,ES617,polygon
ES00503,ES617,polygon
ES00504,ES617,polygon
ES00505,ES614,polygon
ES00506,ES614,polygon
ES00507,ES617,polygon
ES00508,ES521,polygon
ES00509,ES521,polygon
ES00510,ES521,polygon
ES00511,ES521,polygon
ES00512,ES521,polygon
ES00513,ES521,polygon
ES00514,ES523,polygon
ES00515,ES521,polygon
ES00516,ES523,polygon
ES00517,ES523,polygon
ES00518,ES616,polygon
ES00519,ES425,polygon
ES00520,ES511,polygon
ES00521,ES511,polygon
ES00522,ES617,polygon
ES00523,ES617,polygon
ES00524,ES513,polygon
ES00525,ES513,polygon
ES00526,ES511,polygon
ES00527,ES241,polygon
ES00530,ES423,polygon
ES00531,ES612,polygon
ES00532,ES617,polygon
ES00533,ES220,polygon
ES00534,ES220,polygon
ES00535,ES220,polygon
ES00536,ES212,polygon
ES00537,ES613,polygon
ES00538,ES618,polygon
ES00539,ES618,polygon
ES00540,ES618,polygon
ES00541,ES114,polygon
ES00542,ES114,polygon
ES00543,ES113,polygon
ES00544,ES112,polygon
ES00545,ES112,polygon
ES00546,ES113,polygon
ES00547,ES113,polygon
ES00548,ES113,polygon
ES00549,ES113,polygon
ES00550,ES113,polygon
ES00551,ES112,polygon
ES00552,ES120,polygon
ES00553,ES120,polygon
ES00554,ES120,polygon
ES00555,ES120,polygon
ES00556,ES120,polygon
ES00557,ES120,polygon
ES00558,ES120,polygon
ES00559,ES120,polygon
ES00560,ES417,polygon
ES00561,ES511,polygon
ES00562,ES511,polygon
ES00563,ES617,polygon
ES00564,ES612,polygon
ES00565,ES413,polygon
ES00566,ES300,polygon
ES00567,ES300,polygon
ES00568,ES300,polygon
ES00569,ES300,polygon
ES00570,ES111,polygon
ES00571,ES130,polygon
ES00572,ES130,polygon
ES00573,ES213,polygon
ES00574,ES413,polygon
ES00575,ES413,polygon
ES00576,ES413,polygon
ES00577,ES212,polygon
ES00578,ES212,polygon
ES00579,ES213,nearest
ES00580,ES211,polygon
ES00581,ES211,polygon
ES00582,ES211,polygon
ES00583,ES213,polygon
ES00584,ES213,polygon
ES00585,ES213,polygon
ES00586,ES213,polygon
ES00587,ES213,polygon
ES00588,ES213,polygon
ES00589,ES213,polygon
ES00590,ES212,polygon
ES00591,ES212,polygon
ES00592,ES211,polygon
ES00593,ES211,polygon
ES00594,ES230,polygon
ES00595,ES211,polygon
ES00596,ES514,polygon
ES00597,ES241,polygon
ES00598,ES514,polygon
ES00599,ES514,polygon
ES00600,ES511,polygon
ES00601,ES300,polygon
ES00602,ES300,polygon
ES00603,ES300,polygon
ES00604,ES300,polygon
ES00605,ES511,polygon
ES00606,ES511,polygon
ES00607,ES300,polygon
ES00608,ES130,polygon
ES00609,ES113,nearest
ES00610,ES423,polygon
ES00611,ES422,polygon
ES00612,ES422,polygon
ES00613,ES422,polygon
ES00614,ES523,polygon
ES00615,ES412,polygon
ES00616,ES300,polygon
ES00617,ES300,polygon
ES00618,ES617,polygon
ES00619,ES523,polygon
ES00620,ES413,polygon
ES00621,ES413,polygon
ES00622,ES413,polygon
ES00623,ES615,polygon
ES00624,ES512,polygon
ES00625,ES512,polygon
ES00626,ES512,polygon
ES00628,ES242,polygon
ES00629,ES243,polygon
ES00630,ES241,polygon
ES00631,ES241,polygon
ES00632,ES300,polygon
ES00633,ES612,polygon
ES00634,ES300,polygon
ES00635,ES300,polygon
ES00636,ES300,polygon
ES00637,ES300,polygon
ES00638,ES300,polygon
ES00639,ES421,polygon
ES00640,ES417,polygon
ES00641,ES112,polygon
ES00642,ES120,polygon
ES00643,ES422,polygon
ES00644,ES422,polygon
ES00645,ES431,polygon
ES00646,ES431,polygon
ES00647,ES431,polygon
ES00648,ES415,polygon
ES00649,ES431,polygon
ES00650,ES431,polygon
ES00651,ES431,polygon
ES00652,ES615,polygon
ES00653,ES242,polygon
ES00654,ES300,polygon
ES00655,ES514,polygon
ES00656,ES514,polygon
ES00657,ES432,polygon
ES00658,ES412,polygon
ES00659,ES620,polygon
ES00660,ES620,polygon
ES00661,ES521,polygon
ES00662,ES415,polygon
ES00663,ES242,polygon
ES00664,ES418,polygon
ES00665,ES243,polygon
ES00666,ES243,polygon
ES00667,ES242,polygon
ES00668,ES415,polygon
ES00669,ES614,polygon
ES00671,ES422,polygon
ES00672,ES417,polygon
ES00673,ES432,polygon
ES00674,ES432,polygon
ES00675,ES412,polygon
ES00676,ES412,polygon
ES00677,ES414,polygon
ES00678,ES431,polygon
ES00679,ES432,polygon
ES00680,ES432,polygon
ES00681,ES522,nearest
ES00682,ES300,polygon
ES00683,ES532,polygon
ES00684,ES300,polygon
ES00685,ES300,polygon
ES00686,ES300,polygon
ES00687,ES300,polygon
ES00688,ES300,polygon
ES00689,ES300,polygon
ES00690,ES300,polygon
ES00691,ES412,polygon
ES00692,ES412,polygon
ES00693,ES412,polygon
ES00694,ES419,polygon
ES00695,ES418,polygon
ES00696,ES418,polygon
ES00697,ES243,polygon
ES00698,ES412,polygon
ES00699,ES130,polygon
ES00700,ES523,polygon
ES00701,ES423,polygon
ES00702,ES412,polygon
ES00703,ES418,polygon
ES00704,ES523,polygon
ES00705,ES523,polygon
ES00706,ES114,polygon
ES00707,ES114,polygon
ES00708,ES418,polygon
ES00709,ES511,polygon
ES00710,ES414,polygon
ES00711,ES419,polygon
ES00712,ES432,polygon
ES00713,ES414,polygon
ES00714,ES414,polygon
ES00715,ES414,polygon
ES00716,ES611,polygon
ES00718,ES111,polygon
ES00719,ES111,polygon
ES00720,ES111,polygon
ES00722,ES230,polygon
ES00723,ES413,polygon
ES00724,ES432,polygon
ES00725,ES432,polygon
ES00726,ES413,polygon
ES00727,ES432,polygon
ES00728,ES418,polygon
ES00729,ES414,polygon
ES00730,ES413,polygon
ES00731,ES413,polygon
ES00732,ES120,polygon
ES00733,ES120,polygon
ES00734,ES413,polygon
ES00735,ES612,polygon
ES00736,ES612,polygon
ES00737,ES512,polygon
ES00738,ES300,polygon
ES00739,ES413,polygon
ES00740,ES220,polygon
ES00741,ES511,polygon
ES00742,FR,country
ES00743,ES212,nearest
ES00744,ES212,nearest
ES00745,ES211,polygon
ES00746,ES130,polygon
ES00747,ES414,polygon
ES00748,ES413,polygon
ES00749,ES413,polygon
ES00750,ES414,polygon
ES00751,ES612,polygon
ES00752,ES511,polygon
ES00753,ES414,polygon
ES00754,ES414,polygon
ES00755,ES511,polygon
ES00756,ES511,polygon
ES00757,ES522,polygon
ES00758,ES522,polygon
ES00759,ES522,polygon
ES00760,ES522,polygon
ES00761,ES514,polygon
ES00762,ES523,polygon
ES00763,ES523,polygon
ES00764,ES523,polygon
ES00765,ES523,polygon
ES00766,ES522,polygon
ES00767,ES522,polygon
ES00768,ES242,polygon
ES00769,ES416,polygon
ES00770,ES130,polygon
ES00771,ES120,polygon
ES00772,ES120,polygon
ES00773,ES120,polygon
ES00774,ES120,polygon
ES00775,ES130,polygon
ES00776,ES617,polygon
ES00777,ES113,nearest
ES00778,ES130,polygon
ES00779,ES130,polygon
ES00780,ES130,polygon
ES00781,ES243,polygon
ES00782,ES243,polygon
ES00783,ES243,polygon
ES00784,ES532,polygon
ES00785,ES413,polygon
ES00786,ES413,polygon
ES00787,ES413,polygon
ES00788,ES413,polygon
ES00789,ES413,polygon
ES00790,ES413,polygon
ES00791,ES113,polygon
ES00792,ES113,polygon
ES00793,ES113,polygon
ES00794,ES114,polygon
ES00795,ES113,polygon
ES00796,ES113,polygon
ES00797,ES113,polygon
ES00798,ES112,polygon
ES00799,ES112,polygon
ES00800,ES112,polygon
ES00801,ES112,polygon
ES00802,ES113,polygon
ES00803,ES114,polygon
ES00804,ES114,polygon
ES00805,ES114,polygon
ES00806,ES114,polygon
ES00807,ES114,polygon
ES00808,ES114,polygon
ES00809,ES111,polygon
ES00810,ES415,polygon
ES00811,ES415,polygon
ES00812,ES419,polygon
ES00813,PT,country
ES00814,ES415,nearest
ES00815,ES523,polygon
ES00816,ES431,polygon
ES00817,PT,country
ES00818,PT,country
ES00819,ES431,polygon
ES00820,ES431,polygon
ES00821,ES431,polygon
ES00822,ES617,polygon
ES00823,ES618,polygon
ES00824,ES618,polygon
ES00825,ES618,polygon
ES00826,ES618,polygon
ES00827,ES618,polygon
ES00828,ES618,polygon
ES00829,ES618,polygon
ES00830,ES618,polygon
ES00831,ES618,polygon
ES00832,ES618,polygon
ES00833,ES618,polygon
ES00834,ES618,polygon
ES00835,ES618,polygon
ES00836,ES620,polygon
ES00837,ES620,polygon
ES00838,ES620,polygon
ES00839,ES521,polygon
ES00840,ES523,polygon
ES00841,ES523,polygon
ES00842,ES514,polygon
ES00843,ES514,polygon
ES00844,ES613,polygon
ES00845,ES613,polygon
ES00846,ES613,polygon
ES00847,ES613,polygon
ES00848,ES422,polygon
ES00849,ES616,polygon
ES00850,ES422,polygon
ES00851,ES432,polygon
ES00852,ES432,polygon
ES00853,ES432,polygon
ES00854,ES432,polygon
ES00855,ES432,polygon
ES00856,ES522,polygon
ES00857,ES522,polygon
ES00858,ES242,polygon
ES00859,FR,country
ES00860,ES212,polygon
ES00861,ES213,polygon
ES00862,ES211,polygon
ES00863,ES211,polygon
ES00864,ES211,polygon
ES00865,ES412,polygon
ES00866,ES111,polygon
ES00867,ES413,polygon
ES00868,ES413,polygon
ES00869,ES111,polygon
ES00870,ES432,polygon
ES00871,ES111,polygon
ES00872,ES511,polygon
ES00873,ES514,polygon
ES00874,ES514,polygon
ES00875,ES514,polygon
ES00876,ES514,polygon
ES00877,ES514,polygon
ES00878,ES512,polygon
ES00879,ES511,polygon
ES00880,ES511,polygon
ES00881,ES511,polygon
ES00882,ES511,polygon
ES00883,ES511,polygon
ES00884,ES511,polygon
ES00885,ES511,polygon
ES00886,ES243,polygon
ES00887,ES243,polygon
ES00888,ES511,polygon
ES00889,ES511,polygon
ES00890,ES513,polygon
ES00891,ES513,polygon
ES00892,ES243,polygon
ES00893,ES243,polygon
ES00894,ES417,polygon
ES00895,ES243,polygon
ES00896,ES243,polygon
ES00897,ES243,polygon
ES00898,ES243,polygon
ES00899,ES243,polygon
ES00900,ES243,polygon
ES00901,ES243,polygon
ES00902,ES242,polygon
ES00903,ES300,polygon
ES00904,ES300,polygon
ES00905,ES424,polygon
ES00906,ES425,polygon
ES00907,ES425,polygon
ES00908,ES425,polygon
ES00909,ES432,polygon
ES00910,ES618,polygon
ES00911,ES615,polygon
ES00914,ES300,polygon
ES00915,ES300,polygon
ES00916,ES416,polygon
ES00917,ES416,polygon
ES00918,ES300,polygon
ES00919,ES300,polygon
ES00920,ES300,polygon
ES00921,ES300,polygon
ES00922,ES300,polygon
ES00923,ES300,polygon
ES00924,ES300,polygon
ES00925,ES418,polygon
ES00926,ES418,polygon
ES00927,ES418,polygon
ES00928,ES425,polygon
ES00929,ES425,polygon
ES00930,ES425,polygon
ES00931,ES425,polygon
ES00932,ES611,polygon
ES00933,ES614,polygon
ES00934,ES614,polygon
ES00935,ES617,polygon
ES00936,ES617,polygon
ES00937,ES617,polygon
ES00938,ES617,polygon
ES00939,ES617,polygon
ES00940,ES523,polygon
ES00941,ES523,polygon
ES00942,ES523,polygon
ES00943,ES521,polygon
ES00944,ES521,polygon
ES00945,ES521,polygon
ES00946,ES521,polygon
ES00947,ES521,polygon
ES00948,ES523,polygon
ES00949,ES523,polygon
ES00950,ES521,polygon
ES00951,ES521,polygon
ES00952,ES523,polygon
ES00953,ES616,polygon
ES00954,ES425,polygon
ES00955,ES422,polygon
ES00956,ES523,polygon
ES00957,ES419,polygon
ES00958,ES243,polygon
ES00959,ES243,polygon
ES00960,ES111,polygon
ES00961,ES513,polygon
ES00962,ES513,polygon
ES00963,ES243,polygon
ES00964,ES241,polygon
ES00965,ES130,polygon
ES00966,ES413,polygon
ES00967,ES423,polygon
ES00968,ES612,polygon
ES00969,ES612,polygon
ES00970,ES220,polygon
ES00971,ES220,polygon
ES00972,ES220,polygon
ES00973,ES220,polygon
ES00974,ES220,polygon
ES00975,ES613,polygon
ES00976,ES618,polygon
ES00977,ES618,polygon
ES00978,ES612,polygon
ES00979,ES612,polygon
ES00980,ES114,polygon
ES00981,FR,country
ES00982,ES113,polygon
ES00983,ES120,polygon
ES00984,ES120,polygon
ES00985,ES120,polygon
ES00986,ES120,polygon
ES00987,ES120,polygon
ES00988,ES120,polygon
ES00989,ES113,polygon
ES00991,ES120,polygon
ES00994,ES120,polygon
ES00995,ES120,polygon
ES00996,ES417,polygon
ES00997,ES511,polygon
ES00998,ES511,polygon
ES00999,ES241,polygon
ES01000,ES241,polygon
ES01001,ES612,polygon
ES01002,ES130,polygon
ES01003,ES413,polygon
ES01004,ES413,polygon
ES01005,ES300,polygon
ES01006,ES300,polygon
ES01007,ES213,polygon
ES01008,ES113,polygon
ES01009,ES419,polygon
ES01010,ES413,polygon
ES01011,ES120,polygon
ES01012,ES120,polygon
ES01013,ES120,polygon
ES01014,ES413,polygon
ES01015,ES413,polygon
ES01016,ES120,polygon
ES01017,ES418,polygon
ES01018,ES111,polygon
ES01019,ES111,polygon
ES01020,ES211,polygon
ES01021,ES211,polygon
ES01022,ES212,polygon
ES01023,ES212,polygon
ES01024,ES212,polygon
ES01025,ES213,polygon
ES01026,ES213,polygon
ES01027,ES211,polygon
ES01028,ES211,polygon
ES01029,ES213,polygon
ES01030,ES213,polygon
ES01031,ES213,polygon
ES01032,ES213,polygon
ES01033,ES213,polygon
ES01034,ES212,polygon
ES01035,ES212,polygon
ES01036,ES211,polygon
ES01037,ES230,polygon
ES01038,ES230,polygon
ES01039,ES230,polygon
ES01040,ES220,polygon
ES01041,ES241,polygon
ES01042,ES241,polygon
ES01043,ES514,polygon
ES01044,ES511,polygon
ES01045,ES419,polygon
ES01046,ES419,polygon
ES01047,ES130,polygon
ES01048,ES120,polygon
ES01049,ES514,polygon
ES01050,ES514,polygon
ES01051,ES425,polygon
ES01052,ES425,polygon
ES01053,ES419,polygon
ES01054,ES114,polygon
ES01055,ES114,polygon
ES01056,ES114,polygon
ES01057,ES425,polygon
ES01058,ES431,polygon
ES01059,ES612,polygon
ES01060,ES422,polygon
ES01061,ES422,polygon
ES01062,ES422,polygon
ES01063,ES422,polygon
ES01064,ES111,polygon
ES01065,ES243,polygon
ES01066,ES300,polygon
ES01067,ES300,polygon
ES01068,ES241,polygon
ES01069,ES241,polygon
ES01070,ES300,polygon
ES01071,ES611,polygon
ES01073,ES432,polygon
ES01074,ES523,polygon
ES01075,ES423,polygon
ES01076,ES423,polygon
ES01077,ES300,polygon
ES01078,ES425,polygon
ES01079,ES620,polygon
ES01080,ES300,polygon
ES01081,ES212,polygon
ES01082,ES212,polygon
ES01083,ES120,polygon
ES01084,ES120,polygon
ES01085,ES412,polygon
ES01086,ES614,polygon
ES01088,ES300,polygon
ES01089,ES617,polygon
ES01090,ES413,polygon
ES01091,ES413,polygon
ES01092,PT,country
ES01093,ES611,polygon
ES01094,ES512,polygon
ES01095,ES615,polygon
ES01096,ES300,polygon
ES01097,ES213,polygon
ES01100,ES212,polygon
ES01101,ES242,polygon
ES01102,ES241,polygon
ES01103,ES300,polygon
ES01104,ES300,polygon
ES01105,ES300,polygon
ES01106,ES300,polygon
ES01107,ES300,polygon
ES01108,ES620,polygon
ES01109,ES521,polygon
ES01110,ES212,polygon
ES01111,ES130,polygon
ES01112,ES521,polygon
ES01113,ES511,polygon
ES01114,ES511,polygon
ES01115,ES612,polygon
ES01116,ES120,polygon
ES01117,ES425,polygon
ES01118,ES423,polygon
ES01119,ES114,polygon
ES01120,ES300,polygon
ES01121,ES300,polygon
ES01122,ES300,polygon
ES01123,ES113,polygon
ES01124,ES620,polygon
ES01125,ES512,polygon
ES01126,FR,country
ES01127,ES113,polygon
ES01128,ES617,polygon
ES01129,ES241,polygon
ES01130,ES241,polygon
ES01131,ES412,polygon
ES01132,ES412,polygon
ES01133,ES241,polygon
ES01134,ES618,polygon
ES01135,ES412,polygon
ES01136,ES243,polygon
ES01137,ES113,polygon
ES01140,ES617,polygon
ES01141,ES417,polygon
ES01142,ES615,polygon
ES01143,ES243,polygon
ES01144,ES620,polygon
ES01145,ES620,polygon
ES01146,ES419,polygon
ES01147,ES413,polygon
ES01148,ES422,polygon
ES01149,ES422,polygon
ES01150,ES422,polygon
ES01151,ES422,polygon
ES01152,ES614,polygon
ES01153,ES431,polygon
ES01154,ES431,polygon
ES01155,ES431,polygon
ES01156,ES243,polygon
ES01157,ES114,polygon
ES01158,ES412,polygon
ES01159,ES243,polygon
ES01160,ES220,polygon
ES01161,ES242,polygon
ES01162,ES300,polygon
ES01163,ES431,polygon
ES01164,ES620,polygon
ES01165,ES620,polygon
ES01166,ES611,polygon
ES01167,ES300,polygon
ES01168,ES512,polygon
ES01169,ES523,polygon
ES01170,ES432,polygon
ES01171,ES615,polygon
ES01172,ES230,polygon
ES01173,ES431,polygon
ES01174,ES521,polygon
ES01175,ES613,polygon
ES01176,ES130,polygon
ES01177,ES120,polygon
ES01178,ES422,polygon
ES01179,ES243,polygon
ES01180,ES615,polygon
ES01181,ES432,polygon
ES01182,ES432,polygon
ES01183,ES618,polygon
ES01184,ES242,polygon
ES01185,ES114,polygon
ES01186,ES300,polygon
ES01187,ES300,polygon
ES01188,ES418,polygon
ES01189,ES413,polygon
ES01190,ES418,polygon
ES01191,ES243,polygon
ES01192,ES243,polygon
ES01193,ES611,polygon
ES01194,ES618,polygon
ES01195,ES618,polygon
ES01196,ES432,polygon
ES01197,ES432,polygon
ES01198,ES242,polygon
ES01199,ES242,polygon
ES01200,ES418,polygon
ES01201,ES243,polygon
ES01202,ES425,polygon
ES01203,ES130,polygon
ES01204,ES241,polygon
ES01205,ES241,polygon
ES01206,ES212,polygon
ES01207,ES212,polygon
ES01208,ES432,polygon
ES01209,ES432,polygon
ES01210,ES431,polygon
ES01211,ES432,polygon
ES01212,ES431,polygon
ES01213,ES300,polygon
ES01214,ES617,polygon
ES01215,ES220,polygon
ES01216,ES220,polygon
ES01217,ES423,polygon
ES01218,ES415,polygon
ES01219,ES242,polygon
ES01220,ES422,polygon
ES01221,ES422,polygon
ES01222,ES111,polygon
ES01223,ES432,polygon
ES01225,ES431,polygon
ES01226,ES431,polygon
ES01227,ES243,polygon
ES01228,ES113,polygon
ES01229,ES412,polygon
ES01230,ES414,polygon
ES01231,ES412,polygon
ES01232,ES412,polygon
ES01233,ES300,polygon
ES01234,ES300,polygon
ES01235,ES511,polygon
ES01236,ES242,polygon
ES01237,ES242,polygon
ES01238,ES243,polygon
ES01239,ES243,polygon
ES01240,ES300,polygon
ES01243,ES213,polygon
ES01244,ES243,polygon
ES01245,ES414,polygon
ES01246,ES111,polygon
ES01247,ES432,polygon
ES01248,ES432,polygon
ES01249,ES431,polygon
ES01250,ES432,polygon
ES01251,ES432,polygon
ES01252,ES432,polygon
ES01253,ES431,polygon
ES01254,ES300,polygon
ES01255,ES413,polygon
ES01256,ES300,polygon
ES01257,ES618,polygon
ES01258,ES512,polygon
ES01259,ES422,polygon
