Model Version,Region,Unit,Year,Value
Go RES v1.2.0,Europe (average),€/tCO2,2018,599.26
Go RES v1.2.0,Europe (average),€/tCO2,2025,1371.84
Go RES v1.2.0,Europe (average),€/tCO2,2030,1391.74
Go RES v1.2.0,Europe (average),€/tCO2,2035,1710.47
Go RES v1.2.0,Europe (average),€/tCO2,2040,1894.35
Go RES v1.2.0,Europe (average),€/tCO2,2045,2834.91
Go RES v1.2.0,Europe (average),€/tCO2,2050,4203.72
Go RES v1.2.0,Europe (average),€/tCO2,2055,5554.44
REPowerEU++ v1.2.0,Europe (average),€/tCO2,2018,141.56
REPowerEU++ v1.2.0,Europe (average),€/tCO2,2025,222.44
REPowerEU++ v1.2.0,Europe (average),€/tCO2,2030,206.89
REPowerEU++ v1.2.0,Europe (average),€/tCO2,2035,314
REPowerEU++ v1.2.0,Europe (average),€/tCO2,2040,387.54
REPowerEU++ v1.2.0,Europe (average),€/tCO2,2045,538.46
REPowerEU++ v1.2.0,Europe (average),€/tCO2,2050,652
REPowerEU++ v1.2.0,Europe (average),€/tCO2,2055,732.1
NECPEssentials v1.2.0,Europe (average),€/tCO2,2018,175.69
NECPEssentials v1.2.0,Europe (average),€/tCO2,2025,282.56
NECPEssentials v1.2.0,Europe (average),€/tCO2,2030,303.17
NECPEssentials v1.2.0,Europe (average),€/tCO2,2035,359.92
NECPEssentials v1.2.0,Europe (average),€/tCO2,2040,436.8
NECPEssentials v1.2.0,Europe (average),€/tCO2,2045,695.59
NECPEssentials v1.2.0,Europe (average),€/tCO2,2050,698.48
NECPEssentials v1.2.0,Europe (average),€/tCO2,2055,1051.31
Trinity v1.2.0,Europe (average),€/tCO2,2018,62.91
Trinity v1.2.0,Europe (average),€/tCO2,2025,40.91
Trinity v1.2.0,Europe (average),€/tCO2,2030,38.02
Trinity v1.2.0,Europe (average),€/tCO2,2035,62.17
Trinity v1.2.0,Europe (average),€/tCO2,2040,78.82
Trinity v1.2.0,Europe (average),€/tCO2,2045,117.66
Trinity v1.2.0,Europe (average),€/tCO2,2050,144.52
Trinity v1.2.0,Europe (average),€/tCO2,2055,182.67
Go RES v1.2.0,AT,€/tCO2,2018,589.35
Go RES v1.2.0,AT,€/tCO2,2025,1371.37
Go RES v1.2.0,AT,€/tCO2,2030,1396.31
Go RES v1.2.0,AT,€/tCO2,2035,1735.14
Go RES v1.2.0,AT,€/tCO2,2040,1858.55
Go RES v1.2.0,AT,€/tCO2,2045,2928.21
Go RES v1.2.0,AT,€/tCO2,2050,3820.12
Go RES v1.2.0,AT,€/tCO2,2055,5629.67
Go RES v1.2.0,BE,€/tCO2,2018,589.34
Go RES v1.2.0,BE,€/tCO2,2025,1367.51
Go RES v1.2.0,BE,€/tCO2,2030,1386.7
Go RES v1.2.0,BE,€/tCO2,2035,1614.71
Go RES v1.2.0,BE,€/tCO2,2040,2153.93
Go RES v1.2.0,BE,€/tCO2,2045,2843.76
Go RES v1.2.0,BE,€/tCO2,2050,3910.92
Go RES v1.2.0,BE,€/tCO2,2055,5649.08
Go RES v1.2.0,BG,€/tCO2,2018,466.73
Go RES v1.2.0,BG,€/tCO2,2025,1367.09
Go RES v1.2.0,BG,€/tCO2,2030,1372.94
Go RES v1.2.0,BG,€/tCO2,2035,1656.8
Go RES v1.2.0,BG,€/tCO2,2040,2016.45
Go RES v1.2.0,BG,€/tCO2,2045,2723.57
Go RES v1.2.0,BG,€/tCO2,2050,3912.77
Go RES v1.2.0,BG,€/tCO2,2055,5584.49
Go RES v1.2.0,CH,€/tCO2,2018,589.37
Go RES v1.2.0,CH,€/tCO2,2025,1381.79
Go RES v1.2.0,CH,€/tCO2,2030,1396.38
Go RES v1.2.0,CH,€/tCO2,2035,1733.29
Go RES v1.2.0,CH,€/tCO2,2040,1941.86
Go RES v1.2.0,CH,€/tCO2,2045,2914.37
Go RES v1.2.0,CH,€/tCO2,2050,3919.02
Go RES v1.2.0,CH,€/tCO2,2055,5638.97
Go RES v1.2.0,CZ,€/tCO2,2018,589.34
Go RES v1.2.0,CZ,€/tCO2,2025,1373.18
Go RES v1.2.0,CZ,€/tCO2,2030,1396.38
Go RES v1.2.0,CZ,€/tCO2,2035,1719.8
Go RES v1.2.0,CZ,€/tCO2,2040,1939.9
Go RES v1.2.0,CZ,€/tCO2,2045,2935.93
Go RES v1.2.0,CZ,€/tCO2,2050,3915.25
Go RES v1.2.0,CZ,€/tCO2,2055,5637.12
Go RES v1.2.0,DE,€/tCO2,2018,589.35
Go RES v1.2.0,DE,€/tCO2,2025,1359.76
Go RES v1.2.0,DE,€/tCO2,2030,1380.29
Go RES v1.2.0,DE,€/tCO2,2035,1720.46
Go RES v1.2.0,DE,€/tCO2,2040,2001.92
Go RES v1.2.0,DE,€/tCO2,2045,2895.03
Go RES v1.2.0,DE,€/tCO2,2050,3914.32
Go RES v1.2.0,DE,€/tCO2,2055,5647.44
Go RES v1.2.0,DK,€/tCO2,2018,483.63
Go RES v1.2.0,DK,€/tCO2,2025,1366.61
Go RES v1.2.0,DK,€/tCO2,2030,1389.83
Go RES v1.2.0,DK,€/tCO2,2035,1698.18
Go RES v1.2.0,DK,€/tCO2,2040,1890.44
Go RES v1.2.0,DK,€/tCO2,2045,2935.96
Go RES v1.2.0,DK,€/tCO2,2050,3921.37
Go RES v1.2.0,DK,€/tCO2,2055,5641.36
Go RES v1.2.0,EE,€/tCO2,2018,623.02
Go RES v1.2.0,EE,€/tCO2,2025,1374.86
Go RES v1.2.0,EE,€/tCO2,2030,1396.43
Go RES v1.2.0,EE,€/tCO2,2035,1734.97
Go RES v1.2.0,EE,€/tCO2,2040,970.64
Go RES v1.2.0,EE,€/tCO2,2045,1483.08
Go RES v1.2.0,EE,€/tCO2,2050,6509.37
Go RES v1.2.0,EE,€/tCO2,2055,5255.44
Go RES v1.2.0,ES,€/tCO2,2018,589.35
Go RES v1.2.0,ES,€/tCO2,2025,1368.31
Go RES v1.2.0,ES,€/tCO2,2030,1396.31
Go RES v1.2.0,ES,€/tCO2,2035,1702.98
Go RES v1.2.0,ES,€/tCO2,2040,2097.15
Go RES v1.2.0,ES,€/tCO2,2045,2760.82
Go RES v1.2.0,ES,€/tCO2,2050,3914.3
Go RES v1.2.0,ES,€/tCO2,2055,5645.09
Go RES v1.2.0,FI,€/tCO2,2018,988.36
Go RES v1.2.0,FI,€/tCO2,2025,1384.94
Go RES v1.2.0,FI,€/tCO2,2030,1396.85
Go RES v1.2.0,FI,€/tCO2,2035,1734.92
Go RES v1.2.0,FI,€/tCO2,2040,591.93
Go RES v1.2.0,FI,€/tCO2,2045,4714.22
Go RES v1.2.0,FI,€/tCO2,2050,3746.19
Go RES v1.2.0,FI,€/tCO2,2055,6441.92
Go RES v1.2.0,FR,€/tCO2,2018,589.34
Go RES v1.2.0,FR,€/tCO2,2025,1369.27
Go RES v1.2.0,FR,€/tCO2,2030,1395.53
Go RES v1.2.0,FR,€/tCO2,2035,1696.11
Go RES v1.2.0,FR,€/tCO2,2040,1967.96
Go RES v1.2.0,FR,€/tCO2,2045,2982.12
Go RES v1.2.0,FR,€/tCO2,2050,3869.66
Go RES v1.2.0,FR,€/tCO2,2055,5640.44
Go RES v1.2.0,GR,€/tCO2,2018,626.19
Go RES v1.2.0,GR,€/tCO2,2025,1375.48
Go RES v1.2.0,GR,€/tCO2,2030,1386.9
Go RES v1.2.0,GR,€/tCO2,2035,1687.54
Go RES v1.2.0,GR,€/tCO2,2040,1986.47
Go RES v1.2.0,GR,€/tCO2,2045,2913.8
Go RES v1.2.0,GR,€/tCO2,2050,3915.44
Go RES v1.2.0,GR,€/tCO2,2055,5631.47
Go RES v1.2.0,HR,€/tCO2,2018,589.34
Go RES v1.2.0,HR,€/tCO2,2025,1373.18
Go RES v1.2.0,HR,€/tCO2,2030,1394.88
Go RES v1.2.0,HR,€/tCO2,2035,1719.95
Go RES v1.2.0,HR,€/tCO2,2040,1963.95
Go RES v1.2.0,HR,€/tCO2,2045,2910.08
Go RES v1.2.0,HR,€/tCO2,2050,3913.12
Go RES v1.2.0,HR,€/tCO2,2055,5638.69
Go RES v1.2.0,HU,€/tCO2,2018,589.34
Go RES v1.2.0,HU,€/tCO2,2025,1368.44
Go RES v1.2.0,HU,€/tCO2,2030,1396.31
Go RES v1.2.0,HU,€/tCO2,2035,1702.54
Go RES v1.2.0,HU,€/tCO2,2040,2028.84
Go RES v1.2.0,HU,€/tCO2,2045,2779.73
Go RES v1.2.0,HU,€/tCO2,2050,3946.5
Go RES v1.2.0,HU,€/tCO2,2055,5674.4
Go RES v1.2.0,IE,€/tCO2,2018,589.35
Go RES v1.2.0,IE,€/tCO2,2025,1374.85
Go RES v1.2.0,IE,€/tCO2,2030,1396.26
Go RES v1.2.0,IE,€/tCO2,2035,1701.17
Go RES v1.2.0,IE,€/tCO2,2040,2164.84
Go RES v1.2.0,IE,€/tCO2,2045,2695.31
Go RES v1.2.0,IE,€/tCO2,2050,3919.99
Go RES v1.2.0,IE,€/tCO2,2055,5640.39
Go RES v1.2.0,IT,€/tCO2,2018,589.34
Go RES v1.2.0,IT,€/tCO2,2025,1373.18
Go RES v1.2.0,IT,€/tCO2,2030,1377.8
Go RES v1.2.0,IT,€/tCO2,2035,1725.01
Go RES v1.2.0,IT,€/tCO2,2040,1973.94
Go RES v1.2.0,IT,€/tCO2,2045,2915.37
Go RES v1.2.0,IT,€/tCO2,2050,3914.91
Go RES v1.2.0,IT,€/tCO2,2055,5637.97
Go RES v1.2.0,LT,€/tCO2,2018,618.47
Go RES v1.2.0,LT,€/tCO2,2025,1374.93
Go RES v1.2.0,LT,€/tCO2,2030,1396.5
Go RES v1.2.0,LT,€/tCO2,2035,1731.9
Go RES v1.2.0,LT,€/tCO2,2040,1966.55
Go RES v1.2.0,LT,€/tCO2,2045,2901.06
Go RES v1.2.0,LT,€/tCO2,2050,3939.25
Go RES v1.2.0,LT,€/tCO2,2055,5640.51
Go RES v1.2.0,LU,€/tCO2,2018,575.68
Go RES v1.2.0,LU,€/tCO2,2025,1355.4
Go RES v1.2.0,LU,€/tCO2,2030,1396.38
Go RES v1.2.0,LU,€/tCO2,2035,1735.07
Go RES v1.2.0,LU,€/tCO2,2040,2164.59
Go RES v1.2.0,LU,€/tCO2,2045,1232.7
Go RES v1.2.0,LU,€/tCO2,2050,6423.45
Go RES v1.2.0,LU,€/tCO2,2055,4693.92
Go RES v1.2.0,LV,€/tCO2,2018,618.47
Go RES v1.2.0,LV,€/tCO2,2025,1374.85
Go RES v1.2.0,LV,€/tCO2,2030,1392.21
Go RES v1.2.0,LV,€/tCO2,2035,1495.11
Go RES v1.2.0,LV,€/tCO2,2040,1940.3
Go RES v1.2.0,LV,€/tCO2,2045,2914.37
Go RES v1.2.0,LV,€/tCO2,2050,3899.4
Go RES v1.2.0,LV,€/tCO2,2055,5608.85
Go RES v1.2.0,NL,€/tCO2,2018,589.35
Go RES v1.2.0,NL,€/tCO2,2025,1364.46
Go RES v1.2.0,NL,€/tCO2,2030,1396.45
Go RES v1.2.0,NL,€/tCO2,2035,1735.07
Go RES v1.2.0,NL,€/tCO2,2040,2143.75
Go RES v1.2.0,NL,€/tCO2,2045,2872.28
Go RES v1.2.0,NL,€/tCO2,2050,3801.05
Go RES v1.2.0,NL,€/tCO2,2055,5624.65
Go RES v1.2.0,NO,€/tCO2,2018,644.8
Go RES v1.2.0,NO,€/tCO2,2025,1337.49
Go RES v1.2.0,NO,€/tCO2,2030,1396.86
Go RES v1.2.0,NO,€/tCO2,2035,1739.9
Go RES v1.2.0,NO,€/tCO2,2040,1895.13
Go RES v1.2.0,NO,€/tCO2,2045,3014.65
Go RES v1.2.0,NO,€/tCO2,2050,3842.53
Go RES v1.2.0,NO,€/tCO2,2055,5647.79
Go RES v1.2.0,NONEU_Balkan,€/tCO2,2018,636.06
Go RES v1.2.0,NONEU_Balkan,€/tCO2,2025,1375.34
Go RES v1.2.0,NONEU_Balkan,€/tCO2,2030,1396.31
Go RES v1.2.0,NONEU_Balkan,€/tCO2,2035,1646.43
Go RES v1.2.0,NONEU_Balkan,€/tCO2,2040,2151.22
Go RES v1.2.0,NONEU_Balkan,€/tCO2,2045,3031.59
Go RES v1.2.0,NONEU_Balkan,€/tCO2,2050,5233.45
Go RES v1.2.0,NONEU_Balkan,€/tCO2,2055,5005.45
Go RES v1.2.0,PL,€/tCO2,2018,491.26
Go RES v1.2.0,PL,€/tCO2,2025,1379.05
Go RES v1.2.0,PL,€/tCO2,2030,1392.45
Go RES v1.2.0,PL,€/tCO2,2035,1735.14
Go RES v1.2.0,PL,€/tCO2,2040,1947.83
Go RES v1.2.0,PL,€/tCO2,2045,2915.87
Go RES v1.2.0,PL,€/tCO2,2050,3912.2
Go RES v1.2.0,PL,€/tCO2,2055,5638.3
Go RES v1.2.0,PT,€/tCO2,2018,589.35
Go RES v1.2.0,PT,€/tCO2,2025,1368.6
Go RES v1.2.0,PT,€/tCO2,2030,1396.4
Go RES v1.2.0,PT,€/tCO2,2035,1731.11
Go RES v1.2.0,PT,€/tCO2,2040,1935.84
Go RES v1.2.0,PT,€/tCO2,2045,2904.94
Go RES v1.2.0,PT,€/tCO2,2050,3911.63
Go RES v1.2.0,PT,€/tCO2,2055,5652.47
Go RES v1.2.0,RO,€/tCO2,2018,589.34
Go RES v1.2.0,RO,€/tCO2,2025,1375.33
Go RES v1.2.0,RO,€/tCO2,2030,1391.72
Go RES v1.2.0,RO,€/tCO2,2035,1735.14
Go RES v1.2.0,RO,€/tCO2,2040,1966.31
Go RES v1.2.0,RO,€/tCO2,2045,2912.74
Go RES v1.2.0,RO,€/tCO2,2050,3900.14
Go RES v1.2.0,RO,€/tCO2,2055,5632.06
Go RES v1.2.0,SE,€/tCO2,2018,579.87
Go RES v1.2.0,SE,€/tCO2,2025,1391.61
Go RES v1.2.0,SE,€/tCO2,2030,1396.86
Go RES v1.2.0,SE,€/tCO2,2035,1860.71
Go RES v1.2.0,SE,€/tCO2,2040,1732.86
Go RES v1.2.0,SE,€/tCO2,2045,2952.39
Go RES v1.2.0,SE,€/tCO2,2050,3919.06
Go RES v1.2.0,SE,€/tCO2,2055,5626.21
Go RES v1.2.0,SI,€/tCO2,2018,620.16
Go RES v1.2.0,SI,€/tCO2,2025,1373.07
Go RES v1.2.0,SI,€/tCO2,2030,1396.15
Go RES v1.2.0,SI,€/tCO2,2035,1679.82
Go RES v1.2.0,SI,€/tCO2,2040,1169.39
Go RES v1.2.0,SI,€/tCO2,2045,3396.89
Go RES v1.2.0,SI,€/tCO2,2050,5297.24
Go RES v1.2.0,SI,€/tCO2,2055,4696.55
Go RES v1.2.0,SK,€/tCO2,2018,589.34
Go RES v1.2.0,SK,€/tCO2,2025,1378.68
Go RES v1.2.0,SK,€/tCO2,2030,1389.71
Go RES v1.2.0,SK,€/tCO2,2035,1735.14
Go RES v1.2.0,SK,€/tCO2,2040,1915.23
Go RES v1.2.0,SK,€/tCO2,2045,2938.59
Go RES v1.2.0,SK,€/tCO2,2050,3917.79
Go RES v1.2.0,SK,€/tCO2,2055,5632.91
Go RES v1.2.0,TR,€/tCO2,2018,575.61
Go RES v1.2.0,TR,€/tCO2,2025,1392.46
Go RES v1.2.0,TR,€/tCO2,2030,1396.31
Go RES v1.2.0,TR,€/tCO2,2035,1735.07
Go RES v1.2.0,TR,€/tCO2,2040,2187.77
Go RES v1.2.0,TR,€/tCO2,2045,1940.77
Go RES v1.2.0,TR,€/tCO2,2050,5247.55
Go RES v1.2.0,TR,€/tCO2,2055,5252.51
Go RES v1.2.0,UK,€/tCO2,2018,589.35
Go RES v1.2.0,UK,€/tCO2,2025,1363.96
Go RES v1.2.0,UK,€/tCO2,2030,1361.81
Go RES v1.2.0,UK,€/tCO2,2035,1735.04
Go RES v1.2.0,UK,€/tCO2,2040,2164.84
Go RES v1.2.0,UK,€/tCO2,2045,2787.22
Go RES v1.2.0,UK,€/tCO2,2050,3903.76
Go RES v1.2.0,UK,€/tCO2,2055,5646.94
REPowerEU++ v1.2.0,AT,€/tCO2,2018,143.55
REPowerEU++ v1.2.0,AT,€/tCO2,2025,231.85
REPowerEU++ v1.2.0,AT,€/tCO2,2030,169.55
REPowerEU++ v1.2.0,AT,€/tCO2,2035,311.89
REPowerEU++ v1.2.0,AT,€/tCO2,2040,401.42
REPowerEU++ v1.2.0,AT,€/tCO2,2045,552.92
REPowerEU++ v1.2.0,AT,€/tCO2,2050,623.54
REPowerEU++ v1.2.0,AT,€/tCO2,2055,738.62
REPowerEU++ v1.2.0,BE,€/tCO2,2018,143.55
REPowerEU++ v1.2.0,BE,€/tCO2,2025,237.03
REPowerEU++ v1.2.0,BE,€/tCO2,2030,213.79
REPowerEU++ v1.2.0,BE,€/tCO2,2035,322.45
REPowerEU++ v1.2.0,BE,€/tCO2,2040,395.52
REPowerEU++ v1.2.0,BE,€/tCO2,2045,534.24
REPowerEU++ v1.2.0,BE,€/tCO2,2050,597.79
REPowerEU++ v1.2.0,BE,€/tCO2,2055,738.32
REPowerEU++ v1.2.0,BG,€/tCO2,2018,132.04
REPowerEU++ v1.2.0,BG,€/tCO2,2025,236.32
REPowerEU++ v1.2.0,BG,€/tCO2,2030,218.64
REPowerEU++ v1.2.0,BG,€/tCO2,2035,319.96
REPowerEU++ v1.2.0,BG,€/tCO2,2040,390.66
REPowerEU++ v1.2.0,BG,€/tCO2,2045,545.64
REPowerEU++ v1.2.0,BG,€/tCO2,2050,651.23
REPowerEU++ v1.2.0,BG,€/tCO2,2055,737.29
REPowerEU++ v1.2.0,CH,€/tCO2,2018,143.55
REPowerEU++ v1.2.0,CH,€/tCO2,2025,231.61
REPowerEU++ v1.2.0,CH,€/tCO2,2030,212.67
REPowerEU++ v1.2.0,CH,€/tCO2,2035,290.38
REPowerEU++ v1.2.0,CH,€/tCO2,2040,401.56
REPowerEU++ v1.2.0,CH,€/tCO2,2045,540.71
REPowerEU++ v1.2.0,CH,€/tCO2,2050,644.79
REPowerEU++ v1.2.0,CH,€/tCO2,2055,738.18
REPowerEU++ v1.2.0,CZ,€/tCO2,2018,143.55
REPowerEU++ v1.2.0,CZ,€/tCO2,2025,232.15
REPowerEU++ v1.2.0,CZ,€/tCO2,2030,209.78
REPowerEU++ v1.2.0,CZ,€/tCO2,2035,323.78
REPowerEU++ v1.2.0,CZ,€/tCO2,2040,399.35
REPowerEU++ v1.2.0,CZ,€/tCO2,2045,534.84
REPowerEU++ v1.2.0,CZ,€/tCO2,2050,659.16
REPowerEU++ v1.2.0,CZ,€/tCO2,2055,724.91
REPowerEU++ v1.2.0,DE,€/tCO2,2018,143.55
REPowerEU++ v1.2.0,DE,€/tCO2,2025,232.18
REPowerEU++ v1.2.0,DE,€/tCO2,2030,171.98
REPowerEU++ v1.2.0,DE,€/tCO2,2035,322.38
REPowerEU++ v1.2.0,DE,€/tCO2,2040,401.6
REPowerEU++ v1.2.0,DE,€/tCO2,2045,527.93
REPowerEU++ v1.2.0,DE,€/tCO2,2050,665.23
REPowerEU++ v1.2.0,DE,€/tCO2,2055,737.21
REPowerEU++ v1.2.0,DK,€/tCO2,2018,107.81
REPowerEU++ v1.2.0,DK,€/tCO2,2025,216.72
REPowerEU++ v1.2.0,DK,€/tCO2,2030,184.27
REPowerEU++ v1.2.0,DK,€/tCO2,2035,307.43
REPowerEU++ v1.2.0,DK,€/tCO2,2040,401.66
REPowerEU++ v1.2.0,DK,€/tCO2,2045,538.05
REPowerEU++ v1.2.0,DK,€/tCO2,2050,651.67
REPowerEU++ v1.2.0,DK,€/tCO2,2055,722.21
REPowerEU++ v1.2.0,EE,€/tCO2,2018,88.55
REPowerEU++ v1.2.0,EE,€/tCO2,2025,186.78
REPowerEU++ v1.2.0,EE,€/tCO2,2030,207.12
REPowerEU++ v1.2.0,EE,€/tCO2,2035,310.23
REPowerEU++ v1.2.0,EE,€/tCO2,2040,364.32
REPowerEU++ v1.2.0,EE,€/tCO2,2045,552.65
REPowerEU++ v1.2.0,EE,€/tCO2,2050,677.27
REPowerEU++ v1.2.0,EE,€/tCO2,2055,770.1
REPowerEU++ v1.2.0,ES,€/tCO2,2018,143.55
REPowerEU++ v1.2.0,ES,€/tCO2,2025,231.28
REPowerEU++ v1.2.0,ES,€/tCO2,2030,210.24
REPowerEU++ v1.2.0,ES,€/tCO2,2035,314.79
REPowerEU++ v1.2.0,ES,€/tCO2,2040,384.08
REPowerEU++ v1.2.0,ES,€/tCO2,2045,544.98
REPowerEU++ v1.2.0,ES,€/tCO2,2050,667.46
REPowerEU++ v1.2.0,ES,€/tCO2,2055,727.2
REPowerEU++ v1.2.0,FI,€/tCO2,2018,73.59
REPowerEU++ v1.2.0,FI,€/tCO2,2025,237.09
REPowerEU++ v1.2.0,FI,€/tCO2,2030,210.81
REPowerEU++ v1.2.0,FI,€/tCO2,2035,305.93
REPowerEU++ v1.2.0,FI,€/tCO2,2040,368.98
REPowerEU++ v1.2.0,FI,€/tCO2,2045,458.11
REPowerEU++ v1.2.0,FI,€/tCO2,2050,686.3
REPowerEU++ v1.2.0,FI,€/tCO2,2055,756.25
REPowerEU++ v1.2.0,FR,€/tCO2,2018,143.55
REPowerEU++ v1.2.0,FR,€/tCO2,2025,231.59
REPowerEU++ v1.2.0,FR,€/tCO2,2030,178.15
REPowerEU++ v1.2.0,FR,€/tCO2,2035,319.06
REPowerEU++ v1.2.0,FR,€/tCO2,2040,401.75
REPowerEU++ v1.2.0,FR,€/tCO2,2045,566.95
REPowerEU++ v1.2.0,FR,€/tCO2,2050,606.96
REPowerEU++ v1.2.0,FR,€/tCO2,2055,738.13
REPowerEU++ v1.2.0,GR,€/tCO2,2018,271.16
REPowerEU++ v1.2.0,GR,€/tCO2,2025,231.9
REPowerEU++ v1.2.0,GR,€/tCO2,2030,224.94
REPowerEU++ v1.2.0,GR,€/tCO2,2035,318.57
REPowerEU++ v1.2.0,GR,€/tCO2,2040,390.13
REPowerEU++ v1.2.0,GR,€/tCO2,2045,552.31
REPowerEU++ v1.2.0,GR,€/tCO2,2050,674.34
REPowerEU++ v1.2.0,GR,€/tCO2,2055,730.82
REPowerEU++ v1.2.0,HR,€/tCO2,2018,143.57
REPowerEU++ v1.2.0,HR,€/tCO2,2025,231.79
REPowerEU++ v1.2.0,HR,€/tCO2,2030,206.52
REPowerEU++ v1.2.0,HR,€/tCO2,2035,320
REPowerEU++ v1.2.0,HR,€/tCO2,2040,396.31
REPowerEU++ v1.2.0,HR,€/tCO2,2045,539.29
REPowerEU++ v1.2.0,HR,€/tCO2,2050,669.56
REPowerEU++ v1.2.0,HR,€/tCO2,2055,734.94
REPowerEU++ v1.2.0,HU,€/tCO2,2018,143.53
REPowerEU++ v1.2.0,HU,€/tCO2,2025,231.91
REPowerEU++ v1.2.0,HU,€/tCO2,2030,224.94
REPowerEU++ v1.2.0,HU,€/tCO2,2035,322.41
REPowerEU++ v1.2.0,HU,€/tCO2,2040,381.56
REPowerEU++ v1.2.0,HU,€/tCO2,2045,532.83
REPowerEU++ v1.2.0,HU,€/tCO2,2050,551.36
REPowerEU++ v1.2.0,HU,€/tCO2,2055,738.86
REPowerEU++ v1.2.0,IE,€/tCO2,2018,143.55
REPowerEU++ v1.2.0,IE,€/tCO2,2025,215.4
REPowerEU++ v1.2.0,IE,€/tCO2,2030,246.63
REPowerEU++ v1.2.0,IE,€/tCO2,2035,315.69
REPowerEU++ v1.2.0,IE,€/tCO2,2040,387.81
REPowerEU++ v1.2.0,IE,€/tCO2,2045,547.31
REPowerEU++ v1.2.0,IE,€/tCO2,2050,664.98
REPowerEU++ v1.2.0,IE,€/tCO2,2055,736.5
REPowerEU++ v1.2.0,IT,€/tCO2,2018,143.55
REPowerEU++ v1.2.0,IT,€/tCO2,2025,231.61
REPowerEU++ v1.2.0,IT,€/tCO2,2030,121.46
REPowerEU++ v1.2.0,IT,€/tCO2,2035,316.27
REPowerEU++ v1.2.0,IT,€/tCO2,2040,382.67
REPowerEU++ v1.2.0,IT,€/tCO2,2045,541.25
REPowerEU++ v1.2.0,IT,€/tCO2,2050,674.95
REPowerEU++ v1.2.0,IT,€/tCO2,2055,738.86
REPowerEU++ v1.2.0,LT,€/tCO2,2018,76.65
REPowerEU++ v1.2.0,LT,€/tCO2,2025,220.02
REPowerEU++ v1.2.0,LT,€/tCO2,2030,209.08
REPowerEU++ v1.2.0,LT,€/tCO2,2035,317.77
REPowerEU++ v1.2.0,LT,€/tCO2,2040,375.43
REPowerEU++ v1.2.0,LT,€/tCO2,2045,555.33
REPowerEU++ v1.2.0,LT,€/tCO2,2050,675.5
REPowerEU++ v1.2.0,LT,€/tCO2,2055,738.62
REPowerEU++ v1.2.0,LU,€/tCO2,2018,152.35
REPowerEU++ v1.2.0,LU,€/tCO2,2025,174.98
REPowerEU++ v1.2.0,LU,€/tCO2,2030,208.49
REPowerEU++ v1.2.0,LU,€/tCO2,2035,315.34
REPowerEU++ v1.2.0,LU,€/tCO2,2040,328.92
REPowerEU++ v1.2.0,LU,€/tCO2,2045,533.75
REPowerEU++ v1.2.0,LU,€/tCO2,2050,665.18
REPowerEU++ v1.2.0,LU,€/tCO2,2055,738.38
REPowerEU++ v1.2.0,LV,€/tCO2,2018,76.65
REPowerEU++ v1.2.0,LV,€/tCO2,2025,96.17
REPowerEU++ v1.2.0,LV,€/tCO2,2030,222.42
REPowerEU++ v1.2.0,LV,€/tCO2,2035,304.1
REPowerEU++ v1.2.0,LV,€/tCO2,2040,379.04
REPowerEU++ v1.2.0,LV,€/tCO2,2045,542.31
REPowerEU++ v1.2.0,LV,€/tCO2,2050,674.78
REPowerEU++ v1.2.0,LV,€/tCO2,2055,699.76
REPowerEU++ v1.2.0,NL,€/tCO2,2018,143.55
REPowerEU++ v1.2.0,NL,€/tCO2,2025,237.06
REPowerEU++ v1.2.0,NL,€/tCO2,2030,211.18
REPowerEU++ v1.2.0,NL,€/tCO2,2035,324.67
REPowerEU++ v1.2.0,NL,€/tCO2,2040,400.64
REPowerEU++ v1.2.0,NL,€/tCO2,2045,517.66
REPowerEU++ v1.2.0,NL,€/tCO2,2050,620.39
REPowerEU++ v1.2.0,NL,€/tCO2,2055,709.83
REPowerEU++ v1.2.0,NO,€/tCO2,2018,70.87
REPowerEU++ v1.2.0,NO,€/tCO2,2025,227.99
REPowerEU++ v1.2.0,NO,€/tCO2,2030,192.99
REPowerEU++ v1.2.0,NO,€/tCO2,2035,291.68
REPowerEU++ v1.2.0,NO,€/tCO2,2040,377.74
REPowerEU++ v1.2.0,NO,€/tCO2,2045,546.83
REPowerEU++ v1.2.0,NO,€/tCO2,2050,684.93
REPowerEU++ v1.2.0,NO,€/tCO2,2055,724.55
REPowerEU++ v1.2.0,NONEU_Balkan,€/tCO2,2018,147.71
REPowerEU++ v1.2.0,NONEU_Balkan,€/tCO2,2025,233
REPowerEU++ v1.2.0,NONEU_Balkan,€/tCO2,2030,232.7
REPowerEU++ v1.2.0,NONEU_Balkan,€/tCO2,2035,310.85
REPowerEU++ v1.2.0,NONEU_Balkan,€/tCO2,2040,396.3
REPowerEU++ v1.2.0,NONEU_Balkan,€/tCO2,2045,525.71
REPowerEU++ v1.2.0,NONEU_Balkan,€/tCO2,2050,665.04
REPowerEU++ v1.2.0,NONEU_Balkan,€/tCO2,2055,800.74
REPowerEU++ v1.2.0,PL,€/tCO2,2018,188.65
REPowerEU++ v1.2.0,PL,€/tCO2,2025,231.16
REPowerEU++ v1.2.0,PL,€/tCO2,2030,211.91
REPowerEU++ v1.2.0,PL,€/tCO2,2035,321.17
REPowerEU++ v1.2.0,PL,€/tCO2,2040,398.49
REPowerEU++ v1.2.0,PL,€/tCO2,2045,530.47
REPowerEU++ v1.2.0,PL,€/tCO2,2050,666.67
REPowerEU++ v1.2.0,PL,€/tCO2,2055,735.19
REPowerEU++ v1.2.0,PT,€/tCO2,2018,143.57
REPowerEU++ v1.2.0,PT,€/tCO2,2025,231.19
REPowerEU++ v1.2.0,PT,€/tCO2,2030,210.24
REPowerEU++ v1.2.0,PT,€/tCO2,2035,283.78
REPowerEU++ v1.2.0,PT,€/tCO2,2040,374.72
REPowerEU++ v1.2.0,PT,€/tCO2,2045,562.04
REPowerEU++ v1.2.0,PT,€/tCO2,2050,685
REPowerEU++ v1.2.0,PT,€/tCO2,2055,676.19
REPowerEU++ v1.2.0,RO,€/tCO2,2018,143.56
REPowerEU++ v1.2.0,RO,€/tCO2,2025,231.35
REPowerEU++ v1.2.0,RO,€/tCO2,2030,204.36
REPowerEU++ v1.2.0,RO,€/tCO2,2035,319.13
REPowerEU++ v1.2.0,RO,€/tCO2,2040,390.87
REPowerEU++ v1.2.0,RO,€/tCO2,2045,545.8
REPowerEU++ v1.2.0,RO,€/tCO2,2050,646.71
REPowerEU++ v1.2.0,RO,€/tCO2,2055,738.78
REPowerEU++ v1.2.0,SE,€/tCO2,2018,55.32
REPowerEU++ v1.2.0,SE,€/tCO2,2025,227.1
REPowerEU++ v1.2.0,SE,€/tCO2,2030,201.48
REPowerEU++ v1.2.0,SE,€/tCO2,2035,321.59
REPowerEU++ v1.2.0,SE,€/tCO2,2040,404.64
REPowerEU++ v1.2.0,SE,€/tCO2,2045,528.91
REPowerEU++ v1.2.0,SE,€/tCO2,2050,661.59
REPowerEU++ v1.2.0,SE,€/tCO2,2055,715.15
REPowerEU++ v1.2.0,SI,€/tCO2,2018,158.47
REPowerEU++ v1.2.0,SI,€/tCO2,2025,231.77
REPowerEU++ v1.2.0,SI,€/tCO2,2030,210.81
REPowerEU++ v1.2.0,SI,€/tCO2,2035,304.59
REPowerEU++ v1.2.0,SI,€/tCO2,2040,390.73
REPowerEU++ v1.2.0,SI,€/tCO2,2045,546.95
REPowerEU++ v1.2.0,SI,€/tCO2,2050,664.99
REPowerEU++ v1.2.0,SI,€/tCO2,2055,715.16
REPowerEU++ v1.2.0,SK,€/tCO2,2018,143.55
REPowerEU++ v1.2.0,SK,€/tCO2,2025,225.8
REPowerEU++ v1.2.0,SK,€/tCO2,2030,213.27
REPowerEU++ v1.2.0,SK,€/tCO2,2035,323.24
REPowerEU++ v1.2.0,SK,€/tCO2,2040,394.47
REPowerEU++ v1.2.0,SK,€/tCO2,2045,537.23
REPowerEU++ v1.2.0,SK,€/tCO2,2050,662.7
REPowerEU++ v1.2.0,SK,€/tCO2,2055,712.54
REPowerEU++ v1.2.0,TR,€/tCO2,2018,350.02
REPowerEU++ v1.2.0,TR,€/tCO2,2025,231.43
REPowerEU++ v1.2.0,TR,€/tCO2,2030,243.88
REPowerEU++ v1.2.0,TR,€/tCO2,2035,325.43
REPowerEU++ v1.2.0,TR,€/tCO2,2040,365.84
REPowerEU++ v1.2.0,TR,€/tCO2,2045,517.55
REPowerEU++ v1.2.0,TR,€/tCO2,2050,583.36
REPowerEU++ v1.2.0,TR,€/tCO2,2055,737.46
REPowerEU++ v1.2.0,UK,€/tCO2,2018,143.55
REPowerEU++ v1.2.0,UK,€/tCO2,2025,226.88
REPowerEU++ v1.2.0,UK,€/tCO2,2030,222.54
REPowerEU++ v1.2.0,UK,€/tCO2,2035,315.4
REPowerEU++ v1.2.0,UK,€/tCO2,2040,399.12
REPowerEU++ v1.2.0,UK,€/tCO2,2045,553.15
REPowerEU++ v1.2.0,UK,€/tCO2,2050,636.59
REPowerEU++ v1.2.0,UK,€/tCO2,2055,712.35
NECPEssentials v1.2.0,AT,€/tCO2,2018,191.42
NECPEssentials v1.2.0,AT,€/tCO2,2025,283.81
NECPEssentials v1.2.0,AT,€/tCO2,2030,272.76
NECPEssentials v1.2.0,AT,€/tCO2,2035,364.13
NECPEssentials v1.2.0,AT,€/tCO2,2040,469.92
NECPEssentials v1.2.0,AT,€/tCO2,2045,699.55
NECPEssentials v1.2.0,AT,€/tCO2,2050,428.01
NECPEssentials v1.2.0,AT,€/tCO2,2055,1098.32
NECPEssentials v1.2.0,BE,€/tCO2,2018,191.41
NECPEssentials v1.2.0,BE,€/tCO2,2025,293.37
NECPEssentials v1.2.0,BE,€/tCO2,2030,311.9
NECPEssentials v1.2.0,BE,€/tCO2,2035,351.84
NECPEssentials v1.2.0,BE,€/tCO2,2040,455.34
NECPEssentials v1.2.0,BE,€/tCO2,2045,642.93
NECPEssentials v1.2.0,BE,€/tCO2,2050,722.24
NECPEssentials v1.2.0,BE,€/tCO2,2055,957.22
NECPEssentials v1.2.0,BG,€/tCO2,2018,146.1
NECPEssentials v1.2.0,BG,€/tCO2,2025,290.76
NECPEssentials v1.2.0,BG,€/tCO2,2030,311.82
NECPEssentials v1.2.0,BG,€/tCO2,2035,367.61
NECPEssentials v1.2.0,BG,€/tCO2,2040,451.33
NECPEssentials v1.2.0,BG,€/tCO2,2045,698.35
NECPEssentials v1.2.0,BG,€/tCO2,2050,695.06
NECPEssentials v1.2.0,BG,€/tCO2,2055,1085.55
NECPEssentials v1.2.0,CH,€/tCO2,2018,191.47
NECPEssentials v1.2.0,CH,€/tCO2,2025,283.57
NECPEssentials v1.2.0,CH,€/tCO2,2030,176.58
NECPEssentials v1.2.0,CH,€/tCO2,2035,351.72
NECPEssentials v1.2.0,CH,€/tCO2,2040,405.08
NECPEssentials v1.2.0,CH,€/tCO2,2045,674.86
NECPEssentials v1.2.0,CH,€/tCO2,2050,687.06
NECPEssentials v1.2.0,CH,€/tCO2,2055,1085.29
NECPEssentials v1.2.0,CZ,€/tCO2,2018,191.44
NECPEssentials v1.2.0,CZ,€/tCO2,2025,284.37
NECPEssentials v1.2.0,CZ,€/tCO2,2030,324.15
NECPEssentials v1.2.0,CZ,€/tCO2,2035,359.48
NECPEssentials v1.2.0,CZ,€/tCO2,2040,459.52
NECPEssentials v1.2.0,CZ,€/tCO2,2045,661.75
NECPEssentials v1.2.0,CZ,€/tCO2,2050,690.73
NECPEssentials v1.2.0,CZ,€/tCO2,2055,1083.87
NECPEssentials v1.2.0,DE,€/tCO2,2018,191.42
NECPEssentials v1.2.0,DE,€/tCO2,2025,282.14
NECPEssentials v1.2.0,DE,€/tCO2,2030,320.96
NECPEssentials v1.2.0,DE,€/tCO2,2035,341.19
NECPEssentials v1.2.0,DE,€/tCO2,2040,455.89
NECPEssentials v1.2.0,DE,€/tCO2,2045,683.85
NECPEssentials v1.2.0,DE,€/tCO2,2050,697.09
NECPEssentials v1.2.0,DE,€/tCO2,2055,1085.2
NECPEssentials v1.2.0,DK,€/tCO2,2018,181.58
NECPEssentials v1.2.0,DK,€/tCO2,2025,285.97
NECPEssentials v1.2.0,DK,€/tCO2,2030,315.65
NECPEssentials v1.2.0,DK,€/tCO2,2035,359.1
NECPEssentials v1.2.0,DK,€/tCO2,2040,416.63
NECPEssentials v1.2.0,DK,€/tCO2,2045,720.26
NECPEssentials v1.2.0,DK,€/tCO2,2050,686.69
NECPEssentials v1.2.0,DK,€/tCO2,2055,1085.91
NECPEssentials v1.2.0,EE,€/tCO2,2018,117.82
NECPEssentials v1.2.0,EE,€/tCO2,2025,285.52
NECPEssentials v1.2.0,EE,€/tCO2,2030,319.26
NECPEssentials v1.2.0,EE,€/tCO2,2035,364
NECPEssentials v1.2.0,EE,€/tCO2,2040,436.29
NECPEssentials v1.2.0,EE,€/tCO2,2045,699.73
NECPEssentials v1.2.0,EE,€/tCO2,2050,763.97
NECPEssentials v1.2.0,EE,€/tCO2,2055,1085.87
NECPEssentials v1.2.0,ES,€/tCO2,2018,191.4
NECPEssentials v1.2.0,ES,€/tCO2,2025,258.93
NECPEssentials v1.2.0,ES,€/tCO2,2030,263.99
NECPEssentials v1.2.0,ES,€/tCO2,2035,368.03
NECPEssentials v1.2.0,ES,€/tCO2,2040,470.26
NECPEssentials v1.2.0,ES,€/tCO2,2045,693.84
NECPEssentials v1.2.0,ES,€/tCO2,2050,691.7
NECPEssentials v1.2.0,ES,€/tCO2,2055,1072.17
NECPEssentials v1.2.0,FI,€/tCO2,2018,232.05
NECPEssentials v1.2.0,FI,€/tCO2,2025,294.02
NECPEssentials v1.2.0,FI,€/tCO2,2030,297.47
NECPEssentials v1.2.0,FI,€/tCO2,2035,356.54
NECPEssentials v1.2.0,FI,€/tCO2,2040,385.93
NECPEssentials v1.2.0,FI,€/tCO2,2045,699.73
NECPEssentials v1.2.0,FI,€/tCO2,2050,785.27
NECPEssentials v1.2.0,FI,€/tCO2,2055,947.62
NECPEssentials v1.2.0,FR,€/tCO2,2018,191.41
NECPEssentials v1.2.0,FR,€/tCO2,2025,274.11
NECPEssentials v1.2.0,FR,€/tCO2,2030,319.64
NECPEssentials v1.2.0,FR,€/tCO2,2035,349.49
NECPEssentials v1.2.0,FR,€/tCO2,2040,451.66
NECPEssentials v1.2.0,FR,€/tCO2,2045,699.81
NECPEssentials v1.2.0,FR,€/tCO2,2050,693.92
NECPEssentials v1.2.0,FR,€/tCO2,2055,1086.26
NECPEssentials v1.2.0,GR,€/tCO2,2018,139.15
NECPEssentials v1.2.0,GR,€/tCO2,2025,292.16
NECPEssentials v1.2.0,GR,€/tCO2,2030,301.02
NECPEssentials v1.2.0,GR,€/tCO2,2035,365.86
NECPEssentials v1.2.0,GR,€/tCO2,2040,456.66
NECPEssentials v1.2.0,GR,€/tCO2,2045,697.65
NECPEssentials v1.2.0,GR,€/tCO2,2050,689.82
NECPEssentials v1.2.0,GR,€/tCO2,2055,1083.64
NECPEssentials v1.2.0,HR,€/tCO2,2018,167.36
NECPEssentials v1.2.0,HR,€/tCO2,2025,284.87
NECPEssentials v1.2.0,HR,€/tCO2,2030,308.97
NECPEssentials v1.2.0,HR,€/tCO2,2035,366.3
NECPEssentials v1.2.0,HR,€/tCO2,2040,453.07
NECPEssentials v1.2.0,HR,€/tCO2,2045,692.79
NECPEssentials v1.2.0,HR,€/tCO2,2050,698.3
NECPEssentials v1.2.0,HR,€/tCO2,2055,1086.73
NECPEssentials v1.2.0,HU,€/tCO2,2018,167.4
NECPEssentials v1.2.0,HU,€/tCO2,2025,288.04
NECPEssentials v1.2.0,HU,€/tCO2,2030,302.74
NECPEssentials v1.2.0,HU,€/tCO2,2035,360.4
NECPEssentials v1.2.0,HU,€/tCO2,2040,444.9
NECPEssentials v1.2.0,HU,€/tCO2,2045,698.03
NECPEssentials v1.2.0,HU,€/tCO2,2050,754.18
NECPEssentials v1.2.0,HU,€/tCO2,2055,705.36
NECPEssentials v1.2.0,IE,€/tCO2,2018,191.4
NECPEssentials v1.2.0,IE,€/tCO2,2025,269.36
NECPEssentials v1.2.0,IE,€/tCO2,2030,321.83
NECPEssentials v1.2.0,IE,€/tCO2,2035,346.82
NECPEssentials v1.2.0,IE,€/tCO2,2040,438.27
NECPEssentials v1.2.0,IE,€/tCO2,2045,698.74
NECPEssentials v1.2.0,IE,€/tCO2,2050,753.8
NECPEssentials v1.2.0,IE,€/tCO2,2055,1084.65
NECPEssentials v1.2.0,IT,€/tCO2,2018,191.42
NECPEssentials v1.2.0,IT,€/tCO2,2025,283.46
NECPEssentials v1.2.0,IT,€/tCO2,2030,266.29
NECPEssentials v1.2.0,IT,€/tCO2,2035,343.64
NECPEssentials v1.2.0,IT,€/tCO2,2040,424.37
NECPEssentials v1.2.0,IT,€/tCO2,2045,661.97
NECPEssentials v1.2.0,IT,€/tCO2,2050,742.06
NECPEssentials v1.2.0,IT,€/tCO2,2055,1138.78
NECPEssentials v1.2.0,LT,€/tCO2,2018,100.08
NECPEssentials v1.2.0,LT,€/tCO2,2025,289.54
NECPEssentials v1.2.0,LT,€/tCO2,2030,322.31
NECPEssentials v1.2.0,LT,€/tCO2,2035,368.84
NECPEssentials v1.2.0,LT,€/tCO2,2040,447.44
NECPEssentials v1.2.0,LT,€/tCO2,2045,699.7
NECPEssentials v1.2.0,LT,€/tCO2,2050,650.81
NECPEssentials v1.2.0,LT,€/tCO2,2055,1100.74
NECPEssentials v1.2.0,LU,€/tCO2,2018,246.33
NECPEssentials v1.2.0,LU,€/tCO2,2025,270.78
NECPEssentials v1.2.0,LU,€/tCO2,2030,315.45
NECPEssentials v1.2.0,LU,€/tCO2,2035,334.19
NECPEssentials v1.2.0,LU,€/tCO2,2040,411.45
NECPEssentials v1.2.0,LU,€/tCO2,2045,650.35
NECPEssentials v1.2.0,LU,€/tCO2,2050,753.87
NECPEssentials v1.2.0,LU,€/tCO2,2055,1085.31
NECPEssentials v1.2.0,LV,€/tCO2,2018,100.08
NECPEssentials v1.2.0,LV,€/tCO2,2025,246.77
NECPEssentials v1.2.0,LV,€/tCO2,2030,321.01
NECPEssentials v1.2.0,LV,€/tCO2,2035,356.1
NECPEssentials v1.2.0,LV,€/tCO2,2040,451.01
NECPEssentials v1.2.0,LV,€/tCO2,2045,687.44
NECPEssentials v1.2.0,LV,€/tCO2,2050,753.68
NECPEssentials v1.2.0,LV,€/tCO2,2055,1037.32
NECPEssentials v1.2.0,NL,€/tCO2,2018,191.41
NECPEssentials v1.2.0,NL,€/tCO2,2025,293.4
NECPEssentials v1.2.0,NL,€/tCO2,2030,300.61
NECPEssentials v1.2.0,NL,€/tCO2,2035,367.34
NECPEssentials v1.2.0,NL,€/tCO2,2040,468.27
NECPEssentials v1.2.0,NL,€/tCO2,2045,699.85
NECPEssentials v1.2.0,NL,€/tCO2,2050,629.81
NECPEssentials v1.2.0,NL,€/tCO2,2055,1053.63
NECPEssentials v1.2.0,NO,€/tCO2,2018,128.64
NECPEssentials v1.2.0,NO,€/tCO2,2025,301.44
NECPEssentials v1.2.0,NO,€/tCO2,2030,305
NECPEssentials v1.2.0,NO,€/tCO2,2035,375.15
NECPEssentials v1.2.0,NO,€/tCO2,2040,251.28
NECPEssentials v1.2.0,NO,€/tCO2,2045,786.47
NECPEssentials v1.2.0,NO,€/tCO2,2050,704.93
NECPEssentials v1.2.0,NO,€/tCO2,2055,1085.09
NECPEssentials v1.2.0,NONEU_Balkan,€/tCO2,2018,145.83
NECPEssentials v1.2.0,NONEU_Balkan,€/tCO2,2025,288.1
NECPEssentials v1.2.0,NONEU_Balkan,€/tCO2,2030,308.78
NECPEssentials v1.2.0,NONEU_Balkan,€/tCO2,2035,366.48
NECPEssentials v1.2.0,NONEU_Balkan,€/tCO2,2040,440.26
NECPEssentials v1.2.0,NONEU_Balkan,€/tCO2,2045,696.28
NECPEssentials v1.2.0,NONEU_Balkan,€/tCO2,2050,754.51
NECPEssentials v1.2.0,NONEU_Balkan,€/tCO2,2055,1060.04
NECPEssentials v1.2.0,PL,€/tCO2,2018,147.65
NECPEssentials v1.2.0,PL,€/tCO2,2025,283.65
NECPEssentials v1.2.0,PL,€/tCO2,2030,311.77
NECPEssentials v1.2.0,PL,€/tCO2,2035,372.77
NECPEssentials v1.2.0,PL,€/tCO2,2040,470.15
NECPEssentials v1.2.0,PL,€/tCO2,2045,699.7
NECPEssentials v1.2.0,PL,€/tCO2,2050,675.81
NECPEssentials v1.2.0,PL,€/tCO2,2055,1081.14
NECPEssentials v1.2.0,PT,€/tCO2,2018,191.37
NECPEssentials v1.2.0,PT,€/tCO2,2025,275.73
NECPEssentials v1.2.0,PT,€/tCO2,2030,285.02
NECPEssentials v1.2.0,PT,€/tCO2,2035,368.03
NECPEssentials v1.2.0,PT,€/tCO2,2040,463.62
NECPEssentials v1.2.0,PT,€/tCO2,2045,706.92
NECPEssentials v1.2.0,PT,€/tCO2,2050,665.1
NECPEssentials v1.2.0,PT,€/tCO2,2055,1090.77
NECPEssentials v1.2.0,RO,€/tCO2,2018,167.31
NECPEssentials v1.2.0,RO,€/tCO2,2025,287.55
NECPEssentials v1.2.0,RO,€/tCO2,2030,314.6
NECPEssentials v1.2.0,RO,€/tCO2,2035,374.67
NECPEssentials v1.2.0,RO,€/tCO2,2040,442.12
NECPEssentials v1.2.0,RO,€/tCO2,2045,698.98
NECPEssentials v1.2.0,RO,€/tCO2,2050,698.56
NECPEssentials v1.2.0,RO,€/tCO2,2055,1006.6
NECPEssentials v1.2.0,SE,€/tCO2,2018,199.89
NECPEssentials v1.2.0,SE,€/tCO2,2025,305.93
NECPEssentials v1.2.0,SE,€/tCO2,2030,332.27
NECPEssentials v1.2.0,SE,€/tCO2,2035,373.46
NECPEssentials v1.2.0,SE,€/tCO2,2040,373.08
NECPEssentials v1.2.0,SE,€/tCO2,2045,768.63
NECPEssentials v1.2.0,SE,€/tCO2,2050,635.47
NECPEssentials v1.2.0,SE,€/tCO2,2055,1089.85
NECPEssentials v1.2.0,SI,€/tCO2,2018,44
NECPEssentials v1.2.0,SI,€/tCO2,2025,280.03
NECPEssentials v1.2.0,SI,€/tCO2,2030,294.68
NECPEssentials v1.2.0,SI,€/tCO2,2035,335.95
NECPEssentials v1.2.0,SI,€/tCO2,2040,453.33
NECPEssentials v1.2.0,SI,€/tCO2,2045,669.06
NECPEssentials v1.2.0,SI,€/tCO2,2050,753.97
NECPEssentials v1.2.0,SI,€/tCO2,2055,924.04
NECPEssentials v1.2.0,SK,€/tCO2,2018,191.44
NECPEssentials v1.2.0,SK,€/tCO2,2025,290.85
NECPEssentials v1.2.0,SK,€/tCO2,2030,314.72
NECPEssentials v1.2.0,SK,€/tCO2,2035,371.27
NECPEssentials v1.2.0,SK,€/tCO2,2040,469.92
NECPEssentials v1.2.0,SK,€/tCO2,2045,694.44
NECPEssentials v1.2.0,SK,€/tCO2,2050,684.44
NECPEssentials v1.2.0,SK,€/tCO2,2055,1084.63
NECPEssentials v1.2.0,TR,€/tCO2,2018,351.06
NECPEssentials v1.2.0,TR,€/tCO2,2025,270.62
NECPEssentials v1.2.0,TR,€/tCO2,2030,319.57
NECPEssentials v1.2.0,TR,€/tCO2,2035,361.92
NECPEssentials v1.2.0,TR,€/tCO2,2040,443.28
NECPEssentials v1.2.0,TR,€/tCO2,2045,686.15
NECPEssentials v1.2.0,TR,€/tCO2,2050,754.85
NECPEssentials v1.2.0,TR,€/tCO2,2055,981.16
NECPEssentials v1.2.0,UK,€/tCO2,2018,191.41
NECPEssentials v1.2.0,UK,€/tCO2,2025,257.95
NECPEssentials v1.2.0,UK,€/tCO2,2030,314.39
NECPEssentials v1.2.0,UK,€/tCO2,2035,355.42
NECPEssentials v1.2.0,UK,€/tCO2,2040,443.53
NECPEssentials v1.2.0,UK,€/tCO2,2045,699.97
NECPEssentials v1.2.0,UK,€/tCO2,2050,658.59
NECPEssentials v1.2.0,UK,€/tCO2,2055,1086.45
Trinity v1.2.0,AT,€/tCO2,2018,54.51
Trinity v1.2.0,AT,€/tCO2,2025,48.72
Trinity v1.2.0,AT,€/tCO2,2030,32.3
Trinity v1.2.0,AT,€/tCO2,2035,63.5
Trinity v1.2.0,AT,€/tCO2,2040,75.75
Trinity v1.2.0,AT,€/tCO2,2045,122.49
Trinity v1.2.0,AT,€/tCO2,2050,144.54
Trinity v1.2.0,AT,€/tCO2,2055,176.35
Trinity v1.2.0,BE,€/tCO2,2018,54.51
Trinity v1.2.0,BE,€/tCO2,2025,50.35
Trinity v1.2.0,BE,€/tCO2,2030,48.1
Trinity v1.2.0,BE,€/tCO2,2035,63.67
Trinity v1.2.0,BE,€/tCO2,2040,76.71
Trinity v1.2.0,BE,€/tCO2,2045,116
Trinity v1.2.0,BE,€/tCO2,2050,146.33
Trinity v1.2.0,BE,€/tCO2,2055,182.77
Trinity v1.2.0,BG,€/tCO2,2018,60.33
Trinity v1.2.0,BG,€/tCO2,2025,35.64
Trinity v1.2.0,BG,€/tCO2,2030,0.82
Trinity v1.2.0,BG,€/tCO2,2035,59.16
Trinity v1.2.0,BG,€/tCO2,2040,87.2
Trinity v1.2.0,BG,€/tCO2,2045,107.24
Trinity v1.2.0,BG,€/tCO2,2050,139.87
Trinity v1.2.0,BG,€/tCO2,2055,183.94
Trinity v1.2.0,CH,€/tCO2,2018,54.51
Trinity v1.2.0,CH,€/tCO2,2025,50
Trinity v1.2.0,CH,€/tCO2,2030,32.29
Trinity v1.2.0,CH,€/tCO2,2035,54.75
Trinity v1.2.0,CH,€/tCO2,2040,81.36
Trinity v1.2.0,CH,€/tCO2,2045,115.31
Trinity v1.2.0,CH,€/tCO2,2050,139.6
Trinity v1.2.0,CH,€/tCO2,2055,180.24
Trinity v1.2.0,CZ,€/tCO2,2018,54.5
Trinity v1.2.0,CZ,€/tCO2,2025,50.28
Trinity v1.2.0,CZ,€/tCO2,2030,48.04
Trinity v1.2.0,CZ,€/tCO2,2035,63.65
Trinity v1.2.0,CZ,€/tCO2,2040,87.7
Trinity v1.2.0,CZ,€/tCO2,2045,114.56
Trinity v1.2.0,CZ,€/tCO2,2050,144.13
Trinity v1.2.0,CZ,€/tCO2,2055,180.89
Trinity v1.2.0,DE,€/tCO2,2018,54.51
Trinity v1.2.0,DE,€/tCO2,2025,50.44
Trinity v1.2.0,DE,€/tCO2,2030,48.25
Trinity v1.2.0,DE,€/tCO2,2035,63.84
Trinity v1.2.0,DE,€/tCO2,2040,74.97
Trinity v1.2.0,DE,€/tCO2,2045,127.17
Trinity v1.2.0,DE,€/tCO2,2050,134.53
Trinity v1.2.0,DE,€/tCO2,2055,183.61
Trinity v1.2.0,DK,€/tCO2,2018,37.3
Trinity v1.2.0,DK,€/tCO2,2025,40.82
Trinity v1.2.0,DK,€/tCO2,2030,38.99
Trinity v1.2.0,DK,€/tCO2,2035,63.53
Trinity v1.2.0,DK,€/tCO2,2040,72.53
Trinity v1.2.0,DK,€/tCO2,2045,120.1
Trinity v1.2.0,DK,€/tCO2,2050,146.48
Trinity v1.2.0,DK,€/tCO2,2055,183.89
Trinity v1.2.0,EE,€/tCO2,2018,75.31
Trinity v1.2.0,EE,€/tCO2,2025,4.93
Trinity v1.2.0,EE,€/tCO2,2030,15.68
Trinity v1.2.0,EE,€/tCO2,2035,57.47
Trinity v1.2.0,EE,€/tCO2,2040,79.06
Trinity v1.2.0,EE,€/tCO2,2045,114.55
Trinity v1.2.0,EE,€/tCO2,2050,146.4
Trinity v1.2.0,EE,€/tCO2,2055,181.47
Trinity v1.2.0,ES,€/tCO2,2018,54.51
Trinity v1.2.0,ES,€/tCO2,2025,37.22
Trinity v1.2.0,ES,€/tCO2,2030,35.59
Trinity v1.2.0,ES,€/tCO2,2035,63.09
Trinity v1.2.0,ES,€/tCO2,2040,78.59
Trinity v1.2.0,ES,€/tCO2,2045,115.83
Trinity v1.2.0,ES,€/tCO2,2050,141.82
Trinity v1.2.0,ES,€/tCO2,2055,184.68
Trinity v1.2.0,FI,€/tCO2,2018,24.98
Trinity v1.2.0,FI,€/tCO2,2025,42.08
Trinity v1.2.0,FI,€/tCO2,2030,47.86
Trinity v1.2.0,FI,€/tCO2,2035,63.46
Trinity v1.2.0,FI,€/tCO2,2040,74.19
Trinity v1.2.0,FI,€/tCO2,2045,119.36
Trinity v1.2.0,FI,€/tCO2,2050,146.41
Trinity v1.2.0,FI,€/tCO2,2055,181.62
Trinity v1.2.0,FR,€/tCO2,2018,54.51
Trinity v1.2.0,FR,€/tCO2,2025,46.82
Trinity v1.2.0,FR,€/tCO2,2030,38.99
Trinity v1.2.0,FR,€/tCO2,2035,63.47
Trinity v1.2.0,FR,€/tCO2,2040,79.46
Trinity v1.2.0,FR,€/tCO2,2045,120.65
Trinity v1.2.0,FR,€/tCO2,2050,145.81
Trinity v1.2.0,FR,€/tCO2,2055,184.33
Trinity v1.2.0,GR,€/tCO2,2018,52
Trinity v1.2.0,GR,€/tCO2,2025,39.15
Trinity v1.2.0,GR,€/tCO2,2030,44.22
Trinity v1.2.0,GR,€/tCO2,2035,63.02
Trinity v1.2.0,GR,€/tCO2,2040,77.07
Trinity v1.2.0,GR,€/tCO2,2045,116.25
Trinity v1.2.0,GR,€/tCO2,2050,146.48
Trinity v1.2.0,GR,€/tCO2,2055,182.97
Trinity v1.2.0,HR,€/tCO2,2018,39.7
Trinity v1.2.0,HR,€/tCO2,2025,49.88
Trinity v1.2.0,HR,€/tCO2,2030,44.34
Trinity v1.2.0,HR,€/tCO2,2035,63.51
Trinity v1.2.0,HR,€/tCO2,2040,84.04
Trinity v1.2.0,HR,€/tCO2,2045,109.13
Trinity v1.2.0,HR,€/tCO2,2050,146.3
Trinity v1.2.0,HR,€/tCO2,2055,179.47
Trinity v1.2.0,HU,€/tCO2,2018,39.69
Trinity v1.2.0,HU,€/tCO2,2025,48.35
Trinity v1.2.0,HU,€/tCO2,2030,37.74
Trinity v1.2.0,HU,€/tCO2,2035,63.43
Trinity v1.2.0,HU,€/tCO2,2040,79.84
Trinity v1.2.0,HU,€/tCO2,2045,115.25
Trinity v1.2.0,HU,€/tCO2,2050,145.99
Trinity v1.2.0,HU,€/tCO2,2055,178.98
Trinity v1.2.0,IE,€/tCO2,2018,54.51
Trinity v1.2.0,IE,€/tCO2,2025,40.81
Trinity v1.2.0,IE,€/tCO2,2030,23.99
Trinity v1.2.0,IE,€/tCO2,2035,61.83
Trinity v1.2.0,IE,€/tCO2,2040,77.77
Trinity v1.2.0,IE,€/tCO2,2045,118.58
Trinity v1.2.0,IE,€/tCO2,2050,146.82
Trinity v1.2.0,IE,€/tCO2,2055,186.59
Trinity v1.2.0,IT,€/tCO2,2018,54.51
Trinity v1.2.0,IT,€/tCO2,2025,50
Trinity v1.2.0,IT,€/tCO2,2030,37.68
Trinity v1.2.0,IT,€/tCO2,2035,59.24
Trinity v1.2.0,IT,€/tCO2,2040,68.3
Trinity v1.2.0,IT,€/tCO2,2045,121.93
Trinity v1.2.0,IT,€/tCO2,2050,148.16
Trinity v1.2.0,IT,€/tCO2,2055,186.88
Trinity v1.2.0,LT,€/tCO2,2018,52.22
Trinity v1.2.0,LT,€/tCO2,2025,36.97
Trinity v1.2.0,LT,€/tCO2,2030,48.09
Trinity v1.2.0,LT,€/tCO2,2035,63.86
Trinity v1.2.0,LT,€/tCO2,2040,81.18
Trinity v1.2.0,LT,€/tCO2,2045,116.33
Trinity v1.2.0,LT,€/tCO2,2050,144.2
Trinity v1.2.0,LT,€/tCO2,2055,177.67
Trinity v1.2.0,LU,€/tCO2,2018,25.24
Trinity v1.2.0,LU,€/tCO2,2025,47.23
Trinity v1.2.0,LU,€/tCO2,2030,22.42
Trinity v1.2.0,LU,€/tCO2,2035,46.63
Trinity v1.2.0,LU,€/tCO2,2040,79.53
Trinity v1.2.0,LU,€/tCO2,2045,124.17
Trinity v1.2.0,LU,€/tCO2,2050,139.01
Trinity v1.2.0,LU,€/tCO2,2055,182.21
Trinity v1.2.0,LV,€/tCO2,2018,52.22
Trinity v1.2.0,LV,€/tCO2,2025,17.55
Trinity v1.2.0,LV,€/tCO2,2030,30.84
Trinity v1.2.0,LV,€/tCO2,2035,60.58
Trinity v1.2.0,LV,€/tCO2,2040,81.03
Trinity v1.2.0,LV,€/tCO2,2045,117.18
Trinity v1.2.0,LV,€/tCO2,2050,146.41
Trinity v1.2.0,LV,€/tCO2,2055,182.61
Trinity v1.2.0,NL,€/tCO2,2018,54.51
Trinity v1.2.0,NL,€/tCO2,2025,50.4
Trinity v1.2.0,NL,€/tCO2,2030,48.06
Trinity v1.2.0,NL,€/tCO2,2035,63.65
Trinity v1.2.0,NL,€/tCO2,2040,76.94
Trinity v1.2.0,NL,€/tCO2,2045,116.1
Trinity v1.2.0,NL,€/tCO2,2050,144.78
Trinity v1.2.0,NL,€/tCO2,2055,184.45
Trinity v1.2.0,NO,€/tCO2,2018,94.69
Trinity v1.2.0,NO,€/tCO2,2025,34.92
Trinity v1.2.0,NO,€/tCO2,2030,47.9
Trinity v1.2.0,NO,€/tCO2,2035,63.49
Trinity v1.2.0,NO,€/tCO2,2040,55.16
Trinity v1.2.0,NO,€/tCO2,2045,139.86
Trinity v1.2.0,NO,€/tCO2,2050,146.48
Trinity v1.2.0,NO,€/tCO2,2055,187.33
Trinity v1.2.0,NONEU_Balkan,€/tCO2,2018,26.08
Trinity v1.2.0,NONEU_Balkan,€/tCO2,2025,41.94
Trinity v1.2.0,NONEU_Balkan,€/tCO2,2030,44.64
Trinity v1.2.0,NONEU_Balkan,€/tCO2,2035,67.92
Trinity v1.2.0,NONEU_Balkan,€/tCO2,2040,87.76
Trinity v1.2.0,NONEU_Balkan,€/tCO2,2045,117.67
Trinity v1.2.0,NONEU_Balkan,€/tCO2,2050,147.18
Trinity v1.2.0,NONEU_Balkan,€/tCO2,2055,186.54
Trinity v1.2.0,PL,€/tCO2,2018,36.17
Trinity v1.2.0,PL,€/tCO2,2025,50.52
Trinity v1.2.0,PL,€/tCO2,2030,49.16
Trinity v1.2.0,PL,€/tCO2,2035,66.99
Trinity v1.2.0,PL,€/tCO2,2040,85.67
Trinity v1.2.0,PL,€/tCO2,2045,112.16
Trinity v1.2.0,PL,€/tCO2,2050,142.68
Trinity v1.2.0,PL,€/tCO2,2055,176.81
Trinity v1.2.0,PT,€/tCO2,2018,54.51
Trinity v1.2.0,PT,€/tCO2,2025,37.29
Trinity v1.2.0,PT,€/tCO2,2030,22.52
Trinity v1.2.0,PT,€/tCO2,2035,63.15
Trinity v1.2.0,PT,€/tCO2,2040,75.67
Trinity v1.2.0,PT,€/tCO2,2045,115.66
Trinity v1.2.0,PT,€/tCO2,2050,144.45
Trinity v1.2.0,PT,€/tCO2,2055,188.61
Trinity v1.2.0,RO,€/tCO2,2018,37.83
Trinity v1.2.0,RO,€/tCO2,2025,41.97
Trinity v1.2.0,RO,€/tCO2,2030,49.24
Trinity v1.2.0,RO,€/tCO2,2035,63.03
Trinity v1.2.0,RO,€/tCO2,2040,87.39
Trinity v1.2.0,RO,€/tCO2,2045,114.74
Trinity v1.2.0,RO,€/tCO2,2050,145.75
Trinity v1.2.0,RO,€/tCO2,2055,179.35
Trinity v1.2.0,SE,€/tCO2,2018,25.11
Trinity v1.2.0,SE,€/tCO2,2025,34.98
Trinity v1.2.0,SE,€/tCO2,2030,47.95
Trinity v1.2.0,SE,€/tCO2,2035,63.54
Trinity v1.2.0,SE,€/tCO2,2040,72.53
Trinity v1.2.0,SE,€/tCO2,2045,119.67
Trinity v1.2.0,SE,€/tCO2,2050,146.48
Trinity v1.2.0,SE,€/tCO2,2055,183.62
Trinity v1.2.0,SI,€/tCO2,2018,70.2
Trinity v1.2.0,SI,€/tCO2,2025,8.12
Trinity v1.2.0,SI,€/tCO2,2030,36.13
Trinity v1.2.0,SI,€/tCO2,2035,65.6
Trinity v1.2.0,SI,€/tCO2,2040,84.2
Trinity v1.2.0,SI,€/tCO2,2045,114.39
Trinity v1.2.0,SI,€/tCO2,2050,139.12
Trinity v1.2.0,SI,€/tCO2,2055,179.3
Trinity v1.2.0,SK,€/tCO2,2018,54.51
Trinity v1.2.0,SK,€/tCO2,2025,50.21
Trinity v1.2.0,SK,€/tCO2,2030,40.6
Trinity v1.2.0,SK,€/tCO2,2035,63.53
Trinity v1.2.0,SK,€/tCO2,2040,72.12
Trinity v1.2.0,SK,€/tCO2,2045,120.59
Trinity v1.2.0,SK,€/tCO2,2050,146.48
Trinity v1.2.0,SK,€/tCO2,2055,184.31
Trinity v1.2.0,TR,€/tCO2,2018,429.75
Trinity v1.2.0,TR,€/tCO2,2025,40.81
Trinity v1.2.0,TR,€/tCO2,2030,39.21
Trinity v1.2.0,TR,€/tCO2,2035,59.16
Trinity v1.2.0,TR,€/tCO2,2040,84.41
Trinity v1.2.0,TR,€/tCO2,2045,117.46
Trinity v1.2.0,TR,€/tCO2,2050,146.48
Trinity v1.2.0,TR,€/tCO2,2055,184.37
Trinity v1.2.0,UK,€/tCO2,2018,54.51
Trinity v1.2.0,UK,€/tCO2,2025,48.93
Trinity v1.2.0,UK,€/tCO2,2030,39.03
Trinity v1.2.0,UK,€/tCO2,2035,63.4
Trinity v1.2.0,UK,€/tCO2,2040,86.31
Trinity v1.2.0,UK,€/tCO2,2045,109.42
Trinity v1.2.0,UK,€/tCO2,2050,146.41
Trinity v1.2.0,UK,€/tCO2,2055,184.31
