unit_id,bus_id,primary_fuel,technology,name,capacity_mw,y,x,y_bus,x_bus
G0001,ES00007,Solar,PV,Arcos Arenosas,161,36.6061,-5.7988,36.67160539,-5.819809015
G0090,ES00157,Biomass,Biomass,Cubillos del Sil power station,50,42.6235,-6.5685,42.61241992,-6.566007479
G0190,ES00287,Biomass,Biomass,Son Reus incineration power station,38,39.6443,2.6824,39.65099598,2.679058667
G0315,ES00399,Biomass,Biomass,Ence Puertollano power station,50,38.6555,-3.9872,38.65884288,-3.989657988
G0443,ES00553,Biomass,Biomass,Ence Navia power station,37,43.5266,-6.7247,43.24308955,-6.86439275
G0445,ES00553,Biomass,Biomass,Ence Navia power station,40,43.5266,-6.7247,43.24308955,-6.86439275
G0455,ES00570,Biomass,Biomass,Curtis-Teixeiro power station,50,43.1577,-8.011,43.15157755,-8.02476885
G0567,ES00740,Biomass,Biomass,Sangüesa power station,30,42.5935,-1.2786,42.5994618,-1.2752849
G0704,ES00960,Biomass,Biomass,Sogama power station,50,43.1703,-8.4402,43.1701925,-8.4391677
G0746,ES01032,Biomass,Biomass,Zabalgarbi power station,57,43.2509,-2.9699,43.2472357,-2.9825069
G0845,ES01171,Biomass,Biomass,Ence Huelva power station,50,37.3071,-6.8615,37.3046235,-6.8648189
G0846,ES01171,Biomass,Biomass,Ence Huelva power station,41,37.3071,-6.8615,37.3046235,-6.8648189
G0039,ES00072,Coal,Coal,As Pontes power station,366,43.441395,-7.862578,43.43718515,-7.857049891
G0040,ES00072,Coal,Coal,As Pontes power station,369,43.441395,-7.862578,43.43718515,-7.857049891
G0058,ES00101,Coal,Coal,Aboño power station,556,43.553557,-5.721851,43.55473828,-5.728427008
G0059,ES00101,Coal,Coal,Aboño power station,360,43.553557,-5.721851,43.55473828,-5.728427008
G0109,ES00187,Coal,Coal,Los Barrios power station,589,36.1828,-5.42,36.18953461,-5.426242091
G0204,ES00291,Coal,Coal,Alcúdia power station,130,39.810751,3.091411,39.809604,3.0925777
G0206,ES00291,Coal,Coal,Alcúdia power station,130,39.810751,3.091411,39.809604,3.0925777
G0446,ES00558,Coal,Coal,Soto de Ribera power station,350,43.311717,-5.874,43.31465247,-5.888263182
G0742,ES01013,Coal,Coal,La Pereda Hunosa power station,50,43.247303,-5.754558,43.2763227,-5.8003965
G0004,ES00007,Gas,Combined_cycle,Arcos de la Frontera power station,389,36.6721,-5.8164,36.67160539,-5.819809015
G0005,ES00007,Gas,Combined_cycle,Arcos de la Frontera power station,373,36.6721,-5.8164,36.67160539,-5.819809015
G0006,ES00007,Gas,Combined_cycle,Arcos de la Frontera power station,823,36.6721,-5.8164,36.67160539,-5.819809015
G0041,ES00072,Gas,Combined_cycle,As Pontes power station,856,43.441395,-7.862578,43.43718515,-7.857049891
G0045,ES00080,Gas,Combined_cycle,Castelnou power station,800,41.2167,-0.2928,41.21797095,-0.281745352
G0065,ES00117,Gas,Combined_cycle,Sagunto power station,412,39.64248,-0.23321,39.64817817,-0.245370428
G0066,ES00117,Gas,Combined_cycle,Sagunto power station,411,39.64248,-0.23321,39.64817817,-0.245370428
G0067,ES00117,Gas,Combined_cycle,Sagunto power station,410,39.64248,-0.23321,39.64817817,-0.245370428
G0077,ES00136,Gas,Combined_cycle,Arrubal power station,395,42.4194,-2.2511,42.41713776,-2.2524704
G0078,ES00136,Gas,Combined_cycle,Arrubal power station,390,42.4194,-2.2511,42.41713776,-2.2524704
G0085,ES00153,Gas,Combined_cycle,Castejón power station,425,42.1718,-1.6773,42.16574584,-1.674387538
G0086,ES00153,Gas,Combined_cycle,Castejón power station,379,42.1718,-1.6773,42.16574584,-1.674387538
G0088,ES00153,Gas,Combined_cycle,Castejón power station,418,42.1718,-1.6773,42.16574584,-1.674387538
G0107,ES00187,Gas,Combined_cycle,San Roque 1 power station,390,36.19564,-5.41363,36.18953461,-5.426242091
G0108,ES00187,Gas,Combined_cycle,San Roque 2 power station,402,36.19564,-5.41363,36.18953461,-5.426242091
G0111,ES00190,Gas,Combined_cycle,San Roque Refinery power station,36,36.188789,-5.388149,36.1842067,-5.388420118
G0113,ES00190,Gas,Combined_cycle,Bahia de Algeciras power station,821,36.184,-5.388,36.1842067,-5.388420118
G0114,ES00190,Gas,Combined_cycle,Campo de Gibraltar power station,393,36.1834,-5.3933,36.1842067,-5.388420118
G0115,ES00190,Gas,Combined_cycle,Campo de Gibraltar power station,388,36.1834,-5.3933,36.1842067,-5.388420118
G0140,ES00212,Gas,Combined_cycle,Martorell Seat power station,25,41.49612,1.90134,41.50642776,1.891579625
G0145,ES00222,Gas,Combined_cycle,Neumaticos Michelin Vitoria power station,47,42.86668,-2.67174,42.86863292,-2.66549188
G0168,ES00267,Gas,Combined_cycle,Castellón power station,782,39.9592,-0.001,39.95807356,-0.001807552
G0169,ES00267,Gas,Combined_cycle,Castellón power station,858,39.9592,-0.001,39.95807356,-0.001807552
G0170,ES00267,Gas,Combined_cycle,Castellon Refinery power station,26,39.959128,-0.001605,39.95807356,-0.001807552
G0171,ES00269,Gas,Combined_cycle,Escatrón 3 power station,804,41.2971,-0.3399,41.29701038,-0.341089638
G0172,ES00269,Gas,Combined_cycle,Escatrón 3 power station,275,41.2971,-0.3399,41.29701038,-0.341089638
G0176,ES00273,Gas,Combined_cycle,Solvay Torrelavega power station,40,43.37658,-4.04467,43.35606199,-4.079197043
G0184,ES00281,Gas,Combined_cycle,Figuruelas power station,21,41.75202,-1.18021,41.7475754,-1.1880556
G0189,ES00287,Gas,Combined_cycle,Son Reus power station,233,39.64832,2.68081,39.65099598,2.679058667
G0192,ES00287,Gas,Combined_cycle,Son Reus power station,226,39.64832,2.68081,39.65099598,2.679058667
G0209,ES00300,Gas,Combined_cycle,Zaragoza Mill power station,43,41.693617,-0.825531,41.70798183,-0.777193011
G0210,ES00303,Gas,Combined_cycle,SAICA Mill Zaragoza power station,41,41.673431,-0.870441,41.74317649,-0.845002079
G0211,ES00303,Gas,Combined_cycle,SAICA Mill Zaragoza power station,50,41.673431,-0.870441,41.74317649,-0.845002079
G0255,ES00347,Gas,Combined_cycle,Cartagena (Escombreras) power station,418,37.57274,-0.93841,37.56829609,-0.949018642
G0256,ES00347,Gas,Combined_cycle,El Fangal power station,401,37.5709,-0.9458,37.56829609,-0.949018642
G0257,ES00347,Gas,Combined_cycle,El Fangal power station,395,37.5709,-0.9458,37.56829609,-0.949018642
G0258,ES00347,Gas,Combined_cycle,Escombreras Iberdrola power station,816,37.5647,-0.95132,37.56829609,-0.949018642
G0259,ES00347,Gas,Combined_cycle,Cartagena (Escombreras) power station,418,37.57274,-0.93841,37.56829609,-0.949018642
G0260,ES00347,Gas,Combined_cycle,Ecocarburantes Españoles power station,22,37.580497,-0.923301,37.56829609,-0.949018642
G0261,ES00347,Gas,Combined_cycle,El Fangal power station,403,37.5709,-0.9458,37.56829609,-0.949018642
G0262,ES00347,Gas,Combined_cycle,Cartagena (Escombreras) power station,413,37.57274,-0.93841,37.56829609,-0.949018642
G0263,ES00347,Gas,Combined_cycle,Repsol Cartagena Refinery power station,45,37.57512,-0.92928,37.56829609,-0.949018642
G0264,ES00347,Gas,Combined_cycle,Repsol Cartagena Refinery power station,42,37.57512,-0.92928,37.56829609,-0.949018642
G0284,ES00370,Gas,Combined_cycle,Plana del Vent power station,414,40.9596,0.8692,40.96667252,0.874153793
G0286,ES00370,Gas,Combined_cycle,Plana del Vent power station,420,40.9596,0.8692,40.96667252,0.874153793
G0308,ES00393,Gas,Combined_cycle,Losan Pina power station,23,39.99519,-2.04026,40.02823873,-2.31734755
G0314,ES00399,Oil,Combined_cycle,Puertollano (Repsol) power station,70,38.6707,-4.052,38.65884288,-3.989657988
G0329,ES00422,Gas,Combined_cycle,Barcelona Cartonboard power station,46,41.46418,1.9557,41.4453078,1.98632055
G0334,ES00427,Gas,Combined_cycle,Sabón 3 power station,391,43.329,-8.503,43.3291142,-8.500214
G0335,ES00428,Oil,Combined_cycle,La Coruna Refinery power station,80,43.3543,-8.4471,43.34008702,-8.428074525
G0346,ES00448,Gas,Combined_cycle,Tarragona power station,417,41.11024,1.18055,41.11571536,1.16413924
G0373,ES00477,Gas,Combined_cycle,Cristobal Colón power station,391,37.2156,-6.943,37.21672489,-6.94322315
G0376,ES00478,Gas,Combined_cycle,Refineria La Rabida power station,83,37.18568,-6.90083,37.18542752,-6.887260336
G0377,ES00478,Gas,Combined_cycle,Palos power station,391,37.18448,-6.89279,37.18542752,-6.887260336
G0378,ES00478,Gas,Combined_cycle,Palos power station,389,37.18448,-6.89279,37.18542752,-6.887260336
G0379,ES00478,Gas,Combined_cycle,Palos power station,387,37.18448,-6.89279,37.18542752,-6.887260336
G0380,ES00478,Gas,Combined_cycle,GEMASA power station,28,37.18408,-6.90394,37.18542752,-6.887260336
G0385,ES00490,Gas,Combined_cycle,Aceca 3 power station,386,39.9442,-3.8558,39.94559744,-3.859596671
G0386,ES00490,Gas,Combined_cycle,Aceca 4 power station,373,39.9427,-3.8548,39.94559744,-3.859596671
G0408,ES00518,Gas,Combined_cycle,Smurfit Mengíbar power station,26,37.98124,-3.79338,37.80044054,-3.80360548
G0412,ES00521,Gas,Combined_cycle,Puerto De Barcelona power station,435,41.3366,2.1594,41.34243347,2.101409033
G0413,ES00521,Gas,Combined_cycle,Puerto De Barcelona power station,431,41.3366,2.1594,41.34243347,2.101409033
G0441,ES00553,Gas,Combined_cycle,Navia (Prat) power station,24,43.50544,-6.69441,43.24308955,-6.86439275
G0447,ES00558,Gas,Combined_cycle,Soto de Ribera power station,426,43.311717,-5.874,43.31465247,-5.888263182
G0448,ES00558,Gas,Combined_cycle,Soto de Ribera power station,428,43.311717,-5.874,43.31465247,-5.888263182
G0456,ES00570,Gas,Combined_cycle,Bioetanol Galicia power station,25,43.156217,-8.023319,43.15157755,-8.02476885
G0459,ES00578,Gas,Combined_cycle,Hernani Mill power station,50,43.25835,-1.967771,43.25871609,-1.971057638
G0461,ES00583,Gas,Combined_cycle,Santurce power station,396,43.34,-3.0539,43.33785043,-3.0537456
G0462,ES00585,Gas,Combined_cycle,Bahía de Bizkaia power station,785,43.35904,-3.09211,43.35106688,-3.084161638
G0523,ES00683,Gas,Combined_cycle,Vila Ibiza power station,25,38.91214,1.426668,39.517267,2.4797604
G0528,ES00683,Gas,Combined_cycle,Vila Ibiza power station,25,38.91214,1.426668,39.517267,2.4797604
G0530,ES00683,Gas,Combined_cycle,Vila Ibiza power station,25,38.91214,1.426668,39.517267,2.4797604
G0546,ES00708,Gas,Combined_cycle,Michelin Valladolid power station,46,41.67526,-4.71607,41.6482427,-4.7429533
G0552,ES00713,Gas,Combined_cycle,Duenas Mill power station,50,41.83947,-4.56014,41.9781369,-4.4618987
G0565,ES00737,Gas,Combined_cycle,Sant Joan Mill power station,25,42.21502,2.51511,42.3644366,2.4575662
G0586,ES00784,Gas,Combined_cycle,Ca's Tresorer power station,230,39.5672,2.6895,39.5478284,2.7024104
G0587,ES00784,Gas,Combined_cycle,Ca's Tresorer power station,230,39.5672,2.6895,39.5478284,2.7024104
G0627,ES00843,Gas,Combined_cycle,Tortosa Energia power station,40,40.77019,0.53888,41.1181224,0.6423086
G0686,ES00918,Gas,Combined_cycle,Álabe Villarrubia power station,25,39.98555,-3.36898,40.1393252,-3.2421303
G0697,ES00933,Gas,Combined_cycle,Motril Mill power station,49,36.73162,-3.5424,36.8953589,-3.4188217
G0736,ES00998,Gas,Combined_cycle,Pobla De Claramunt power station,33,41.55193,1.68554,41.5793363,1.6755346
G0745,ES01025,Gas,Combined_cycle,Amorebieta power station,786,43.2347,-2.7497,43.2360059,-2.7491025
G0749,ES01038,Gas,Combined_cycle,Enercrisa power station,21,42.48385,-3.15084,42.5684765,-2.8852842
G0754,ES01047,Oil,Combined_cycle,Gajano power station,76,43.42204,-3.75087,43.3947957,-3.8263947
G0780,ES01089,Gas,Combined_cycle,Málaga power station,416,36.7495,-4.5631,36.7484529,-4.5623143
G0788,ES01113,Gas,Combined_cycle,Besós 3 power station,412,41.41847,2.22859,41.4244741,2.2220415
G0789,ES01113,Gas,Combined_cycle,Besós 4 power station,400,41.41847,2.22859,41.4244741,2.2220415
G0790,ES01113,Gas,Combined_cycle,Besós 5 power station,859,41.41847,2.22859,41.4244741,2.2220415
G0802,ES01131,Gas,Combined_cycle,Michelin Aranda power station,32,41.66287,-3.71,42.1952814,-3.6874047
G0814,ES01141,Gas,Combined_cycle,Losan Talosa power station,23,41.78313,-2.51152,41.9891689,-2.3733325
G0818,ES01144,Gas,Combined_cycle,Cartagena Refinery power station,95,37.70435,-1.09995,37.7563141,-0.9960002
G0910,ES01240,Gas,Combined_cycle,Peninsular de Cogeneracion Mill power station,34,40.270909,-3.768106,40.2741067,-3.75534
G0911,ES01240,Gas,Combined_cycle,Fuenlabrada Mill power station,43,40.26902,-3.77064,40.2741067,-3.75534
G0110,ES00190,Gas,Gas_turbine,San Roque Refinery power station,45,36.188789,-5.388149,36.1842067,-5.388420118
G0112,ES00190,Gas,Gas_turbine,San Roque Refinery power station,74,36.188789,-5.388149,36.1842067,-5.388420118
G0117,ES00190,Gas,Gas_turbine,San Roque Refinery power station,41,36.188789,-5.388149,36.1842067,-5.388420118
G0195,ES00290,Gas,Gas_turbine,Mahon power station,52,39.89686,4.25858,39.58242535,3.15799855
G0197,ES00290,Gas,Gas_turbine,Mahon power station,52,39.89686,4.25858,39.58242535,3.15799855
G0198,ES00290,Gas,Gas_turbine,Mahon power station,39,39.89686,4.25858,39.58242535,3.15799855
G0200,ES00290,Gas,Gas_turbine,Mahon power station,38,39.89686,4.25858,39.58242535,3.15799855
G0201,ES00290,Gas,Gas_turbine,Mahon power station,45,39.89686,4.25858,39.58242535,3.15799855
G0202,ES00291,Gas,Gas_turbine,Alcúdia power station,38,39.810751,3.091411,39.809604,3.0925777
G0203,ES00291,Gas,Gas_turbine,Alcúdia power station,38,39.810751,3.091411,39.809604,3.0925777
G0338,ES00438,Gas,Gas_turbine,Rossello Mill power station,23,41.6942,0.59499,41.61160869,0.670168989
G0503,ES00655,Gas,Gas_turbine,El Morell power station,65,41.1936,1.2253,41.19991098,1.230102883
G0504,ES00655,Gas,Gas_turbine,El Morell power station,85,41.1936,1.2253,41.19991098,1.230102883
G0526,ES00683,Gas,Gas_turbine,Vila Ibiza power station,25,38.91214,1.426668,39.517267,2.4797604
G0527,ES00683,Gas,Gas_turbine,Vila Ibiza power station,25,38.91214,1.426668,39.517267,2.4797604
G0531,ES00683,Gas,Gas_turbine,Vila Ibiza power station,25,38.91214,1.426668,39.517267,2.4797604
G0649,ES00876,Gas,Gas_turbine,Tarragona Refinery power station,85,41.1765,1.224,41.1595573,1.220298
G0116,ES00190,Gas,Gas_turbine,Ceuta power station,83,35.9026,-5.28949,36.1842067,-5.388420118
G0199,ES00290,Gas,Gas_turbine,Mahon power station,48,39.89686,4.25858,39.58242535,3.15799855
G0524,ES00683,Gas,Gas_turbine,Vila Ibiza power station,31,38.91214,1.426668,39.517267,2.4797604
G0529,ES00683,Gas,Gas_turbine,Vila Ibiza power station,74,38.91214,1.426668,39.517267,2.4797604
G0569,ES00740,Gas,Gas_turbine,Pamplona power station,36,42.54557,-1.35485,42.5994618,-1.2752849
G0092,ES00158,Nuclear,Nuclear,Almaraz nuclear power plant,1044,39.807,-5.6986,39.80737685,-5.693463916
G0093,ES00158,Nuclear,Nuclear,Almaraz nuclear power plant,1049,39.807,-5.6986,39.80737685,-5.693463916
G0138,ES00207,Nuclear,Nuclear,Ascó nuclear power plant,1027,41.1993,0.5694,41.20469582,0.571835215
G0139,ES00207,Nuclear,Nuclear,Ascó nuclear power plant,1033,41.1993,0.5694,41.20469582,0.571835215
G0160,ES00242,Nuclear,Nuclear,Cofrentes nuclear power plant,1102,39.2134,-1.0509,39.2144259,-1.054888867
G0285,ES00370,Nuclear,Nuclear,Vandellos nuclear power plant,1087,40.9511,0.8662,40.96667252,0.874153793
G0307,ES00391,Nuclear,Nuclear,Trillo nuclear power plant,1066,40.7016,-2.6227,40.7025996,-2.625732475
G0460,ES00579,Wind,Offshore,BIMEP,20,43.465,-2.8801,43.43379555,-2.8750824
G0014,ES00017,Wind,Onshore,,26,40.3556,-5.518,39.95098931,-5.58961715
G0016,ES00025,Wind,Onshore,,28,42.1824,-4.1521,42.1685218,-4.16934655
G0018,ES00027,Wind,Onshore,,70,42.3448,-3.6812,42.37118313,-3.651108943
G0022,ES00037,Wind,Onshore,Paramo de Vega,244,42.5167,-4.0071,42.59406171,-3.8605599
G0023,ES00040,Wind,Onshore,,92,42.1529,-4.6922,42.072153,-4.555873333
G0027,ES00054,Wind,Onshore,,189,41.8101,-4.9701,41.78886298,-4.937907267
G0028,ES00056,Wind,Onshore,Peña Roldana,45,41.6663,-5.9302,41.5278171,-5.987369946
G0033,ES00061,Wind,Onshore,,46,42.372,-5.0304,42.0898965,-5.19062905
G0035,ES00064,Wind,Onshore,,98,41.379,-0.9601,41.33636405,-0.975485381
G0036,ES00065,Wind,Onshore,Larriba-Hornillos,178,42.2476,-2.2543,42.34756215,-2.263475738
G0038,ES00072,Wind,Onshore,Goia-Peñote,563,43.7171,-7.9369,43.43718515,-7.857049891
G0042,ES00075,Wind,Onshore,Campillo Wind,353.2,39.6374,-1.6991,39.52528779,-1.565809062
G0048,ES00081,Wind,Onshore,Virgen Alfajarín,89,41.6801,-0.697,41.72159827,-0.74224505
G0050,ES00085,Wind,Onshore,,424,41.4029,-2.3252,41.43764353,-2.502841475
G0056,ES00096,Wind,Onshore,,54,42.5408,-3.4101,42.66718,-3.48791256
G0060,ES00107,Wind,Onshore,Guerinda,290,42.0353,-6.9052,42.03957868,-6.892729867
G0061,ES00109,Wind,Onshore,,91,41.983,-6.7638,42.03172784,-6.862016088
G0068,ES00125,Wind,Onshore,,72,42.2501,-7.3833,42.34441059,-7.280923017
G0069,ES00128,Wind,Onshore,,33,41.1748,-6.5194,41.2542996,-6.487798585
G0073,ES00131,Wind,Onshore,,50,40.965,-5.663,40.98994503,-5.690603175
G0075,ES00132,Wind,Onshore,Los Angostillos,224,41.9748,-4.2627,41.9985087,-4.2693297
G0081,ES00142,Wind,Onshore,,39,42.3001,-2.0101,42.27458167,-2.021622233
G0089,ES00155,Wind,Onshore,,18,42.1733,-6.6596,42.09210783,-6.655779875
G0097,ES00169,Wind,Onshore,,90,39.9865,-6.154,40.0095473,-6.0863667
G0099,ES00170,Wind,Onshore,Experimental Cener,178.2,42.6801,-1.5801,42.66966179,-1.65423425
G0101,ES00177,Wind,Onshore,,126,42.5892,-5.5633,42.55331557,-5.573930117
G0103,ES00179,Wind,Onshore,,13,36.8201,-4.7801,36.89506925,-4.743579714
G0105,ES00182,Wind,Onshore,El Cabrito,442,36.0132,-5.598,36.03324782,-5.608270362
G0119,ES00191,Wind,Onshore,,101,36.7368,-6.2798,36.6704206,-6.300356
G0120,ES00192,Wind,Onshore,,128,36.6901,-6.1301,36.61863881,-6.1188697
G0122,ES00193,Wind,Onshore,,200,37.1766,-2.9502,37.21691915,-2.9424736
G0124,ES00195,Wind,Onshore,,15,37.5302,-3.6562,37.26660817,-3.726574938
G0130,ES00199,Wind,Onshore,la serna,25,41.6411,-4.857,41.63855427,-4.813607333
G0134,ES00204,Wind,Onshore,,74,42.7647,-7.5701,42.62647428,-7.71349554
G0137,ES00207,Wind,Onshore,,30,41.3257,0.7298,41.20469582,0.571835215
G0142,ES00213,Wind,Onshore,Rubio,76,41.6611,1.6193,41.64856763,1.590416067
G0147,ES00227,Wind,Onshore,,20,42.9101,-4.2701,42.86722113,-4.261312667
G0148,ES00230,Wind,Onshore,,29,37.1823,-2.7889,37.17130745,-2.785553783
G0150,ES00232,Wind,Onshore,,100,42.7541,-4.0508,42.87981735,-4.16049625
G0152,ES00239,Wind,Onshore,,28,39.9667,-0.2501,39.92798712,-0.1777362
G0153,ES00240,Wind,Onshore,Las Cabrillas wind farm,495.8,40.4664,-0.2146,40.61184167,-0.195707189
G0159,ES00242,Wind,Onshore,Sierra de Boqueron,173,39.159,-1.1303,39.2144259,-1.054888867
G0165,ES00264,Wind,Onshore,,24,39.9665,-0.0812,39.96503575,-0.08966562
G0167,ES00266,Wind,Onshore,"Grado Montejo, Grayo Adalon",27,39.877,-0.0558,39.9472821,-0.08010976
G0175,ES00272,Wind,Onshore,,18,43.3598,-4.3493,43.3263039,-4.19184635
G0181,ES00278,Wind,Onshore,El Aguila Pedrola,84,41.712,-1.264,41.6973145,-1.288423893
G0183,ES00280,Wind,Onshore,Sierra del Boquerón (Phase 1),528,41.8341,-1.5327,41.84569718,-1.379562452
G0185,ES00281,Wind,Onshore,Tauste,64,41.885,-1.102,41.7475754,-1.1880556
G0188,ES00284,Wind,Onshore,Monteros,100,41.7863,-1.2785,41.77014215,-1.2877089
G0208,ES00293,Wind,Onshore,,69,42.6401,-6.1101,42.63139798,-6.04074395
G0213,ES00304,Wind,Onshore,,30,42.041,-0.821,42.03780538,-0.773692871
G0215,ES00306,Wind,Onshore,,43,42.6359,-8.6963,42.5855925,-8.64436025
G0216,ES00307,Wind,Onshore,,11,42.1388,-8.7897,42.24804957,-8.67896575
G0218,ES00309,Wind,Onshore,,40,42.2656,-8.2704,42.26152734,-8.26919366
G0220,ES00310,Wind,Onshore,,30,41.9924,-4.4851,41.99844008,-4.497570808
G0223,ES00316,Wind,Onshore,,15.37,42.9935,-8.1117,42.85335935,-8.195909892
G0227,ES00319,Wind,Onshore,,111,42.6687,-8.9619,42.8303809,-8.845303375
G0228,ES00321,Wind,Onshore,Greenalia M Tourado,144,43.1096,-8.8183,43.10171512,-9.048568633
G0229,ES00322,Wind,Onshore,Paxareiras IIF,204,42.8233,-9.0891,42.89205063,-9.029482986
G0230,ES00323,Wind,Onshore,Alto da Croa,139.4,43.0182,-9.0504,42.98195816,-9.08503298
G0235,ES00327,Wind,Onshore,,70,41.1555,-5.8543,41.1945368,-5.87605275
G0254,ES00346,Wind,Onshore,"Castellana 2a (Phase 2), La Castellana (Phase 2), La Castella (Phase 1)",110,36.5362,-6.0838,36.51531899,-6.129352086
G0266,ES00350,Wind,Onshore,,49,37.4623,-1.9888,37.43519878,-1.71367795
G0272,ES00359,Wind,Onshore,Oliva,184,38.806,-0.9529,39.04119847,-1.007304433
G0274,ES00362,Wind,Onshore,Generacion Eolica Castilla La Mancha,607.2,39.6756,-2.0762,39.63854236,-2.084642164
G0276,ES00364,Wind,Onshore,El Cabezuelo,1185,38.9935,-1.8599,39.0439816,-1.79958745
G0279,ES00365,Wind,Onshore,Chinchilla de Montearagon,311,38.8299,-1.6816,38.76417267,-1.602499
G0283,ES00370,Wind,Onshore,Les Colladetes (Phase 1),50,40.8832,0.6622,40.96667252,0.874153793
G0288,ES00372,Wind,Onshore,,97,41.3051,0.4024,41.24178638,0.430947233
G0290,ES00374,Wind,Onshore,Terra Alta,27,41.0274,0.4106,41.18859967,0.471009733
G0294,ES00380,Wind,Onshore,San Antoni,125.5,41.3552,0.6659,41.38812895,0.50535109
G0295,ES00381,Wind,Onshore,,52,41.1332,0.583,41.11825883,0.642293767
G0300,ES00387,Wind,Onshore,,78,40.807,-1.5835,40.91497977,-1.285603133
G0304,ES00390,Wind,Onshore,,96,41.2965,-3.1729,40.7471543,-2.9851744
G0306,ES00391,Wind,Onshore,,28,40.8112,-2.5479,40.7025996,-2.625732475
G0328,ES00416,Wind,Onshore,Casillas,60,39.9991,-0.6267,39.98743127,-0.655983433
G0331,ES00425,Wind,Onshore,,96,42.6801,-3.5801,42.68220895,-3.5502831
G0333,ES00427,Wind,Onshore,,106,43.2674,-8.7833,43.3291142,-8.500214
G0336,ES00432,Wind,Onshore,,18,42.696,-8.2465,42.74645115,-8.254531375
G0339,ES00439,Wind,Onshore,,16,41.4025,1.3046,41.37143157,1.361163589
G0348,ES00452,Wind,Onshore,"Vent de Cobera, Bon Vent Corbera",73,41.743,-0.295,41.52606716,-0.10007268
G0353,ES00459,Wind,Onshore,,41,41.451,-1.613,41.32090002,-1.706041363
G0354,ES00460,Wind,Onshore,,100,41.6296,-1.301,41.65020874,-1.29688474
G0356,ES00461,Wind,Onshore,Plana de la Bandera,180,41.9682,-1.5563,42.04801532,-1.618558058
G0358,ES00462,Wind,Onshore,,84,41.7701,-2.0301,41.74672295,-1.925624964
G0360,ES00463,Wind,Onshore,"Luna, Danto Luna",107,41.8501,-2.1001,41.87376365,-2.12013765
G0361,ES00464,Wind,Onshore,Grisel,13,41.859,-1.726,41.86302243,-1.6928503
G0362,ES00465,Wind,Onshore,Los Cantales,124,41.701,-1.352,41.70494763,-1.350157517
G0364,ES00466,Wind,Onshore,,16,41.512,-1.1301,41.49246904,-1.139317353
G0368,ES00472,Wind,Onshore,,23,40.4785,-4.6818,39.99771406,-4.82516562
G0371,ES00476,Wind,Onshore,Saucito Fase B,203,37.5802,-7.1459,37.547954,-7.240350733
G0383,ES00481,Wind,Onshore,,109,40.7201,-4.4701,40.87714615,-4.34415655
G0391,ES00494,Wind,Onshore,,13,36.8773,-2.6018,36.90855353,-2.465181533
G0393,ES00495,Wind,Onshore,"Central Hidroeléctrica de El Hierro, Valverde Hierro",95,37.1392,-3.6705,37.14614407,-3.674712867
G0396,ES00497,Wind,Onshore,La Noguera,65,37.0228,-2.2625,37.07103083,-2.3124344
G0397,ES00498,Wind,Onshore,,58,37.1701,-4.1501,37.11600135,-4.4125312
G0401,ES00506,Wind,Onshore,Cortijo de Iruelas,14,37.3167,-4.0501,37.24018705,-3.8849227
G0404,ES00510,Wind,Onshore,Oliva,91,38.6328,-0.8197,38.56016903,-0.855900263
G0411,ES00519,Wind,Onshore,,92,39.234,-3.8525,39.33955588,-3.87402278
G0415,ES00522,Wind,Onshore,,158,37.029,-5.0101,37.04359185,-4.9736444
G0416,ES00523,Wind,Onshore,,18,36.9348,-4.8709,36.92511523,-4.874176767
G0421,ES00531,Wind,Onshore,,42,36.4289,-5.7618,36.49578445,-5.784935343
G0422,ES00532,Wind,Onshore,,137,36.539,-5.3868,36.4147622,-5.26022225
G0425,ES00534,Wind,Onshore,Volandín de Ablitas,351,42.3337,-1.7942,42.41325211,-1.67944467
G0429,ES00538,Wind,Onshore,,30,37.4596,-5.1498,37.52910562,-5.163971125
G0434,ES00540,Wind,Onshore,,39,36.8794,-5.9509,37.00326447,-6.046246133
G0435,ES00544,Wind,Onshore,Curuxeiras,710,43.4246,-7.3299,43.59062384,-7.552902543
G0436,ES00545,Wind,Onshore,"Farrapa 2a Fase, Alto do Seixal-2 (WEPP)",341,43.3738,-7.327,43.12893001,-7.41423955
G0438,ES00549,Wind,Onshore,Avintia A Rua,270,42.6833,-7.2333,42.39064391,-7.088945871
G0439,ES00551,Wind,Onshore,,183,43.696,-7.4719,43.70202765,-7.47896355
G0440,ES00552,Wind,Onshore,,151,43.5025,-6.2651,43.36655428,-6.302351131
G0442,ES00553,Wind,Onshore,Sierra de Carondio y Muriellos,297,43.334,-6.7243,43.24308955,-6.86439275
G0449,ES00560,Wind,Onshore,,282,41.2596,-2.3801,41.10598012,-2.37395224
G0451,ES00562,Wind,Onshore,,70,41.7079,1.4636,41.67684307,1.4450963
G0453,ES00564,Wind,Onshore,,35,36.5643,-5.8802,36.52586238,-5.830822133
G0457,ES00570,Wind,Onshore,Pena Revolta (Phase Amplicación),180,42.9115,-7.9383,43.15157755,-8.02476885
G0463,ES00585,Wind,Onshore,Punta Lucero,20,43.3748,-3.0889,43.35106688,-3.084161638
G0465,ES00596,Wind,Onshore,,152,41.5062,1.2624,41.49639665,1.20154395
G0467,ES00597,Wind,Onshore,"Almudévar, Saso Plano",36,42.136,-0.592,42.21586425,-0.57227436
G0468,ES00599,Wind,Onshore,Terra Alta,70,41.1925,1.5915,41.25596963,1.579355338
G0469,ES00609,Wind,Onshore,,40,42.1479,-8.3593,42.12404345,-8.312002383
G0471,ES00610,Wind,Onshore,Campillo Wind,369,39.633,-1.8131,39.7160139,-1.93040572
G0476,ES00614,Wind,Onshore,,90,38.9804,-0.6894,39.06081693,-0.519681517
G0477,ES00615,Wind,Onshore,,260,42.4155,-3.769,42.40938854,-3.76307316
G0479,ES00621,Wind,Onshore,,117,42.5341,-6.2886,42.49190107,-6.33507815
G0482,ES00628,Wind,Onshore,,32,40.788,-0.884,40.7931527,-0.88151591
G0483,ES00629,Wind,Onshore,,54,42.082,-0.825,42.09222865,-0.84688605
G0484,ES00630,Wind,Onshore,,76,41.977,-0.601,41.96996293,-0.621004033
G0486,ES00633,Wind,Onshore,,24,36.1848,-5.4921,36.21361013,-5.452379213
G0487,ES00636,Wind,Onshore,"Torozos II, Corral Nuevo",42,40.4294,-3.6841,40.43083335,-3.713463275
G0488,ES00639,Wind,Onshore,Abuela Santa Marta (Phase 1),626.5,39.0531,-1.5016,38.88261445,-1.279693825
G0490,ES00640,Wind,Onshore,,171,41.9477,-2.2858,41.96315895,-2.24645195
G0491,ES00641,Wind,Onshore,Sierra del Acebo,92,43.354,-6.9701,43.22337795,-7.0075054
G0492,ES00642,Wind,Onshore,,16,43.4575,-6.0009,43.38859543,-5.99619951
G0496,ES00648,Wind,Onshore,,47,40.6541,-4.9812,41.06191752,-5.48236542
G0502,ES00653,Wind,Onshore,,48,41.047,-0.2011,41.02513488,-0.38195465
G0506,ES00658,Wind,Onshore,,114,42.2764,-3.7909,42.32222669,-3.820987889
G0508,ES00664,Wind,Onshore,"Torozos B (Phase 2), Torozos II, Torozos C (Phase 3), Torozos A (Phase 1)",52,41.5908,-4.9705,41.6045788,-5.020563633
G0509,ES00665,Wind,Onshore,"Goya (Phase 1), Cluster Artigas (Phase 2), Phoenix (Phase 2)",212,41.249,-0.963,41.3052207,-0.95078945
G0511,ES00667,Wind,Onshore,,21,41.098,-0.896,41.1025725,-0.904317033
G0512,ES00668,Wind,Onshore,,31,40.6901,-5.8201,40.89419468,-5.94457914
G0514,ES00669,Wind,Onshore,,58,38.1144,-2.5711,37.55871528,-2.748445
G0517,ES00672,Wind,Onshore,,50,41.8518,-2.2243,41.95324172,-2.200509683
G0520,ES00677,Wind,Onshore,,43,42.2201,-4.2701,42.20377625,-4.26877065
G0532,ES00691,Wind,Onshore,"Herrera II, La Huesa",103,42.3616,-3.9304,42.3389661,-3.851565
G0536,ES00697,Wind,Onshore,,123,41.307,-0.688,41.3005977,-0.7025907
G0537,ES00698,Wind,Onshore,,55,43.0442,-3.8341,43.0066416,-3.8227896
G0539,ES00700,Wind,Onshore,,14,39.4201,-0.7901,39.4556408,-0.8406218
G0540,ES00701,Wind,Onshore,,26,39.6591,-2.3808,39.8587139,-2.544303
G0542,ES00702,Wind,Onshore,Montejo,14,42.9001,-3.8601,42.9969602,-3.8417694
G0544,ES00706,Wind,Onshore,,138,42.3401,-8.4501,42.2468047,-8.4342632
G0548,ES00708,Wind,Onshore,,10,41.6521,-4.7286,41.6482427,-4.7429533
G0549,ES00710,Wind,Onshore,,40,42.2505,-4.7189,42.4597698,-4.6884887
G0550,ES00711,Wind,Onshore,,22,41.6401,-5.8801,41.6330139,-5.7585335
G0551,ES00713,Wind,Onshore,,50,41.8804,-4.3624,41.9781369,-4.4618987
G0555,ES00720,Wind,Onshore,,17,43.0901,-8.6901,42.8800729,-8.6366161
G0556,ES00722,Wind,Onshore,,67,42.1514,-2.041,42.273367,-2.0229784
G0564,ES00734,Wind,Onshore,,43,42.5794,-6.4684,42.5809367,-6.4211298
G0566,ES00740,Wind,Onshore,Sierra de Izco,171,42.6397,-1.3915,42.5994618,-1.2752849
G0570,ES00745,Wind,Onshore,,40,42.7851,-2.5438,42.8790078,-2.5537486
G0572,ES00754,Wind,Onshore,,218,41.9161,-4.7803,41.9168289,-4.7444459
G0576,ES00761,Wind,Onshore,Enderrocada,30,41.1419,0.8883,41.0249101,0.8422988
G0577,ES00762,Wind,Onshore,,114,39.8878,-1.2496,39.4933376,-1.0685104
G0580,ES00769,Wind,Onshore,,88,40.6301,-4.3401,40.7320779,-4.1950818
G0583,ES00782,Wind,Onshore,El Aguila Pedrola,103,41.708,-1.249,41.7187167,-1.2239701
G0589,ES00787,Wind,Onshore,,66,42.7401,-6.1601,42.628438,-6.2037896
G0590,ES00788,Wind,Onshore,,18,42.6701,-6.2801,42.6437001,-6.3607337
G0591,ES00797,Wind,Onshore,,64,42.4168,-7.764,42.4494252,-7.7150959
G0592,ES00798,Wind,Onshore,,14,42.5972,-7.9118,42.5215012,-7.8172274
G0593,ES00800,Wind,Onshore,Pena Chantada,139,42.6487,-7.8903,42.6258228,-7.7665195
G0595,ES00802,Wind,Onshore,O Vieiro,20,42.0948,-7.9892,42.2460328,-8.0771736
G0596,ES00803,Wind,Onshore,,48,42.4906,-8.3675,42.4901712,-8.3667313
G0597,ES00805,Wind,Onshore,Paxareiras II D-E,105,42.5504,-8.2063,42.5503346,-8.2077309
G0598,ES00807,Wind,Onshore,,50,42.601,-8.267,42.6070332,-8.2656341
G0599,ES00808,Wind,Onshore,,31,42.6609,-8.1129,42.7421436,-8.1591431
G0600,ES00809,Wind,Onshore,O Roncudo wind farm,152.9,43.2837,-8.9539,43.1210648,-9.0516161
G0626,ES00842,Wind,Onshore,,48,41.1752,0.4996,41.1853498,0.5225115
G0629,ES00843,Wind,Onshore,Tortosa Eyra,78,40.8621,0.6124,41.1181224,0.6423086
G0638,ES00853,Wind,Onshore,,20,40.3167,-5.9167,40.2192926,-6.1338245
G0640,ES00857,Wind,Onshore,Cerro de la Navarra,280,40.0201,-0.7001,39.9891245,-0.6796766
G0643,ES00858,Wind,Onshore,"Puerto de Escandon (Phase 1), El Puerto y Trinidad (Phase 1)",140,40.322,-0.958,40.7133099,-0.902643
G0645,ES00860,Wind,Onshore,Aritz,19,43.0677,-1.8603,43.2372819,-1.9637842
G0646,ES00863,Wind,Onshore,"Sierra de Elgea, Sierra Elgea",56,42.9625,-2.4892,42.8980157,-2.4237966
G0648,ES00869,Wind,Onshore,Pena Revolta (Phase Amplicación),14,43.3333,-8.0167,43.1516599,-8.0256021
G0653,ES00887,Wind,Onshore,,48,41.327,-0.2147,41.279952,-0.2184849
G0658,ES00892,Wind,Onshore,Peña Fuentelaz (Phase 1),134,41.0088,-1.9479,41.2902288,-1.6964741
G0659,ES00893,Wind,Onshore,Magallón,78,41.8012,-1.361,41.7986517,-1.3622479
G0660,ES00894,Wind,Onshore,,18,41.8559,-1.9224,41.8259391,-1.9008008
G0661,ES00895,Wind,Onshore,Sierra del Boquerón (Phase 1),75,41.871,-1.6101,41.8631563,-1.692803
G0662,ES00896,Wind,Onshore,,26,41.795,-1.303,41.7896466,-1.3134157
G0663,ES00897,Wind,Onshore,Monegros,184,41.738,-1.434,41.6949959,-1.4085656
G0664,ES00898,Wind,Onshore,,23,41.473,-1.1501,41.4735525,-1.1488579
G0666,ES00899,Wind,Onshore,Monegros,252,41.627,-1.141,41.5509525,-1.1324087
G0668,ES00901,Wind,Onshore,Delta 1,49,41.563,-0.815,41.5840721,-0.8133889
G0670,ES00902,Wind,Onshore,,44,40.767,-0.805,40.7704547,-0.8272096
G0675,ES00907,Wind,Onshore,,30,40.1669,-4.4048,40.064353,-4.2560456
G0684,ES00917,Wind,Onshore,,49,41.0845,-3.8599,40.9404557,-4.1657949
G0687,ES00918,Wind,Onshore,,21,39.9994,-3.3506,40.1393252,-3.2421303
G0690,ES00926,Wind,Onshore,"Torozos B (Phase 2), Torozos II, Torozos C (Phase 3), Torozos A (Phase 1)",40,41.3627,-5.0369,41.4841295,-5.0018867
G0691,ES00927,Wind,Onshore,,50,41.5452,-5.0708,41.5537157,-5.0351852
G0695,ES00933,Wind,Onshore,,57,36.7507,-3.5179,36.8953589,-3.4188217
G0700,ES00955,Wind,Onshore,,86,39.2856,-4.0519,39.2669718,-4.0923415
G0703,ES00959,Wind,Onshore,,35,41.656,-0.697,41.6456665,-0.7664546
G0708,ES00963,Wind,Onshore,Plano de Sancho Abarca,10,42.031,-1.315,42.0554422,-1.2221561
G0710,ES00965,Wind,Onshore,,93,43.1448,-3.4958,43.3136211,-3.4786877
G0711,ES00967,Wind,Onshore,,72,40.0093,-2.761,39.9845188,-2.7569152
G0713,ES00968,Wind,Onshore,Zorreras 2,112,36.1601,-5.7212,36.1457378,-5.7181478
G0715,ES00971,Wind,Onshore,,78,42.1007,-1.7753,42.1111453,-1.7138841
G0717,ES00972,Wind,Onshore,Aitzkibel,13,42.7203,-1.6947,42.7784637,-1.6823323
G0718,ES00973,Wind,Onshore,,40,42.7301,-1.7401,42.7927259,-1.7062182
G0728,ES00978,Wind,Onshore,,28,36.6088,-6.0877,36.6113345,-6.0880047
G0731,ES00979,Wind,Onshore,,75,36.5892,-5.9911,36.6389899,-5.9517093
G0732,ES00995,Wind,Onshore,,50,43.3091,-5.977,43.3602184,-5.9334082
G0733,ES00996,Wind,Onshore,Guijos,262,41.0337,-2.1434,41.0999855,-2.34573
G0735,ES00997,Wind,Onshore,,57,41.6345,1.4367,41.6756774,1.4446556
G0737,ES01001,Wind,Onshore,,26,36.4046,-5.7763,36.4631979,-5.8245805
G0739,ES01004,Wind,Onshore,,37,42.1109,-5.8778,42.3141711,-5.8706472
G0744,ES01017,Wind,Onshore,"San Lorenzo C (Phase 3), San Lorenzo B (Phase 2), San Lorenzo D (Phase 4), San Lorenzo A (Phase 1)",251,41.7728,-5.0407,41.7281786,-5.0385567
G0747,ES01033,Wind,Onshore,Oiz Bizkaia,26,43.2156,-2.5778,43.1619677,-2.575452
G0748,ES01036,Wind,Onshore,Badaya,50,42.8502,-2.8551,42.8369671,-2.7478734
G0751,ES01040,Wind,Onshore,,126,42.5901,-2.3401,42.6016244,-2.3823275
G0753,ES01043,Wind,Onshore,,60,41.444,1.0541,41.4746605,1.1226224
G0755,ES01048,Wind,Onshore,,78,43.4357,-6.6075,43.2916964,-6.3958949
G0756,ES01049,Wind,Onshore,,62,41.5536,1.3745,41.5542686,1.3603966
G0758,ES01050,Wind,Onshore,Vilalba dels Arcs 1,106,41.0373,0.2821,41.1886988,0.4707737
G0761,ES01052,Wind,Onshore,,10,39.7512,-3.9061,39.69312,-3.8837973
G0762,ES01053,Wind,Onshore,Sierra Sesdez,199,41.6901,-5.9801,41.7771432,-6.0612702
G0765,ES01059,Wind,Onshore,Los Almeriques,122,36.5182,-5.9367,36.4894024,-5.9132361
G0771,ES01062,Wind,Onshore,Guijosa,74,38.9796,-2.6507,39.1637739,-3.2779295
G0773,ES01065,Wind,Onshore,,136,41.522,-0.899,41.5018865,-0.9299658
G0777,ES01078,Wind,Onshore,,24,39.6527,-3.3903,39.4870686,-3.5345127
G0778,ES01085,Wind,Onshore,,30,42.3844,-3.3517,42.3445455,-3.5891072
G0781,ES01093,Wind,Onshore,Serradilla,359,37.3401,-2.4701,37.1442194,-2.7018004
G0783,ES01101,Wind,Onshore,,38,40.793,-0.987,40.7921274,-0.9697848
G0784,ES01102,Wind,Onshore,El Valiente (Phase 1),56,42.017,-0.686,42.0042456,-0.686178
G0786,ES01108,Wind,Onshore,,26,38.1501,-1.0167,38.1814588,-1.0017106
G0792,ES01115,Wind,Onshore,,74,36.3207,-5.9628,36.2975668,-5.9888858
G0794,ES01118,Wind,Onshore,,56,40.3789,-2.6263,40.3527983,-2.6060867
G0798,ES01128,Wind,Onshore,,82,36.9258,-4.8848,36.9250401,-4.8748775
G0800,ES01129,Wind,Onshore,,118,41.868,-0.531,41.9341801,-0.582993
G0801,ES01131,Wind,Onshore,,70,42.2007,-3.6994,42.1952814,-3.6874047
G0804,ES01132,Wind,Onshore,El Campanario,173,42.2526,-3.6382,42.2762465,-3.6029913
G0805,ES01133,Wind,Onshore,,19,42.087,-0.719,42.0822445,-0.718004
G0807,ES01134,Wind,Onshore,,115,37.237,-5.1028,37.1544433,-4.8936454
G0809,ES01135,Wind,Onshore,,62,42.4384,-3.4865,42.3594779,-3.5928243
G0811,ES01140,Wind,Onshore,,165,37.0454,-4.8615,37.0857551,-4.9357367
G0812,ES01141,Wind,Onshore,Las Aldehuelas,240.2,41.8664,-2.8997,41.9891689,-2.3733325
G0815,ES01142,Wind,Onshore,Puerto de Málaga,25,37.5251,-7.4925,37.5246465,-7.5025019
G0816,ES01143,Wind,Onshore,Delta 1,133,41.5722,-0.7424,41.5601674,-0.7750887
G0823,ES01148,Wind,Onshore,Cristo Bailones,76,38.8679,-3.1258,38.8725052,-3.3614991
G0832,ES01158,Wind,Onshore,,35,42.7201,-3.7501,42.7332741,-3.6494996
G0833,ES01159,Wind,Onshore,Monegros,87,41.564,-1.037,41.6046001,-1.0339182
G0834,ES01160,Wind,Onshore,Cavar onshore wind farm complex,144,42.3025,-1.634,42.2082718,-1.6702652
G0838,ES01165,Wind,Onshore,,256,38.6577,-1.435,38.5210652,-1.3339522
G0840,ES01166,Wind,Onshore,,26,36.7702,-2.9543,36.8351811,-2.9203646
G0843,ES01170,Wind,Onshore,,12,40.4509,-5.7021,40.049642,-5.9556525
G0848,ES01172,Wind,Onshore,Valdemadera,128,42.0036,-2.0462,42.0283751,-2.0148245
G0852,ES01176,Wind,Onshore,El Escudo,105,43.0306,-3.9893,43.095962,-4.0006301
G0855,ES01179,Wind,Onshore,Delta 1,200,41.136,-0.999,41.146529,-0.9957507
G0857,ES01180,Wind,Onshore,Monte Gordo,123,37.2143,-7.4047,37.3071171,-7.2069076
G0867,ES01184,Wind,Onshore,"Phoenix, Cluster Jiloca",117,41.1147,-1.0889,41.0831461,-1.0117936
G0868,ES01190,Wind,Onshore,"San Lorenzo C (Phase 3), San Lorenzo B (Phase 2), San Lorenzo D (Phase 4), San Lorenzo A (Phase 1)",110,41.6494,-5.0253,41.6045748,-5.0206286
G0869,ES01191,Wind,Onshore,"Goya (Phases 2, 3, 4, 5), Delta 1 (Phase 7), Alenza (Phase 6)",114,41.277,-0.9001,41.2827085,-0.8825326
G0870,ES01192,Wind,Onshore,"Goya (Phases 2, 3, 4, 5), Delta 1 (Phase 7), Alenza (Phase 6)",270,41.2352,-1.0787,41.2217612,-1.0371834
G0875,ES01198,Wind,Onshore,,18,41.1123,-1.0069,41.1232833,-0.9955678
G0880,ES01210,Wind,Onshore,"Álabe-Soán (Phase 1), Xistral Soan (Phase 1)",20,38.4001,-6.4667,38.2378527,-6.5899135
G0885,ES01214,Wind,Onshore,,85,36.9516,-5.0247,36.9491011,-5.0576908
G0887,ES01215,Wind,Onshore,Guerinda,118,42.5475,-1.5842,42.5667107,-1.6601791
G0888,ES01216,Wind,Onshore,"Olcoz (Phase 2 B), Añorbe (Phase 2 A), Caraquidoya (Phase 2 C)",67,42.6052,-1.6901,42.5668155,-1.6605551
G0890,ES01217,Wind,Onshore,El Monte,105,40.0086,-2.5734,39.9496095,-2.5371052
G0891,ES01219,Wind,Onshore,Oriche,53,40.996,-1.039,40.9801189,-1.0084255
G0893,ES01220,Wind,Onshore,Moral de Calatrava,40,38.8398,-3.5933,38.9957364,-3.4806927
G0898,ES01227,Wind,Onshore,"Phoenix, Monlora Cluster",261,42.033,-0.907,42.0282367,-0.9293747
G0900,ES01228,Wind,Onshore,Larouco,91,42.0635,-7.7246,42.3579512,-7.6358152
G0901,ES01230,Wind,Onshore,,33,42.1768,-4.2807,42.1985983,-4.2664528
G0902,ES01231,Wind,Onshore,"Ballestas-Casetona, Baca, Ballestas Et Casetona",354,42.2883,-4.1388,42.2247879,-4.1650886
G0903,ES01232,Wind,Onshore,,45,42.9001,-3.6901,42.8524961,-3.6375253
G0906,ES01236,Wind,Onshore,La Loma Aliaga,36,40.764,-0.768,40.7643035,-0.7606101
G0907,ES01237,Wind,Onshore,San Pedro de Alacon,128,41.084,-0.741,41.0858913,-0.729319
G0908,ES01238,Wind,Onshore,,106,41.324,-0.934,41.3431795,-0.9301529
G0909,ES01239,Wind,Onshore,Goya,199.6,41.2944,-1.0437,41.2583219,-1.0201394
G0914,ES01244,Wind,Onshore,,27,41.641,-1.3501,41.6575002,-1.3503474
G0915,ES01245,Wind,Onshore,Celada Fusión (Phase 3),60,42.0196,-4.2218,42.0117827,-4.1984828
G0925,ES01255,Wind,Onshore,,32,42.4383,-6.4436,42.4315053,-6.3979929
G0019,ES00034,Hydro,pumped_storage,Guillena 1,314,37.641,-6.0724,37.63669348,-6.097585564
G0070,ES00128,Hydro,pumped_storage,Villarino 4,1229,41.255,-6.4874,41.2542996,-6.487798585
G0095,ES00166,Hydro,pumped_storage,Valdecanas 3,378,39.7785,-5.612,39.77783587,-5.6119499
G0104,ES00179,Hydro,pumped_storage,Tajo de la Encantada 1,572,36.9084,-4.763,36.89506925,-4.743579714
G0155,ES00241,Hydro,pumped_storage,La Muela II,1338,39.2444,-0.9314,39.24384777,-0.9317047
G0162,ES00246,Hydro,pumped_storage,,657,41.2081,-6.6785,41.20771162,-6.681359772
G0281,ES00366,Hydro,pumped_storage,La Muela,963,39.2628,-0.9192,39.26021448,-0.91713018
G0302,ES00389,Hydro,pumped_storage,,334,40.364,-2.8289,40.36426411,-2.829432816
G0323,ES00407,Hydro,pumped_storage,Torrejon 1,200,39.8356,-5.989,39.8357358,-5.98931385
G0563,ES00733,Hydro,pumped_storage,Tanes 1,187,43.2172,-5.4206,43.3695524,-5.3866664
G0656,ES00890,Hydro,pumped_storage,Sallente,667,42.5072,0.9893,42.506565,0.9917968
G0657,ES00891,Hydro,pumped_storage,Moralets 1,332,42.5787,0.757,42.5691213,0.7567552
G0705,ES00962,Hydro,pumped_storage,,133,42.6528,1.2536,42.6459549,1.2593471
G0740,ES01008,Hydro,pumped_storage,Soutelo 2,326,42.1543,-7.1887,42.1542734,-7.1885403
G0853,ES01176,Hydro,pumped_storage,,546,43.0957,-4.0001,43.095962,-4.0006301
G0009,ES00009,Solar,PV,"Don Rodrigo 2 (Phase 2), Don Rodrigo 1 (Phase 1)",503.9,37.2209,-5.8679,37.24616606,-5.846343825
G0010,ES00010,Solar,PV,,3.5,39.3345,-5.357,39.37035553,-5.4452713
G0011,ES00015,Solar,PV,,1.1,40.2338,-3.5925,40.21231325,-3.5800552
G0012,ES00016,Solar,PV,,12.6,39.9935,-3.5069,40.16305335,-3.6447983
G0013,ES00017,Solar,PV,,36.4,40.3782,-5.4723,39.95098931,-5.58961715
G0015,ES00023,Solar,PV,,3.2,40.327,-3.4612,40.31084565,-3.45551825
G0017,ES00025,Solar,PV,,91.8,42.1462,-4.1598,42.1685218,-4.16934655
G0020,ES00036,Solar,PV,"Verbund Pinos Puente, Illora Solar",280.1,39.3261,-4.838,39.29204973,-5.1829486
G0024,ES00040,Solar,PV,,1.4,42.1192,-4.6103,42.072153,-4.555873333
G0025,ES00049,Solar,PV,,41.4,41.0525,-4.6481,41.26963187,-4.4870623
G0026,ES00054,Solar,PV,,26.099999999999998,41.779,-4.9526,41.78886298,-4.937907267
G0032,ES00057,Solar,PV,Tagus Complex,201.9,39.6426,-7.005,39.72451237,-6.877488489
G0034,ES00062,Solar,PV,,13.3,42.696,-5.586,42.79766002,-5.637108632
G0037,ES00068,Solar,PV,,1.6,40.6931,-6.6461,40.64808216,-6.59221012
G0043,ES00075,Solar,PV,,262,39.5331,-1.5974,39.52528779,-1.565809062
G0044,ES00076,Solar,PV,,24.6,40.0669,-3.0888,40.03311274,-3.08100561
G0046,ES00080,Solar,PV,,18.6,41.221,-0.302,41.21797095,-0.281745352
G0047,ES00081,Solar,PV,,60.400000000000006,41.8318,-0.7644,41.72159827,-0.74224505
G0049,ES00084,Solar,PV,,12,41.0553,-4.7476,41.320184,-4.7270666
G0051,ES00085,Solar,PV,,33.8,41.6116,-2.8596,41.43764353,-2.502841475
G0052,ES00086,Solar,PV,,43.5,41.6266,-4.6273,41.64358958,-4.67639098
G0053,ES00087,Solar,PV,,65.2,41.5209,-4.7769,41.52580048,-4.714852383
G0054,ES00088,Solar,PV,,80.7,41.4361,-5.1283,41.50785559,-5.014786166
G0055,ES00095,Solar,PV,Arasur,25.2,42.6568,-2.9254,42.69700576,-2.917123975
G0062,ES00111,Solar,PV,,1.2,41.841,-5.0553,41.8856655,-5.1546656
G0063,ES00112,Solar,PV,,6.8,41.3684,-6.1935,41.49055678,-6.09050946
G0071,ES00128,Solar,PV,,6.3,40.9967,-6.4373,41.2542996,-6.487798585
G0072,ES00130,Solar,PV,,1.4,42.0222,-6.1676,41.99852726,-6.2623524
G0074,ES00131,Solar,PV,,23.4,40.9123,-5.629,40.98994503,-5.690603175
G0076,ES00135,Solar,PV,,2.8,42.1002,-1.6643,42.09667583,-1.668617989
G0079,ES00136,Solar,PV,,18.700000000000003,42.495,-2.31,42.41713776,-2.2524704
G0080,ES00142,Solar,PV,,16,42.3784,-2.0512,42.27458167,-2.021622233
G0082,ES00143,Solar,PV,,29.9,40.7025,-3.4297,40.5522722,-3.476863767
G0083,ES00144,Solar,PV,,92.1,40.6429,-3.19,40.540159,-3.314444857
G0084,ES00151,Solar,PV,,52.5,38.877,-3.8675,38.9574396,-3.91957674
G0087,ES00153,Solar,PV,,15.2,42.1517,-1.6556,42.16574584,-1.674387538
G0091,ES00158,Solar,PV,"Arañuelo I (Phase 1), Arañuelo II (Phase 2), Arañuelo III (Phase 3)",225.2,39.7867,-5.7003,39.80737685,-5.693463916
G0096,ES00167,Solar,PV,Almaraz,59.4,39.8358,-5.6604,39.82271875,-5.666695558
G0098,ES00169,Solar,PV,,72.1,40.0276,-6.0943,40.0095473,-6.0863667
G0100,ES00177,Solar,PV,,273.3,42.5154,-5.7656,42.55331557,-5.573930117
G0102,ES00179,Solar,PV,,5.9,37.0735,-4.7298,36.89506925,-4.743579714
G0106,ES00187,Solar,PV,,14.7,36.1934,-5.4186,36.18953461,-5.426242091
G0118,ES00191,Solar,PV,Repsol Sigma,228.8,36.6343,-6.3508,36.6704206,-6.300356
G0121,ES00192,Solar,PV,Arcos Malabrigo,166.7,36.6123,-6.1122,36.61863881,-6.1188697
G0123,ES00193,Solar,PV,,155.7,37.1766,-2.9497,37.21691915,-2.9424736
G0125,ES00195,Solar,PV,,177.6,37.2531,-3.7535,37.26660817,-3.726574938
G0126,ES00197,Solar,PV,,29.9,37.2527,-3.0188,37.22256546,-3.065245757
G0131,ES00199,Solar,PV,,103.6,41.6467,-4.8229,41.63855427,-4.813607333
G0132,ES00200,Solar,PV,,56.3,41.5151,-5.6089,41.53924208,-5.734599213
G0133,ES00204,Solar,PV,,2,42.9476,-7.6998,42.62647428,-7.71349554
G0136,ES00207,Solar,PV,,9.2,41.3233,0.6562,41.20469582,0.571835215
G0141,ES00212,Solar,PV,,14.8,41.4971,1.8978,41.50642776,1.891579625
G0143,ES00217,Solar,PV,,1.5,42.4951,-1.6323,42.50152955,-1.685082436
G0144,ES00219,Solar,PV,,2.8,41.7437,2.6111,41.7068994,2.47055535
G0146,ES00224,Solar,PV,,20.6,42.7116,-4.8646,42.82072585,-4.854393386
G0149,ES00231,Solar,PV,,4.1,42.0631,-4.4996,42.05242244,-4.49113666
G0151,ES00239,Solar,PV,,6.3,39.9643,-0.2138,39.92798712,-0.1777362
G0154,ES00240,Solar,PV,,11.2,40.3892,-0.174,40.61184167,-0.195707189
G0157,ES00242,Solar,PV,,3.0999999999999996,39.2522,-1.2597,39.2144259,-1.054888867
G0163,ES00252,Solar,PV,,3,39.4766,-0.5826,39.48031383,-0.525167663
G0164,ES00259,Solar,PV,,2,39.7535,-0.3303,39.68648471,-0.28557732
G0166,ES00265,Solar,PV,,2.4,39.8245,-0.3405,39.82703948,-0.456794683
G0173,ES00269,Solar,PV,,379.3,41.2874,-0.324,41.29701038,-0.341089638
G0174,ES00271,Solar,PV,,1.3,40.8055,-4.2219,40.81174152,-4.21390075
G0179,ES00274,Solar,PV,La Mula,793.7,38.1059,-1.8635,37.9919487,-1.407593743
G0180,ES00275,Solar,PV,Algibicos PV,73.1,37.847,-1.118,37.9379097,-1.184543656
G0182,ES00280,Solar,PV,,2.9,41.8595,-1.3133,41.84569718,-1.379562452
G0186,ES00281,Solar,PV,,48.5,41.742,-1.1876,41.7475754,-1.1880556
G0187,ES00283,Solar,PV,Fuentes de Ebro complex,51,41.6547,-0.9125,41.59470341,-0.847287475
G0191,ES00287,Solar,PV,,14.799999999999999,39.6445,2.7047,39.65099598,2.679058667
G0193,ES00288,Solar,PV,,4.9,39.6752,2.9093,39.67328163,3.039730083
G0194,ES00289,Solar,PV,,32.6,39.489,2.8904,39.6001554,2.7448524
G0196,ES00290,Solar,PV,,46.7,39.5584,3.3526,39.58242535,3.15799855
G0205,ES00291,Solar,PV,Nou Biniatria,122,39.9704,3.9048,39.809604,3.0925777
G0207,ES00292,Solar,PV,,32.9,39.541,2.756,39.56816897,2.724043567
G0212,ES00304,Solar,PV,,9,41.934,-0.805,42.03780538,-0.773692871
G0217,ES00307,Solar,PV,,10.8,42.2082,-8.7418,42.24804957,-8.67896575
G0219,ES00310,Solar,PV,,1.1,41.9664,-4.4965,41.99844008,-4.497570808
G0231,ES00324,Solar,PV,,258,41.5267,-5.391,41.4470173,-5.3622169
G0234,ES00327,Solar,PV,Solaria Valdelosa-I,127.4,41.1631,-5.8912,41.1945368,-5.87605275
G0236,ES00328,Solar,PV,,59,38.719,-6.8169,38.714837,-6.80062
G0237,ES00329,Solar,PV,,41.2,38.328,-6.688,38.32219697,-6.707853006
G0238,ES00331,Solar,PV,,61.900000000000006,38.1967,-6.3386,38.31808454,-6.19763976
G0239,ES00332,Solar,PV,La Ferdina,111.2,38.884,-6.341,38.8941028,-6.3457547
G0241,ES00334,Solar,PV,"Alvarado-La Risca 1 (Phase 1), Alvarado-La Risca 2 (Phase 2)",157.6,38.8098,-6.7908,38.79114746,-6.798405375
G0242,ES00335,Solar,PV,,81.1,37.4283,-5.8708,37.3867065,-5.853023322
G0244,ES00336,Solar,PV,,106,37.6568,-5.5269,37.55591357,-5.76204025
G0245,ES00339,Solar,PV,,14.2,37.1458,-6.1581,37.2538278,-6.06131715
G0246,ES00340,Solar,PV,,14.6,37.3045,-5.9031,37.29880368,-5.905554692
G0247,ES00342,Solar,PV,,50,37.4871,-5.9807,37.42535054,-6.041289538
G0248,ES00343,Solar,PV,,25,37.514,-6.232,37.43962527,-6.266348967
G0251,ES00344,Solar,PV,"Gibraleón 2, Gibraleón",407.9,37.323,-6.8988,37.29909628,-6.923240743
G0252,ES00345,Solar,PV,,149,37.3817,-5.9804,37.39210695,-6.0126955
G0253,ES00346,Solar,PV,,385.1,36.5207,-6.2794,36.51531899,-6.129352086
G0265,ES00349,Solar,PV,,41.1,37.834,-1.384,37.76406803,-1.444178733
G0267,ES00350,Solar,PV,Pydesa Pto Lumbreras,93.7,37.5202,-1.8111,37.43519878,-1.71367795
G0268,ES00352,Solar,PV,,4.5,37.6552,-0.9421,37.63287171,-0.960790713
G0269,ES00353,Solar,PV,,13.2,38.1995,-0.8,38.15002786,-0.945730655
G0270,ES00354,Solar,PV,,87.1,36.986,-2.043,36.98698673,-1.943688533
G0271,ES00355,Solar,PV,,8.6,37.7338,-0.8876,37.741963,-0.8740781
G0273,ES00359,Solar,PV,,61.9,38.83,-1.048,39.04119847,-1.007304433
G0275,ES00362,Solar,PV,Olmedilla,630.1,39.275,-2.4095,39.63854236,-2.084642164
G0277,ES00364,Solar,PV,,201,38.9167,-2.5505,39.0439816,-1.79958745
G0278,ES00365,Solar,PV,,85.4,38.7642,-1.7791,38.76417267,-1.602499
G0282,ES00367,Solar,PV,,51.1,38.5089,-0.4711,38.49269041,-0.47697638
G0287,ES00372,Solar,PV,,1.3,41.2442,0.3647,41.24178638,0.430947233
G0291,ES00377,Solar,PV,,32.6,41.0925,-0.1736,41.2314497,-0.2636051
G0292,ES00379,Solar,PV,,2,41.5225,0.2796,41.36774076,0.276570863
G0296,ES00383,Solar,PV,,27.1,42.0022,0.1156,41.93575306,0.17459676
G0297,ES00384,Solar,PV,,6.3,42.2358,0.3555,42.1535557,0.23287595
G0298,ES00386,Solar,PV,"Calamocha 1, Escucha 1",55.5,40.7095,-0.8472,40.72463278,-0.84888386
G0299,ES00387,Solar,PV,"Calamocha 1, Escucha 1",63.2,40.9029,-1.2767,40.91497977,-1.285603133
G0301,ES00388,Solar,PV,,3.1,40.301,-2.9119,40.35083447,-2.88668119
G0303,ES00390,Solar,PV,,61.2,40.7429,-3.1915,40.7471543,-2.9851744
G0305,ES00391,Solar,PV,Complejo Trillo,1401,40.709,-2.6312,40.7025996,-2.625732475
G0309,ES00393,Solar,PV,,84.5,40.2981,-2.0182,40.02823873,-2.31734755
G0310,ES00394,Solar,PV,,10.4,37.92,-4.673,37.92176432,-4.706672213
G0311,ES00395,Solar,PV,,9.8,38.3624,-4.8275,38.19167428,-4.50793226
G0312,ES00396,Solar,PV,,11.5,37.9937,-4.3176,38.04841099,-4.192697489
G0313,ES00398,Solar,PV,,120,38.6927,-4.097,38.64686954,-4.12578104
G0316,ES00399,Solar,PV,,37,38.6501,-3.9925,38.65884288,-3.989657988
G0317,ES00401,Solar,PV,,4.6,38.2791,-3.5794,38.0462801,-3.9962453
G0318,ES00402,Solar,PV,,99.1,38.6813,-4.1716,38.67816297,-4.150486731
G0319,ES00403,Solar,PV,"La Mancha Picón 3 (Phase 3), La Mancha Picón 2 (Phase 2), La Mancha Picón 1 (Phase 1)",150,39.0301,-4.0201,39.02170038,-4.10705292
G0320,ES00404,Solar,PV,,129,38.936,-3.9897,38.94836805,-3.96313555
G0321,ES00405,Solar,PV,PSF Casas de Don Pedro,502.8,39.002,-3.3716,39.02084926,-3.37826688
G0322,ES00406,Solar,PV,,12,40.1072,-6.487,39.82304243,-6.3592907
G0324,ES00408,Solar,PV,,305.9,39.632,-6.3,39.6027911,-6.3427854
G0325,ES00411,Solar,PV,,183.8,38.8695,-6.9791,38.83669832,-6.977765
G0326,ES00413,Solar,PV,Proyecto Vendimia,502.3,41.1757,-0.4536,41.17604879,-0.42063557
G0327,ES00416,Solar,PV,,4.300000000000001,39.8037,-0.6743,39.98743127,-0.655983433
G0330,ES00424,Solar,PV,,30,38.523,-7.06,38.73849051,-7.060534114
G0332,ES00426,Solar,PV,,1.8,42.3653,-3.7613,42.3823347,-3.76993185
G0337,ES00438,Solar,PV,,4.300000000000001,41.7457,0.6782,41.61160869,0.670168989
G0340,ES00440,Solar,PV,,2,41.6354,0.6179,41.5793342,0.62267006
G0341,ES00441,Solar,PV,,1.1,41.4424,0.4033,41.50025183,0.493736358
G0343,ES00445,Solar,PV,,2.6,41.5969,0.3704,41.62840666,0.49707456
G0345,ES00446,Solar,PV,,18.9,41.5267,0.7962,41.53109625,0.8281782
G0347,ES00452,Solar,PV,,12.8,41.8017,-0.0829,41.52606716,-0.10007268
G0349,ES00454,Solar,PV,,5.8,41.8728,1.0611,42.25436829,0.96426212
G0350,ES00455,Solar,PV,,1.2,42.1247,0.7081,42.40372148,0.73880704
G0351,ES00458,Solar,PV,El Salobral-1,110.9,37.6832,-4.5629,37.45719115,-4.497974464
G0352,ES00459,Solar,PV,,1.2,41.2986,-1.9105,41.32090002,-1.706041363
G0355,ES00461,Solar,PV,,25.8,41.9829,-1.5714,42.04801532,-1.618558058
G0357,ES00462,Solar,PV,,1.9,41.7972,-1.9877,41.74672295,-1.925624964
G0359,ES00463,Solar,PV,,21.7,41.8663,-2.0345,41.87376365,-2.12013765
G0363,ES00466,Solar,PV,,111,41.4936,-1.0927,41.49246904,-1.139317353
G0365,ES00467,Solar,PV,,4.6,41.5121,-1.0533,41.5050462,-1.013563675
G0366,ES00469,Solar,PV,,9.3,41.5236,-0.5223,41.54073568,-0.683588875
G0367,ES00472,Solar,PV,,1,40.5928,-4.9548,39.99771406,-4.82516562
G0370,ES00475,Solar,PV,,9.8,39.9193,-5.1943,39.77929682,-5.08801378
G0372,ES00476,Solar,PV,,109.7,37.6102,-7.2453,37.547954,-7.240350733
G0374,ES00478,Solar,PV,,8.4,37.2307,-6.871,37.18542752,-6.887260336
G0381,ES00480,Solar,PV,,1.3,40.6549,-4.0743,40.69539886,-4.071592725
G0382,ES00481,Solar,PV,,152.6,40.8778,-4.4799,40.87714615,-4.34415655
G0384,ES00484,Solar,PV,,198.3,40.0678,-2.9667,40.05950476,-2.93901024
G0387,ES00490,Solar,PV,,137.1,39.9144,-4.0319,39.94559744,-3.859596671
G0388,ES00493,Solar,PV,,1.3,39.1993,-3.6143,39.2449193,-3.4883263
G0392,ES00494,Solar,PV,,27.1,36.9599,-2.5877,36.90855353,-2.465181533
G0394,ES00495,Solar,PV,,6.6,37.0735,-3.688,37.14614407,-3.674712867
G0395,ES00497,Solar,PV,PSF Consentino,662.3,37.0845,-2.3525,37.07103083,-2.3124344
G0399,ES00498,Solar,PV,,115,37.095,-4.3815,37.11600135,-4.4125312
G0400,ES00500,Solar,PV,,48.1,37.3983,-4.7093,37.25370042,-4.77604186
G0402,ES00506,Solar,PV,,64.2,37.443,-3.8911,37.24018705,-3.8849227
G0403,ES00508,Solar,PV,,6.2,38.6057,-0.6586,38.71761389,-0.72381924
G0406,ES00510,Solar,PV,,64.7,38.7052,-0.9534,38.56016903,-0.855900263
G0407,ES00515,Solar,PV,,1.1,38.3787,-0.7077,38.37551028,-0.751157433
G0409,ES00518,Solar,PV,,167.4,37.7798,-3.7883,37.80044054,-3.80360548
G0410,ES00519,Solar,PV,,1.1,39.368,-3.8301,39.33955588,-3.87402278
G0414,ES00522,Solar,PV,,24.7,37.1913,-5.1316,37.04359185,-4.9736444
G0417,ES00523,Solar,PV,,2.4,36.8854,-4.8638,36.92511523,-4.874176767
G0418,ES00526,Solar,PV,,2.4,41.9693,1.7048,42.17458104,1.855549213
G0419,ES00530,Solar,PV,Alconchel 2000,119.5,39.6561,-2.8036,39.86155515,-2.56913565
G0420,ES00531,Solar,PV,,120.1,36.4637,-5.7252,36.49578445,-5.784935343
G0423,ES00533,Solar,PV,,32.2,42.204,-1.823,42.17778218,-1.69325624
G0424,ES00534,Solar,PV,,21,42.3928,-1.4442,42.41325211,-1.67944467
G0426,ES00537,Solar,PV,,6.1,37.7539,-5.0429,37.7556866,-5.02489852
G0428,ES00538,Solar,PV,,15.5,37.4819,-5.2182,37.52910562,-5.163971125
G0430,ES00539,Solar,PV,,15.3,37.603,-5.104,37.5723404,-5.1584509
G0433,ES00540,Solar,PV,,44.3,36.8361,-6.0696,37.00326447,-6.046246133
G0450,ES00560,Solar,PV,,8.1,41.1271,-2.6925,41.10598012,-2.37395224
G0452,ES00562,Solar,PV,,1.6,41.9009,1.3828,41.67684307,1.4450963
G0454,ES00564,Solar,PV,,20.4,36.4998,-5.865,36.52586238,-5.830822133
G0464,ES00595,Solar,PV,,11.700000000000001,42.4704,-2.6076,42.50681698,-2.58788056
G0466,ES00597,Solar,PV,,24.7,42.1914,-0.5776,42.21586425,-0.57227436
G0470,ES00610,Solar,PV,,52.9,39.9442,-2.0069,39.7160139,-1.93040572
G0472,ES00611,Solar,PV,,16.8,39.0217,-3.3036,39.04517665,-3.3449608
G0474,ES00613,Solar,PV,,101.1,38.6418,-3.9575,38.64802145,-3.970833
G0475,ES00614,Solar,PV,,24.8,38.906,-0.509,39.06081693,-0.519681517
G0478,ES00619,Solar,PV,,1.8,38.885,-0.3444,39.0010335,-0.2244701
G0480,ES00623,Solar,PV,"Rolwind Rocio Pv 1 (Phase 1), Rolwind Rocio Pv 2 (Phase 2), Rolwind Rocio Pv 3 (Phase 3)",146.6,37.0765,-6.5397,37.14466845,-6.49396445
G0481,ES00625,Solar,PV,,2.2,42.2089,3.0126,42.23030102,2.945836923
G0485,ES00631,Solar,PV,,9.4,41.863,-0.723,41.9896248,-0.66058864
G0489,ES00639,Solar,PV,Elawan Campanario (Phase 1),717.3,38.9778,-1.155,38.88261445,-1.279693825
G0493,ES00644,Solar,PV,,54.599999999999994,38.6593,-4.2941,38.65111812,-4.24933564
G0494,ES00645,Solar,PV,,2.2,39.0533,-5.2098,39.23701787,-5.315205767
G0497,ES00648,Solar,PV,,18.5,41.0166,-5.2143,41.06191752,-5.48236542
G0498,ES00649,Solar,PV,,697,39.1365,-6.3406,39.09131146,-6.368343738
G0499,ES00651,Solar,PV,,16.3,38.846,-6.431,38.80492891,-6.5157846
G0500,ES00652,Solar,PV,,66,37.2848,-6.2745,37.34290491,-6.385861513
G0501,ES00653,Solar,PV,,67.4,41.0109,-0.3844,41.02513488,-0.38195465
G0505,ES00657,Solar,PV,,55.4,39.431,-5.9253,39.45400046,-5.903553706
G0507,ES00662,Solar,PV,,1,40.6223,-6.5242,40.64250225,-6.5515962
G0510,ES00666,Solar,PV,,63.8,41.2066,-0.9668,41.1849948,-0.92786296
G0513,ES00668,Solar,PV,,20.5,40.5609,-5.754,40.89419468,-5.94457914
G0515,ES00669,Solar,PV,,8.4,38.1563,-2.9948,37.55871528,-2.748445
G0516,ES00671,Solar,PV,,21.1,39.0561,-3.317,39.07983465,-3.3139749
G0518,ES00674,Solar,PV,,166.4,39.4578,-6.4421,39.50608663,-6.425225275
G0519,ES00677,Solar,PV,,1.4,42.2009,-4.2691,42.20377625,-4.26877065
G0521,ES00678,Solar,PV,,265.2,38.749,-6.4885,38.7583948,-6.4957345
G0522,ES00679,Solar,PV,,30,39.4329,-5.9353,39.44868095,-5.952238
G0525,ES00683,Solar,PV,,5.6,38.6881,1.4104,39.517267,2.4797604
G0533,ES00691,Solar,PV,,5,42.2475,-3.973,42.3389661,-3.851565
G0534,ES00694,Solar,PV,,7.4,41.8747,-5.4391,41.7852581,-5.401676
G0535,ES00697,Solar,PV,,60.5,41.3389,-0.5935,41.3005977,-0.7025907
G0538,ES00700,Solar,PV,,7.4,39.687,-0.852,39.4556408,-0.8406218
G0541,ES00701,Solar,PV,,47.4,39.3269,-2.5292,39.8587139,-2.544303
G0543,ES00703,Solar,PV,,65,41.5358,-4.6309,41.5402393,-4.6745467
G0545,ES00707,Solar,PV,,1.2,42.4516,-8.8349,42.4174988,-8.6649704
G0547,ES00708,Solar,PV,,127.8,41.6452,-4.7268,41.6482427,-4.7429533
G0553,ES00713,Solar,PV,Solaria Cyl-Ma-I,94.2,41.9829,-4.4281,41.9781369,-4.4618987
G0554,ES00716,Solar,PV,,2.7,36.8702,-2.3067,36.8336869,-2.4288892
G0557,ES00722,Solar,PV,Arnedo Solar Plant,35.6,42.2748,-2.0446,42.273367,-2.0229784
G0558,ES00724,Solar,PV,,5.1,39.878,-5.6752,39.8334429,-5.7014739
G0559,ES00726,Solar,PV,,2.3,42.5504,-6.7827,42.6094965,-6.7635572
G0560,ES00728,Solar,PV,,8.7,41.8601,-5.0258,41.9436403,-5.0115082
G0561,ES00730,Solar,PV,,6.699999999999999,42.3201,-5.5734,42.4474093,-5.5518952
G0562,ES00731,Solar,PV,,1.7,42.4067,-6.1314,42.4168047,-6.0018709
G0568,ES00740,Solar,PV,,1.1,42.5546,-1.361,42.5994618,-1.2752849
G0571,ES00747,Solar,PV,,2.7,42.8563,-4.2718,42.8669362,-4.2614032
G0573,ES00758,Solar,PV,,19.1,40.214,-0.1853,40.0470834,-0.0291081
G0574,ES00759,Solar,PV,,19.9,40.34,-0.0685,40.159682,0.1400181
G0575,ES00760,Solar,PV,,4.3,40.0074,-0.1628,39.9698286,-0.1257991
G0578,ES00762,Solar,PV,,21.6,39.8348,-1.0953,39.4933376,-1.0685104
G0579,ES00766,Solar,PV,,6.3,39.884,-0.1026,39.8971831,-0.136945
G0581,ES00772,Solar,PV,,50,43.2591,-4.5842,43.3312492,-4.5495542
G0582,ES00776,Solar,PV,,7.2,36.9018,-4.4176,36.768623,-4.4625182
G0584,ES00782,Solar,PV,,8.3,41.712,-1.249,41.7187167,-1.2239701
G0585,ES00784,Solar,PV,,12.6,39.4188,2.7965,39.5478284,2.7024104
G0588,ES00785,Solar,PV,,5,42.5667,-5.7478,42.7106321,-5.8040848
G0601,ES00810,Solar,PV,,53.8,41.2732,-6.4623,41.2698667,-6.432315
G0604,ES00816,Solar,PV,,12.899999999999999,38.5265,-6.8665,38.6580417,-6.7400302
G0607,ES00819,Solar,PV,Repsol Valdesolar,302.7,38.7986,-6.2371,38.7800815,-6.2882996
G0608,ES00820,Solar,PV,August Solar,62.9,38.866,-6.884,38.8124223,-6.8382467
G0610,ES00822,Solar,PV,,7,36.7848,-4.2672,36.7463324,-4.3895046
G0611,ES00823,Solar,PV,,10,37.2609,-5.8908,37.2898109,-5.8629498
G0612,ES00825,Solar,PV,"Tena I (Phase 1), Tena II (Phase 2)",424,37.3544,-5.8173,37.3465292,-5.8035118
G0613,ES00827,Solar,PV,,123.7,37.436,-5.793,37.3741591,-5.818931
G0614,ES00828,Solar,PV,Cartago I,508.1,37.4706,-5.647,37.4386165,-5.7013059
G0615,ES00829,Solar,PV,,6,37.251,-5.935,37.2741228,-5.9664362
G0616,ES00832,Solar,PV,La Zafra,50,37.3063,-5.8242,37.2937591,-5.8385505
G0617,ES00834,Solar,PV,,2.1,37.4417,-6.1235,37.4319471,-6.1686857
G0621,ES00835,Solar,PV,,146.7,37.3543,-6.2644,37.4392936,-6.2663591
G0622,ES00836,Solar,PV,El Saladar,124.2,37.7587,-1.4304,37.7637362,-1.4439535
G0623,ES00837,Solar,PV,,3.6,37.613,-0.9298,37.6110457,-0.9187596
G0624,ES00838,Solar,PV,,2.6,37.8766,-0.8649,37.8637623,-0.8233401
G0625,ES00841,Solar,PV,,2,39.3506,-0.7596,39.3993521,-0.650871
G0628,ES00843,Solar,PV,,1.4,40.8773,0.4764,41.1181224,0.6423086
G0630,ES00844,Solar,PV,,15.600000000000001,37.718,-4.89,37.8260377,-4.8034303
G0631,ES00845,Solar,PV,,1.2,37.8622,-4.7957,37.8569553,-4.8129396
G0634,ES00849,Solar,PV,,18.6,37.9749,-4.0544,38.0056112,-3.9739744
G0635,ES00850,Solar,PV,,5.3,38.898,-4.366,39.0013647,-4.12176
G0636,ES00851,Solar,PV,,45.8,40.0651,-6.2734,40.1799555,-6.1419397
G0639,ES00855,Solar,PV,Talaván PV,28,39.7172,-6.2765,39.6423819,-6.3566024
G0641,ES00857,Solar,PV,,1.4,40.145,-0.7695,39.9891245,-0.6796766
G0642,ES00858,Solar,PV,Montseol Teruel,62.2,40.711,-0.899,40.7133099,-0.902643
G0647,ES00864,Solar,PV,,1.5,42.8599,-2.374,42.9040328,-2.3989814
G0650,ES00876,Solar,PV,,6.7,41.1692,1.1821,41.1595573,1.220298
G0652,ES00886,Solar,PV,,17.7,41.2457,-0.2616,41.2487019,-0.2713422
G0654,ES00887,Solar,PV,,259,41.2617,-0.1265,41.279952,-0.2184849
G0655,ES00888,Solar,PV,,1.4,41.8638,2.2292,41.8832259,2.2195784
G0665,ES00898,Solar,PV,,40.4,41.418,-1.2969,41.4735525,-1.1488579
G0667,ES00900,Solar,PV,,8.4,41.5182,-0.8561,41.5723661,-0.8589991
G0669,ES00901,Solar,PV,,10.7,41.5859,-0.8053,41.5840721,-0.8133889
G0671,ES00903,Solar,PV,Armada Solar,126.5,40.541,-3.1913,40.4346553,-3.2278972
G0672,ES00905,Solar,PV,,78,40.6345,-3.1744,40.5233356,-3.066551
G0673,ES00906,Solar,PV,,175.3,39.923,-4.088,39.9995742,-4.2697796
G0676,ES00907,Solar,PV,Elawan Torrijos,65.5,40.0456,-4.2734,40.064353,-4.2560456
G0677,ES00908,Solar,PV,,32,39.932,-4.965,39.9319397,-4.9315806
G0678,ES00909,Solar,PV,Solaria El Baldío,20,39.9646,-5.6986,39.9749696,-5.7037566
G0680,ES00910,Solar,PV,,26.3,37.6546,-5.9558,37.6663782,-6.0293733
G0681,ES00916,Solar,PV,,4.5,41.122,-4.2958,40.9208874,-4.2500993
G0683,ES00917,Solar,PV,,65.5,41.2244,-3.9954,40.9404557,-4.1657949
G0685,ES00918,Solar,PV,,12.6,40.0398,-3.3768,40.1393252,-3.2421303
G0688,ES00925,Solar,PV,Medina Del Campo Pv,163.9,41.34,-4.931,41.3278409,-4.9110074
G0689,ES00926,Solar,PV,Solaria Tordesillas,93.5,41.4721,-5.0141,41.4841295,-5.0018867
G0692,ES00928,Solar,PV,,10.2,39.8891,-3.6138,39.9806029,-3.8384852
G0693,ES00929,Solar,PV,,26,40.05,-4.055,39.9955359,-3.8721042
G0694,ES00931,Solar,PV,,1.3,40.0211,-3.8051,40.0159312,-3.8373196
G0696,ES00933,Solar,PV,,1.5,36.89,-3.439,36.8953589,-3.4188217
G0698,ES00942,Solar,PV,,1.1,39.3275,-0.4242,39.3747709,-0.4946507
G0699,ES00953,Solar,PV,,16.3,37.571,-4.093,37.7858002,-3.8899021
G0701,ES00955,Solar,PV,,17.799999999999997,39.168,-4.0962,39.2669718,-4.0923415
G0702,ES00959,Solar,PV,,50,41.6517,-0.7839,41.6456665,-0.7664546
G0707,ES00963,Solar,PV,,27.8,42.1147,-1.227,42.0554422,-1.2221561
G0712,ES00967,Solar,PV,,16.9,39.9168,-2.8258,39.9845188,-2.7569152
G0714,ES00970,Solar,PV,,14.9,42.006,-1.692,42.0651825,-1.6460466
G0716,ES00971,Solar,PV,,13.700000000000001,42.1194,-1.7154,42.1111453,-1.7138841
G0719,ES00975,Solar,PV,,6.3,37.733,-5.2955,37.6667615,-5.2269841
G0721,ES00976,Solar,PV,,4.8,37.5516,-5.1691,37.5717084,-5.158702
G0723,ES00977,Solar,PV,Grullas-Pedroso,217.5,37.726,-5.434,37.6434909,-5.2473868
G0729,ES00978,Solar,PV,,58.5,36.5806,-6.1079,36.6113345,-6.0880047
G0730,ES00979,Solar,PV,,19.7,36.6586,-5.9922,36.6389899,-5.9517093
G0734,ES00996,Solar,PV,,93,41.0273,-2.37,41.0999855,-2.34573
G0738,ES01001,Solar,PV,,7.2,36.4902,-5.8644,36.4631979,-5.8245805
G0750,ES01038,Solar,PV,,3.3,42.4259,-2.9123,42.5684765,-2.8852842
G0752,ES01043,Solar,PV,,1.4,41.6522,1.085,41.4746605,1.1226224
G0757,ES01049,Solar,PV,,1.1,41.6721,1.2886,41.5542686,1.3603966
G0759,ES01051,Solar,PV,,9.1,39.6435,-3.7747,39.6804808,-3.8028247
G0760,ES01052,Solar,PV,,20.6,39.7052,-4.1488,39.69312,-3.8837973
G0763,ES01057,Solar,PV,,71.8,39.8457,-4.5275,39.9495387,-4.7795159
G0768,ES01061,Solar,PV,,1.8,39.1141,-3.3688,39.0789296,-3.3341266
G0770,ES01062,Solar,PV,,6.6,39.3039,-2.8029,39.1637739,-3.2779295
G0774,ES01075,Solar,PV,,46,40.1186,-3.0619,40.0373049,-3.0432322
G0775,ES01076,Solar,PV,,24.8,39.6394,-3.0818,39.9809899,-3.1139535
G0776,ES01078,Solar,PV,,13.700000000000001,39.499,-3.5342,39.4870686,-3.5345127
G0779,ES01086,Solar,PV,,175.1,37.0878,-3.7624,37.1464919,-3.6767216
G0782,ES01094,Solar,PV,,3.3,42.205,2.9626,42.2084078,2.9401442
G0785,ES01108,Solar,PV,,15.6,38.1898,-1.01,38.1814588,-1.0017106
G0787,ES01112,Solar,PV,,4.4,38.4369,-0.7801,38.4387787,-0.7824655
G0791,ES01115,Solar,PV,,19.3,36.2344,-5.8813,36.2975668,-5.9888858
G0793,ES01118,Solar,PV,,57.5,40.3336,-2.6302,40.3527983,-2.6060867
G0795,ES01120,Solar,PV,,1.8,40.3621,-3.7077,40.3863057,-3.7172942
G0796,ES01124,Solar,PV,,52.6,37.9843,-1.1328,37.9651288,-1.1353017
G0797,ES01128,Solar,PV,,86,36.9898,-4.913,36.9250401,-4.8748775
G0799,ES01129,Solar,PV,Solaria Polenino,32.4,41.874,-0.321,41.9341801,-0.582993
G0803,ES01132,Solar,PV,,4.7,42.1104,-3.4075,42.2762465,-3.6029913
G0806,ES01133,Solar,PV,,3.2,42.061,-0.6613,42.0822445,-0.718004
G0808,ES01134,Solar,PV,,4.2,37.0708,-4.8321,37.1544433,-4.8936454
G0810,ES01136,Solar,PV,,35,41.9091,-0.8046,41.9736029,-0.9134303
G0813,ES01141,Solar,PV,,16.3,41.7669,-2.4755,41.9891689,-2.3733325
G0817,ES01143,Solar,PV,,6.2,41.5237,-0.7967,41.5601674,-0.7750887
G0819,ES01144,Solar,PV,SABIC Cartagena,271.6,37.7063,-1.1009,37.7563141,-0.9960002
G0820,ES01146,Solar,PV,,33.5,41.4279,-5.3464,41.4458099,-5.3605088
G0821,ES01147,Solar,PV,,5.5,42.0471,-5.699,42.1786077,-5.6852116
G0822,ES01148,Solar,PV,,49,38.9106,-3.3841,38.8725052,-3.3614991
G0824,ES01149,Solar,PV,,3.5,38.5178,-3.5035,38.8391137,-3.3871516
G0825,ES01150,Solar,PV,Encina al Sol,35.8,38.6632,-4.1675,38.6420502,-4.1594034
G0826,ES01152,Solar,PV,,56,37.1774,-3.5937,37.1961532,-3.5741632
G0827,ES01153,Solar,PV,Sonnedix Los Frailes,50,38.7806,-7.0484,38.8053784,-7.0562548
G0829,ES01154,Solar,PV,,7,39.1159,-5.3349,39.2248201,-5.359209
G0830,ES01155,Solar,PV,,6.2,39.336,-5.349,39.2391156,-5.3189734
G0831,ES01156,Solar,PV,,1.3,41.7029,-1.0525,41.6260669,-1.0175592
G0835,ES01160,Solar,PV,,28,42.1859,-1.6073,42.2082718,-1.6702652
G0836,ES01161,Solar,PV,,33.6,41.0528,-0.1415,40.8602903,-0.2307777
G0837,ES01164,Solar,PV,Torres de Cotillas,91.6,37.979,-1.322,37.9607895,-1.3783738
G0839,ES01165,Solar,PV,,109.6,38.3641,-1.2765,38.5210652,-1.3339522
G0841,ES01166,Solar,PV,,4.7,36.8438,-2.9284,36.8351811,-2.9203646
G0842,ES01168,Solar,PV,,2.6,41.8344,2.7017,41.9497066,2.6708637
G0844,ES01170,Solar,PV,,13.3,39.9654,-5.8921,40.049642,-5.9556525
G0847,ES01171,Solar,PV,,109.9,37.3158,-6.8417,37.3046235,-6.8648189
G0849,ES01172,Solar,PV,,2.1,42.0616,-1.9695,42.0283751,-2.0148245
G0850,ES01173,Solar,PV,"Valdecaballero Euder (Phase Valdecaballero), Navavillar solar (Phase Navalvillar), Valdecaballero Solar (Phase Valdecaballero), Castiblanco Solar (Phase Castiblanco)",130.5,39.2441,-5.2922,39.2486706,-5.2952921
G0851,ES01175,Solar,PV,,164.9,37.8074,-5.1006,37.8234116,-5.0472227
G0854,ES01178,Solar,PV,,59.7,38.6201,-3.974,38.6259611,-3.9764178
G0856,ES01180,Solar,PV,,23.8,37.2687,-7.3683,37.3071171,-7.2069076
G0862,ES01182,Solar,PV,Herencia-Fraile,211.6,39.2226,-5.7853,39.1997229,-5.5827069
G0866,ES01183,Solar,PV,,169.7,37.5465,-6.161,37.4958156,-6.1011673
G0871,ES01193,Solar,PV,,80,36.8476,-2.4499,36.8396707,-2.4315445
G0872,ES01194,Solar,PV,,1.5,37.4079,-5.8835,37.3783529,-5.8697677
G0873,ES01196,Solar,PV,,99.8,39.6511,-7.4991,39.6498746,-7.5117597
G0874,ES01197,Solar,PV,,90.4,39.6298,-7.4484,39.628385,-7.4648532
G0876,ES01200,Solar,PV,,6.3,41.6345,-5.1605,41.71347,-5.0891582
G0877,ES01205,Solar,PV,,5.1,41.8405,0.2509,41.9234376,0.1933692
G0878,ES01208,Solar,PV,Ceclavin,668.3,39.8201,-6.7798,39.8299297,-6.7451152
G0879,ES01209,Solar,PV,"Talayuela Encavis, Talayuela I-SC",395.4,39.919,-5.418,39.9136606,-5.4063408
G0881,ES01210,Solar,PV,Brovales Apicio,378.8,38.1663,-6.6601,38.2378527,-6.5899135
G0882,ES01211,Solar,PV,,5,39.2946,-5.4885,39.2599276,-5.4270332
G0883,ES01212,Solar,PV,,82.3,38.7824,-6.625,38.7834874,-6.554482
G0884,ES01213,Solar,PV,,7.2,40.4899,-3.5471,40.4885436,-3.5394014
G0886,ES01214,Solar,PV,,3.3,36.8113,-5.2123,36.9491011,-5.0576908
G0889,ES01217,Solar,PV,,321.1,39.9312,-2.4474,39.9496095,-2.5371052
G0892,ES01220,Solar,PV,,8,39.0244,-3.5892,38.9957364,-3.4806927
G0894,ES01221,Solar,PV,Planta Solar Alcazar,305.4,39.3882,-3.2117,39.3467221,-3.2994928
G0895,ES01223,Solar,PV,,553,39.5731,-5.7051,39.5651486,-5.6673627
G0896,ES01225,Solar,PV,Ibox Hornachos 16,616.6,38.4836,-6.1855,38.4218167,-6.2234982
G0897,ES01226,Solar,PV,Bienvenida PV,191.6,38.283,-6.161,38.2865684,-6.1604308
G0899,ES01227,Solar,PV,,2.6,42.1132,-0.936,42.0282367,-0.9293747
G0904,ES01232,Solar,PV,,1.3,42.9788,-3.5663,42.8524961,-3.6375253
G0905,ES01235,Solar,PV,,1,41.6163,2.3563,41.5876209,2.3197982
G0913,ES01244,Solar,PV,,12.1,41.5004,-1.3652,41.6575002,-1.3503474
G0916,ES01245,Solar,PV,,1.1,42.0632,-4.2136,42.0117827,-4.1984828
G0917,ES01247,Solar,PV,,5.699999999999999,39.5372,-6.4415,39.5231079,-6.4403688
G0918,ES01248,Solar,PV,,51.4,39.4447,-6.5439,39.4596329,-6.5504262
G0919,ES01249,Solar,PV,Puerto Palmas,150,38.7574,-6.3997,38.74901,-6.4333541
G0920,ES01250,Solar,PV,,160.8,39.5151,-6.3943,39.4906736,-6.3880281
G0921,ES01251,Solar,PV,Cero Gnowee,110.7,39.4218,-6.3283,39.4645608,-6.3165277
G0922,ES01252,Solar,PV,,193.6,39.2774,-6.2734,39.4530226,-6.2522228
G0924,ES01253,Solar,PV,,20.8,38.6966,-7.1256,38.743685,-7.1379241
G0926,ES01257,Solar,PV,Guillena,139.9,37.5499,-6.0947,37.5661351,-6.072843
G0927,ES01259,Solar,PV,ErasmoPower2X,1210.7,38.5386,-5.0566,38.740706,-4.73629
G0021,ES00036,Hydro,reservoir,Cijara Badajoz,158,39.3722,-5.0159,39.29204973,-5.1829486
G0029,ES00056,Hydro,reservoir,Ricobayo (Esla),265,41.5284,-5.9867,41.5278171,-5.987369946
G0030,ES00056,Hydro,reservoir,,234,41.5284,-5.9867,41.5278171,-5.987369946
G0031,ES00057,Hydro,reservoir,"Alcántara II, Jose M Oriol Grupo 4",1452,39.7291,-6.8854,39.72451237,-6.877488489
G0057,ES00099,Hydro,reservoir,Cedillo 3,758,39.6641,-7.5401,39.6643063,-7.53250912
G0064,ES00112,Hydro,reservoir,,331,41.4911,-6.0853,41.49055678,-6.09050946
G0094,ES00161,Hydro,reservoir,Cornatel Group 1,200,42.4704,-6.8141,42.47069945,-6.8150474
G0135,ES00204,Hydro,reservoir,,341,42.627,-7.7135,42.62647428,-7.71349554
G0156,ES00242,Hydro,reservoir,Salto de Cofrentes,185,39.2468,-1.0939,39.2144259,-1.054888867
G0158,ES00242,Hydro,reservoir,,185,39.2468,-1.0939,39.2144259,-1.054888867
G0161,ES00246,Hydro,reservoir,,1229,41.2086,-6.6866,41.20771162,-6.681359772
G0214,ES00305,Hydro,reservoir,"Castrelo de Miño, Castrelo Fenosa, Castrelo Grupo I",194,42.2922,-8.1149,42.29108733,-8.110224071
G0221,ES00313,Hydro,reservoir,"Santo Estavo II, San Esteban II Grupo 1",285,42.4143,-7.6534,42.41415683,-7.6534274
G0222,ES00313,Hydro,reservoir,Santo Estavo I,399,42.4143,-7.6534,42.41415683,-7.6534274
G0224,ES00316,Hydro,reservoir,"Portodemouros Grupo, Portodemouros Grupo 2",115,42.8551,-8.1912,42.85335935,-8.195909892
G0226,ES00319,Hydro,reservoir,,132,42.8364,-8.8496,42.8303809,-8.845303375
G0232,ES00326,Hydro,reservoir,,408,41.0449,-6.8071,41.04310302,-6.806083089
G0233,ES00326,Hydro,reservoir,,381,41.0449,-6.8071,41.04310302,-6.806083089
G0280,ES00366,Hydro,reservoir,,373,39.2636,-0.919,39.26021448,-0.91713018
G0289,ES00372,Hydro,reservoir,"Ribarroja, Riba Roja Endesa, Riba Roja 1",400,41.2417,0.4314,41.24178638,0.430947233
G0293,ES00379,Hydro,reservoir,Mequinenza 1,488,41.3692,0.2743,41.36774076,0.276570863
G0342,ES00445,Hydro,reservoir,,162,41.9763,0.6116,41.62840666,0.49707456
G0369,ES00475,Hydro,reservoir,Azután 2,273,39.7798,-5.0876,39.77929682,-5.08801378
G0398,ES00498,Hydro,reservoir,,117,37.2753,-4.3871,37.11600135,-4.4125312
G0437,ES00547,Hydro,reservoir,Puente Bibey 4,478,42.3342,-7.2152,42.31117114,-7.2198635
G0444,ES00553,Hydro,reservoir,Salime 4,243,43.2369,-6.8467,43.24308955,-6.86439275
G0458,ES00574,Hydro,reservoir,"La Remolina Gr, La Remolina, Remolina",129,42.9704,-5.0156,42.9318446,-5.0873975
G0594,ES00801,Hydro,reservoir,Os Peares I,275,42.4641,-7.7241,42.4682759,-7.7268281
G0602,ES00812,Hydro,reservoir,Castro Zamora,171,41.5756,-6.189,41.5741145,-6.1894799
G0637,ES00853,Hydro,reservoir,,167,40.2212,-6.1328,40.2192926,-6.1338245
G0651,ES00878,Hydro,reservoir,Susqueda 3,135,41.9794,2.5274,41.9064106,2.5644292
G0674,ES00906,Hydro,reservoir,Castrejon Grupo 1,123,39.8525,-4.4742,39.9995742,-4.2697796
G0706,ES00962,Hydro,reservoir,Tabescan Superior,181,42.646,1.2592,42.6459549,1.2593471
G0709,ES00964,Hydro,reservoir,,133,42.589,0.492,42.5890865,0.4918706
G0741,ES01008,Hydro,reservoir,Las Portas,310,42.1142,-7.209,42.1542734,-7.1885403
G0743,ES01014,Hydro,reservoir,"Las Ondinas Gr, Las Ondinas, Ondinas",123,42.8427,-6.4701,42.842937,-6.47027
G0912,ES01243,Hydro,reservoir,Barazar 1,127,43.0796,-2.7338,43.1959864,-2.6872827
G0225,ES00317,Hydro,run_of_river,Frieira Grupo 1,197,42.154,-8.1924,42.15436615,-8.19285275
G0928,ES00544,Hydro,run_of_river,,2.9,43.524278,-7.6431765,43.59062384,-7.552902543
G0929,ES01042,Hydro,run_of_river,,17.6,42.7709105,-0.3337586,42.6280591,-0.3160711
G0930,ES01042,Hydro,run_of_river,,30,42.79287245,-0.3274759,42.6280591,-0.3160711
G0931,ES00315,Hydro,run_of_river,,86.5,42.3574642,-7.84979455,42.35729225,-7.84504865
G0932,ES00846,Hydro,run_of_river,,8.4,37.96546415,-4.5000234,38.1218745,-4.534677
G0933,ES01214,Hydro,run_of_river,,2.32,36.7425198,-5.17020015,36.9491011,-5.0576908
G0934,ES00214,Hydro,run_of_river,,1.568,41.71163075,1.86831215,41.76776925,1.93527732
G0935,ES00891,Hydro,run_of_river,,3.7,42.5066408,0.7179709,42.5691213,0.7567552
G0936,ES01042,Hydro,run_of_river,,82.44,42.74346025,-0.51646045,42.6280591,-0.3160711
G0937,ES00785,Hydro,run_of_river,,9.6,42.611802350000005,-5.8033019,42.7106321,-5.8040848
G0938,ES00867,Hydro,run_of_river,,9.6,42.5483932,-5.8339151,42.4506961,-5.9640637
G0939,ES01133,Hydro,run_of_river,,4.5,42.1043608,-0.67124345,42.0822445,-0.718004
G0940,ES00934,Hydro,run_of_river,,12.8,36.91284525,-3.36889325,36.9061428,-3.406381
G0941,ES00597,Hydro,run_of_river,,4.9,42.3709607,-0.7368168,42.21586425,-0.57227436
G0942,ES00012,Hydro,run_of_river,,0.7,42.0740151,2.23160875,41.95757173,2.282831809
G0943,ES00518,Hydro,run_of_river,,10.4,37.92525065,-3.3129381,37.80044054,-3.80360548
G0944,ES00963,Hydro,run_of_river,,5,42.293403600000005,-1.30887855,42.0554422,-1.2221561
G0945,ES00737,Hydro,run_of_river,,1.5,42.31975635,2.33900495,42.3644366,2.4575662
G0946,ES00641,Hydro,run_of_river,,0.05,43.3572475,-7.11965175,43.22337795,-7.0075054
G0947,ES00933,Hydro,run_of_river,,3.8,37.00835895,-3.55594715,36.8953589,-3.4188217
G0948,ES00934,Hydro,run_of_river,,12.8,36.9424312,-3.3634636,36.9061428,-3.406381
G0949,ES00214,Hydro,run_of_river,,0.453,41.6895085,1.86453035,41.76776925,1.93527732
G0950,ES00083,Hydro,run_of_river,,2.1,41.623639,-4.7637687,41.64877012,-4.762935333
G0951,ES01039,Hydro,run_of_river,,2.7,42.47134255,-2.4412011,42.4220677,-2.4386674
G0952,ES01133,Hydro,run_of_river,,5,42.1732032,-0.7508891,42.0822445,-0.718004
G0953,ES00304,Hydro,run_of_river,,7.2,42.0622892,-0.7731242,42.03780538,-0.773692871
G0954,ES01042,Hydro,run_of_river,,10.9,42.689885700000005,-0.52968985,42.6280591,-0.3160711
G0955,ES00034,Hydro,run_of_river,,5,37.79648635,-6.2778384,37.63669348,-6.097585564
G0956,ES00401,Hydro,run_of_river,,8.32,38.16455035,-3.99318055,38.0462801,-3.9962453
G0957,ES00500,Hydro,run_of_river,,5.4,37.296114200000005,-4.6607086,37.25370042,-4.77604186
G0958,ES00179,Hydro,run_of_river,,12.8,36.91480245,-4.7711256,36.89506925,-4.743579714
G0959,ES01042,Hydro,run_of_river,,6.8,42.74516055,-0.516433,42.6280591,-0.3160711
G0960,ES01142,Hydro,run_of_river,,5,37.55795675,-7.5208439,37.5246465,-7.5025019
G0961,ES00401,Hydro,run_of_river,,15,38.2245831,-3.97424515,38.0462801,-3.9962453
G0962,ES00518,Hydro,run_of_river,,13.2,37.90946695,-3.41241965,37.80044054,-3.80360548
G0963,ES00215,Hydro,run_of_river,,15.2,42.58504135,-0.55049545,42.51704858,-0.357081013
G0964,ES00933,Hydro,run_of_river,,2.99,36.98616865,-3.52742035,36.8953589,-3.4188217
G0965,ES00849,Hydro,run_of_river,,3.15,38.01562905,-3.9955882,38.0056112,-3.9739744
G0966,ES01042,Hydro,run_of_river,,0.3,42.65469055,-0.55422535,42.6280591,-0.3160711
G0967,ES00215,Hydro,run_of_river,,1.1,42.63635855,-0.5470183,42.51704858,-0.357081013
G0968,ES00383,Hydro,run_of_river,,0.6,41.92362775,0.0268957,41.93575306,0.17459676
G0969,ES00383,Hydro,run_of_river,,2.3,41.95516675,0.0163425,41.93575306,0.17459676
G0970,ES00034,Hydro,run_of_river,,12.8,37.668314300000006,-6.13351865,37.63669348,-6.097585564
G0971,ES00785,Hydro,run_of_river,,9.6,42.69335325,-5.81604585,42.7106321,-5.8040848
G0972,ES00791,Hydro,run_of_river,,10,42.23310485,-8.1265937,42.2758008,-8.1306865
G0973,ES00938,Hydro,run_of_river,,2.6,36.70390495,-4.8844823,36.6276261,-4.826427
G0002,ES00007,Solar,Solar Thermal,"Arcosol 50, Valle Torresol",50,36.6579,-5.8565,36.67160539,-5.819809015
G0003,ES00007,Solar,Solar Thermal,"Termesol 50 CSP Project, Valle Torresol",50,36.6579,-5.8565,36.67160539,-5.819809015
G0007,ES00009,Solar,Solar Thermal,,50,37.1549,-5.553,37.24616606,-5.846343825
G0008,ES00009,Solar,Solar Thermal,,49.9,37.1182,-5.5711,37.24616606,-5.846343825
G0127,ES00197,Solar,Solar Thermal,,50,37.2164,-3.0565,37.22256546,-3.065245757
G0128,ES00197,Solar,Solar Thermal,,50,37.2262,-3.0508,37.22256546,-3.065245757
G0129,ES00197,Solar,Solar Thermal,,50,37.2282,-3.0685,37.22256546,-3.065245757
G0177,ES00274,Solar,Solar Thermal,,1.4,38.2837,-1.6002,37.9919487,-1.407593743
G0178,ES00274,Solar,Solar Thermal,,30,38.2837,-1.6002,37.9919487,-1.407593743
G0240,ES00333,Solar,Solar Thermal,,50,38.827,-6.826,38.8193928,-6.820074133
G0243,ES00335,Solar,Solar Thermal,,30,37.394,-5.8628,37.3867065,-5.853023322
G0249,ES00343,Solar,Solar Thermal,"Planta Solar 20, Sanlucar",20,37.4401,-6.2601,37.43962527,-6.266348967
G0250,ES00343,Solar,Solar Thermal,Planta Solar 10,11,37.4425,-6.25,37.43962527,-6.266348967
G0344,ES00446,Solar,Solar Thermal,,24.2,41.5292,0.8001,41.53109625,0.8281782
G0389,ES00493,Solar,Solar Thermal,,50,39.2379,-3.4688,39.2449193,-3.4883263
G0390,ES00493,Solar,Solar Thermal,,50,39.2379,-3.4688,39.2449193,-3.4883263
G0405,ES00510,Solar,Solar Thermal,,49.9,38.7292,-0.9212,38.56016903,-0.855900263
G0427,ES00537,Solar,Solar Thermal,,49.9,37.7553,-5.0576,37.7556866,-5.02489852
G0431,ES00539,Solar,Solar Thermal,,50,37.5757,-5.1668,37.5723404,-5.1584509
G0432,ES00540,Solar,Solar Thermal,Soleval,50,37.0058,-6.049,37.00326447,-6.046246133
G0473,ES00613,Solar,Solar Thermal,"Puertollano Solar Thermal, Ence Termollano",50,38.6433,-3.975,38.64802145,-3.970833
G0495,ES00645,Solar,Solar Thermal,Casablanca Talarrubias,49.9,39.2416,-5.3117,39.23701787,-5.315205767
G0603,ES00816,Solar,Solar Thermal,,50,38.6447,-6.7351,38.6580417,-6.7400302
G0605,ES00816,Solar,Solar Thermal,,49.9,38.6388,-6.7471,38.6580417,-6.7400302
G0606,ES00816,Solar,Solar Thermal,,49.9,38.627,-6.7457,38.6580417,-6.7400302
G0609,ES00820,Solar,Solar Thermal,La Florida Badajoz,49.9,38.8158,-6.8375,38.8124223,-6.8382467
G0618,ES00835,Solar,Solar Thermal,"Solnova 3 CSP (Phase 3), Solnova 4 CSP (Phase 4), Solnova 1 CSP (Phase 1)",50,37.4189,-6.281,37.4392936,-6.2663591
G0619,ES00835,Solar,Solar Thermal,"Solnova 3 CSP (Phase 3), Solnova 4 CSP (Phase 4), Solnova 1 CSP (Phase 1)",50,37.4141,-6.2662,37.4392936,-6.2663591
G0620,ES00835,Solar,Solar Thermal,"Solnova 3 CSP (Phase 3), Solnova 4 CSP (Phase 4), Solnova 1 CSP (Phase 1)",50,37.425,-6.2781,37.4392936,-6.2663591
G0632,ES00846,Solar,Solar Thermal,Solacor 1,50,37.9557,-4.5029,38.1218745,-4.534677
G0633,ES00846,Solar,Solar Thermal,Solacor 2,50,37.961,-4.4754,38.1218745,-4.534677
G0679,ES00909,Solar,Solar Thermal,Majadas De Tietar,50,39.9696,-5.7417,39.9749696,-5.7037566
G0682,ES00917,Solar,Solar Thermal,,45.1,40.9292,-4.1586,40.9404557,-4.1657949
G0720,ES00976,Solar,Solar Thermal,,50,37.5677,-5.1493,37.5717084,-5.158702
G0722,ES00977,Solar,Solar Thermal,,49.9,37.645,-5.258,37.6434909,-5.2473868
G0724,ES00977,Solar,Solar Thermal,Soluz Guzmán,50,37.6499,-5.2698,37.6434909,-5.2473868
G0725,ES00977,Solar,Solar Thermal,Solar Tres,19.9,37.5578,-5.3257,37.6434909,-5.2473868
G0726,ES00977,Solar,Solar Thermal,,50,37.645,-5.258,37.6434909,-5.2473868
G0727,ES00977,Solar,Solar Thermal,,110,37.555,-5.3216,37.6434909,-5.2473868
G0764,ES01058,Solar,Solar Thermal,,49.9,38.9507,-6.4683,38.957966,-6.4644938
G0766,ES01060,Solar,Solar Thermal,,50,39.1887,-3.3116,39.1847548,-3.3213604
G0767,ES01060,Solar,Solar Thermal,,50,39.1772,-3.3131,39.1847548,-3.3213604
G0769,ES01062,Solar,Solar Thermal,,50,39.173,-3.267,39.1637739,-3.2779295
G0772,ES01062,Solar,Solar Thermal,,50,39.18,-3.2647,39.1637739,-3.2779295
G0828,ES01153,Solar,Solar Thermal,,49.9,38.8121,-7.059,38.8053784,-7.0562548
G0858,ES01181,Solar,Solar Thermal,,50,39.2291,-5.398,39.2245034,-5.4084492
G0859,ES01181,Solar,Solar Thermal,,50,39.225,-5.3985,39.2245034,-5.4084492
G0860,ES01181,Solar,Solar Thermal,,50,39.2291,-5.398,39.2245034,-5.4084492
G0861,ES01181,Solar,Solar Thermal,,50,39.2125,-5.4031,39.2245034,-5.4084492
G0863,ES01182,Solar,Solar Thermal,,49.9,39.192,-5.5864,39.1997229,-5.5827069
G0864,ES01182,Solar,Solar Thermal,,49.9,39.1748,-5.5979,39.1997229,-5.5827069
G0865,ES01182,Solar,Solar Thermal,Consoll Orellana,49.9,38.992,-5.549,39.1997229,-5.5827069
G0923,ES01253,Solar,Solar Thermal,,50,38.7548,-7.1439,38.743685,-7.1379241
G0375,ES00478,Gas,Combined_cycle,Refineria La Rabida power station,50,37.18568,-6.90083,37.18542752,-6.887260336
G0644,ES00858,Gas,Combined_cycle,Cella Factory power station,25,40.45676,-1.248,40.7133099,-0.902643
