Trading day,Product,MIBGAS Daily Price [EUR/MWh],,,,
31/12/2025,GDAES_D+1,28.96,,,,
30/12/2025,GDAES_D+1,27.79,,,,
29/12/2025,GDAES_D+1,28.47,,,,
28/12/2025,GDAES_D+1,29.81,,,,
27/12/2025,GDAES_D+1,29.82,,,,
26/12/2025,GDAES_D+1,29.69,,,,
25/12/2025,GDAES_D+1,29.39,,,,
24/12/2025,GDAES_D+1,28.42,,,,
23/12/2025,GDAES_D+1,27.69,,,,
22/12/2025,GDAES_D+1,27.69,,,,
21/12/2025,GDAES_D+1,29.08,,,,
20/12/2025,GDAES_D+1,28.95,,,,
19/12/2025,GDAES_D+1,28.01,,,,
18/12/2025,GDAES_D+1,27.5,,,,
17/12/2025,GDAES_D+1,27.13,,,,
16/12/2025,GDAES_D+1,26.62,,,,
15/12/2025,GDAES_D+1,27.18,,,,
14/12/2025,GDAES_D+1,28.47,,,,
13/12/2025,GDAES_D+1,29.1,,,,
12/12/2025,GDAES_D+1,27.37,,,,
11/12/2025,GDAES_D+1,26.59,,,,
10/12/2025,GDAES_D+1,26.54,,,,
9/12/2025,GDAES_D+1,27.27,,,,
8/12/2025,GDAES_D+1,26.71,,,,
7/12/2025,GDAES_D+1,27.16,,,,
6/12/2025,GDAES_D+1,27.46,,,,
5/12/2025,GDAES_D+1,27.23,,,,
4/12/2025,GDAES_D+1,26.92,,,,
3/12/2025,GDAES_D+1,28.04,,,,
2/12/2025,GDAES_D+1,27.69,,,,
1/12/2025,GDAES_D+1,28.15,,,,
30/11/2025,GDAES_D+1,28.91,,,,
29/11/2025,GDAES_D+1,29.04,,,,
28/11/2025,GDAES_D+1,28.95,,,,
27/11/2025,GDAES_D+1,28.82,,,,
26/11/2025,GDAES_D+1,29.12,,,,
25/11/2025,GDAES_D+1,29.23,,,,
24/11/2025,GDAES_D+1,29.37,,,,
23/11/2025,GDAES_D+1,29.83,,,,
22/11/2025,GDAES_D+1,30.2,,,,
21/11/2025,GDAES_D+1,29.78,,,,
20/11/2025,GDAES_D+1,30.43,,,,
19/11/2025,GDAES_D+1,30.42,,,,
18/11/2025,GDAES_D+1,31.08,,,,
17/11/2025,GDAES_D+1,30.94,,,,
16/11/2025,GDAES_D+1,30.5,,,,
15/11/2025,GDAES_D+1,30.54,,,,
14/11/2025,GDAES_D+1,30.23,,,,
13/11/2025,GDAES_D+1,29.42,,,,
12/11/2025,GDAES_D+1,29.81,,,,
11/11/2025,GDAES_D+1,30.15,,,,
10/11/2025,GDAES_D+1,30.23,,,,
9/11/2025,GDAES_D+1,30.72,,,,
8/11/2025,GDAES_D+1,30.31,,,,
7/11/2025,GDAES_D+1,30.31,,,,
6/11/2025,GDAES_D+1,30.67,,,,
5/11/2025,GDAES_D+1,30.83,,,,
4/11/2025,GDAES_D+1,31.41,,,,
3/11/2025,GDAES_D+1,30.9,,,,
2/11/2025,GDAES_D+1,30.64,,,,
1/11/2025,GDAES_D+1,30.43,,,,
31/10/2025,GDAES_D+1,30.17,,,,
30/10/2025,GDAES_D+1,30.59,,,,
29/10/2025,GDAES_D+1,31.38,,,,
28/10/2025,GDAES_D+1,30.97,,,,
27/10/2025,GDAES_D+1,30.7,,,,
26/10/2025,GDAES_D+1,31.57,,,,
25/10/2025,GDAES_D+1,32.07,,,,
24/10/2025,GDAES_D+1,31.2,,,,
23/10/2025,GDAES_D+1,31.64,,,,
22/10/2025,GDAES_D+1,30.94,,,,
21/10/2025,GDAES_D+1,31.39,,,,
20/10/2025,GDAES_D+1,30.83,,,,
19/10/2025,GDAES_D+1,31.22,,,,
18/10/2025,GDAES_D+1,31.1,,,,
17/10/2025,GDAES_D+1,31.39,,,,
16/10/2025,GDAES_D+1,31.68,,,,
15/10/2025,GDAES_D+1,31.15,,,,
14/10/2025,GDAES_D+1,30.92,,,,
13/10/2025,GDAES_D+1,30.64,,,,
12/10/2025,GDAES_D+1,31.17,,,,
11/10/2025,GDAES_D+1,31.01,,,,
10/10/2025,GDAES_D+1,31.09,,,,
9/10/2025,GDAES_D+1,31.4,,,,
8/10/2025,GDAES_D+1,31.73,,,,
7/10/2025,GDAES_D+1,32.38,,,,
6/10/2025,GDAES_D+1,32.31,,,,
5/10/2025,GDAES_D+1,31.99,,,,
4/10/2025,GDAES_D+1,31.23,,,,
3/10/2025,GDAES_D+1,30.24,,,,
2/10/2025,GDAES_D+1,30.34,,,,
1/10/2025,GDAES_D+1,30.82,,,,
30/09/2025,GDAES_D+1,30.83,,,,
29/09/2025,GDAES_D+1,31.72,,,,
28/09/2025,GDAES_D+1,32.1,,,,
27/09/2025,GDAES_D+1,31.98,,,,
26/09/2025,GDAES_D+1,32.14,,,,
25/09/2025,GDAES_D+1,31.99,,,,
24/09/2025,GDAES_D+1,31.49,,,,
23/09/2025,GDAES_D+1,31.87,,,,
22/09/2025,GDAES_D+1,31.5,,,,
21/09/2025,GDAES_D+1,31.96,,,,
20/09/2025,GDAES_D+1,32.05,,,,
19/09/2025,GDAES_D+1,31.92,,,,
18/09/2025,GDAES_D+1,32.47,,,,
17/09/2025,GDAES_D+1,31.95,,,,
16/09/2025,GDAES_D+1,31.78,,,,
15/09/2025,GDAES_D+1,31.53,,,,
14/09/2025,GDAES_D+1,32.18,,,,
13/09/2025,GDAES_D+1,32.23,,,,
12/9/2025,GDAES_D+1,32.27,,,,
11/9/2025,GDAES_D+1,31.75,,,,
10/9/2025,GDAES_D+1,32.7,,,,
9/9/2025,GDAES_D+1,32.58,,,,
8/9/2025,GDAES_D+1,32.47,,,,
7/9/2025,GDAES_D+1,31.19,,,,
6/9/2025,GDAES_D+1,31.4,,,,
5/9/2025,GDAES_D+1,31.36,,,,
4/9/2025,GDAES_D+1,31.82,,,,
3/9/2025,GDAES_D+1,31.19,,,,
2/9/2025,GDAES_D+1,31.22,,,,
1/9/2025,GDAES_D+1,31.59,,,,
31/08/2025,GDAES_D+1,30.87,,,,
30/08/2025,GDAES_D+1,30.93,,,,
29/08/2025,GDAES_D+1,31.08,,,,
28/08/2025,GDAES_D+1,31.09,,,,
27/08/2025,GDAES_D+1,31.97,,,,
26/08/2025,GDAES_D+1,32.82,,,,
25/08/2025,GDAES_D+1,33.38,,,,
24/08/2025,GDAES_D+1,33.49,,,,
23/08/2025,GDAES_D+1,33.47,,,,
22/08/2025,GDAES_D+1,32.93,,,,
21/08/2025,GDAES_D+1,32.51,,,,
20/08/2025,GDAES_D+1,31.74,,,,
19/08/2025,GDAES_D+1,30.87,,,,
18/08/2025,GDAES_D+1,30.89,,,,
17/08/2025,GDAES_D+1,32.28,,,,
16/08/2025,GDAES_D+1,31.54,,,,
15/08/2025,GDAES_D+1,30.7,,,,
14/08/2025,GDAES_D+1,31.99,,,,
13/08/2025,GDAES_D+1,32.6,,,,
12/8/2025,GDAES_D+1,32.2,,,,
11/8/2025,GDAES_D+1,32.86,,,,
10/8/2025,GDAES_D+1,32.55,,,,
9/8/2025,GDAES_D+1,32.48,,,,
8/8/2025,GDAES_D+1,32.27,,,,
7/8/2025,GDAES_D+1,32.98,,,,
6/8/2025,GDAES_D+1,33.18,,,,
5/8/2025,GDAES_D+1,34.33,,,,
4/8/2025,GDAES_D+1,34.22,,,,
3/8/2025,GDAES_D+1,33.89,,,,
2/8/2025,GDAES_D+1,33.77,,,,
1/8/2025,GDAES_D+1,34.04,,,,
31/07/2025,GDAES_D+1,35.06,,,,
30/07/2025,GDAES_D+1,34.85,,,,
29/07/2025,GDAES_D+1,34.02,,,,
28/07/2025,GDAES_D+1,32.99,,,,
27/07/2025,GDAES_D+1,32.8,,,,
26/07/2025,GDAES_D+1,32.92,,,,
25/07/2025,GDAES_D+1,32.39,,,,
24/07/2025,GDAES_D+1,32.39,,,,
23/07/2025,GDAES_D+1,32.59,,,,
22/07/2025,GDAES_D+1,33.03,,,,
21/07/2025,GDAES_D+1,33.09,,,,
20/07/2025,GDAES_D+1,34.2,,,,
19/07/2025,GDAES_D+1,34,,,,
18/07/2025,GDAES_D+1,33.82,,,,
17/07/2025,GDAES_D+1,34.43,,,,
16/07/2025,GDAES_D+1,34.8,,,,
15/07/2025,GDAES_D+1,34.42,,,,
14/07/2025,GDAES_D+1,35.17,,,,
13/07/2025,GDAES_D+1,36.25,,,,
12/7/2025,GDAES_D+1,37.02,,,,
11/7/2025,GDAES_D+1,35.53,,,,
10/7/2025,GDAES_D+1,35.16,,,,
9/7/2025,GDAES_D+1,34.58,,,,
8/7/2025,GDAES_D+1,34.31,,,,
7/7/2025,GDAES_D+1,33.58,,,,
6/7/2025,GDAES_D+1,33.39,,,,
5/7/2025,GDAES_D+1,33.5,,,,
4/7/2025,GDAES_D+1,33.33,,,,
3/7/2025,GDAES_D+1,33.43,,,,
2/7/2025,GDAES_D+1,33.54,,,,
1/7/2025,GDAES_D+1,33.55,,,,
30/06/2025,GDAES_D+1,33.2,,,,
29/06/2025,GDAES_D+1,34.23,,,,
28/06/2025,GDAES_D+1,33.83,,,,
27/06/2025,GDAES_D+1,33.36,,,,
26/06/2025,GDAES_D+1,33.94,,,,
25/06/2025,GDAES_D+1,35.42,,,,
24/06/2025,GDAES_D+1,35.7,,,,
23/06/2025,GDAES_D+1,40.39,,,,
22/06/2025,GDAES_D+1,44.79,,,,
21/06/2025,GDAES_D+1,41.42,,,,
20/06/2025,GDAES_D+1,40.9,,,,
19/06/2025,GDAES_D+1,41.45,,,,
18/06/2025,GDAES_D+1,38.53,,,,
17/06/2025,GDAES_D+1,38.89,,,,
16/06/2025,GDAES_D+1,37.56,,,,
15/06/2025,GDAES_D+1,38.41,,,,
14/06/2025,GDAES_D+1,37.33,,,,
13/06/2025,GDAES_D+1,37.43,,,,
12/6/2025,GDAES_D+1,35.99,,,,
11/6/2025,GDAES_D+1,35.55,,,,
10/6/2025,GDAES_D+1,34.3,,,,
9/6/2025,GDAES_D+1,35.2,,,,
8/6/2025,GDAES_D+1,36.24,,,,
7/6/2025,GDAES_D+1,36,,,,
6/6/2025,GDAES_D+1,35.68,,,,
5/6/2025,GDAES_D+1,35.79,,,,
4/6/2025,GDAES_D+1,34.81,,,,
3/6/2025,GDAES_D+1,35.21,,,,
2/6/2025,GDAES_D+1,34.47,,,,
1/6/2025,GDAES_D+1,33.79,,,,
31/05/2025,GDAES_D+1,33.52,,,,
30/05/2025,GDAES_D+1,33.37,,,,
29/05/2025,GDAES_D+1,34.1,,,,
28/05/2025,GDAES_D+1,35.45,,,,
27/05/2025,GDAES_D+1,35.57,,,,
26/05/2025,GDAES_D+1,36.33,,,,
25/05/2025,GDAES_D+1,36.26,,,,
24/05/2025,GDAES_D+1,36.45,,,,
23/05/2025,GDAES_D+1,35.44,,,,
22/05/2025,GDAES_D+1,34.95,,,,
21/05/2025,GDAES_D+1,36.02,,,,
20/05/2025,GDAES_D+1,36.06,,,,
19/05/2025,GDAES_D+1,34.29,,,,
18/05/2025,GDAES_D+1,34.36,,,,
17/05/2025,GDAES_D+1,34.19,,,,
16/05/2025,GDAES_D+1,34.19,,,,
15/05/2025,GDAES_D+1,34.13,,,,
14/05/2025,GDAES_D+1,33.82,,,,
13/05/2025,GDAES_D+1,34.58,,,,
12/5/2025,GDAES_D+1,34.16,,,,
11/5/2025,GDAES_D+1,33.91,,,,
10/5/2025,GDAES_D+1,33.85,,,,
9/5/2025,GDAES_D+1,33.51,,,,
8/5/2025,GDAES_D+1,34.21,,,,
7/5/2025,GDAES_D+1,33.05,,,,
6/5/2025,GDAES_D+1,33.31,,,,
5/5/2025,GDAES_D+1,31.65,,,,
4/5/2025,GDAES_D+1,31.63,,,,
3/5/2025,GDAES_D+1,31.57,,,,
2/5/2025,GDAES_D+1,32.55,,,,
1/5/2025,GDAES_D+1,30.66,,,,
30/04/2025,GDAES_D+1,30.91,,,,
29/04/2025,GDAES_D+1,30.42,,,,
28/04/2025,GDAES_D+1,30.47,,,,
27/04/2025,GDAES_D+1,30.09,,,,
26/04/2025,GDAES_D+1,30.83,,,,
25/04/2025,GDAES_D+1,30.9,,,,
24/04/2025,GDAES_D+1,32.11,,,,
23/04/2025,GDAES_D+1,32.44,,,,
22/04/2025,GDAES_D+1,32.41,,,,
21/04/2025,GDAES_D+1,35.1,,,,
20/04/2025,GDAES_D+1,35.19,,,,
19/04/2025,GDAES_D+1,34.58,,,,
18/04/2025,GDAES_D+1,34.26,,,,
17/04/2025,GDAES_D+1,33.13,,,,
16/04/2025,GDAES_D+1,33.41,,,,
15/04/2025,GDAES_D+1,32.02,,,,
14/04/2025,GDAES_D+1,32.69,,,,
13/04/2025,GDAES_D+1,32.01,,,,
12/4/2025,GDAES_D+1,32.01,,,,
11/4/2025,GDAES_D+1,32.57,,,,
10/4/2025,GDAES_D+1,31.72,,,,
9/4/2025,GDAES_D+1,31.89,,,,
8/4/2025,GDAES_D+1,35.04,,,,
7/4/2025,GDAES_D+1,34.7,,,,
6/4/2025,GDAES_D+1,35.07,,,,
5/4/2025,GDAES_D+1,35.54,,,,
4/4/2025,GDAES_D+1,35.07,,,,
3/4/2025,GDAES_D+1,37.61,,,,
2/4/2025,GDAES_D+1,39.69,,,,
1/4/2025,GDAES_D+1,40.37,,,,
31/03/2025,GDAES_D+1,39.37,,,,
30/03/2025,GDAES_D+1,39.07,,,,
29/03/2025,GDAES_D+1,38.83,,,,
28/03/2025,GDAES_D+1,39.53,,,,
27/03/2025,GDAES_D+1,40.04,,,,
26/03/2025,GDAES_D+1,39.72,,,,
25/03/2025,GDAES_D+1,40.37,,,,
24/03/2025,GDAES_D+1,41.58,,,,
23/03/2025,GDAES_D+1,41.7,,,,
22/03/2025,GDAES_D+1,41.54,,,,
21/03/2025,GDAES_D+1,41.82,,,,
20/03/2025,GDAES_D+1,41.89,,,,
19/03/2025,GDAES_D+1,42.5,,,,
18/03/2025,GDAES_D+1,40.22,,,,
17/03/2025,GDAES_D+1,41.09,,,,
16/03/2025,GDAES_D+1,42.13,,,,
15/03/2025,GDAES_D+1,42.14,,,,
14/03/2025,GDAES_D+1,41.76,,,,
13/03/2025,GDAES_D+1,41.14,,,,
12/3/2025,GDAES_D+1,41.91,,,,
11/3/2025,GDAES_D+1,42.88,,,,
10/3/2025,GDAES_D+1,41.11,,,,
9/3/2025,GDAES_D+1,39.53,,,,
8/3/2025,GDAES_D+1,39.07,,,,
7/3/2025,GDAES_D+1,39.86,,,,
6/3/2025,GDAES_D+1,38.11,,,,
5/3/2025,GDAES_D+1,40.86,,,,
4/3/2025,GDAES_D+1,43.28,,,,
3/3/2025,GDAES_D+1,44.95,,,,
2/3/2025,GDAES_D+1,46.04,,,,
1/3/2025,GDAES_D+1,45.07,,,,
28/02/2025,GDAES_D+1,43.88,,,,
27/02/2025,GDAES_D+1,44.38,,,,
26/02/2025,GDAES_D+1,41,,,,
25/02/2025,GDAES_D+1,43.66,,,,
24/02/2025,GDAES_D+1,46.46,,,,
23/02/2025,GDAES_D+1,45.42,,,,
22/02/2025,GDAES_D+1,45.65,,,,
21/02/2025,GDAES_D+1,45.97,,,,
20/02/2025,GDAES_D+1,46.86,,,,
19/02/2025,GDAES_D+1,47.1,,,,
18/02/2025,GDAES_D+1,48.94,,,,
17/02/2025,GDAES_D+1,47.7,,,,
16/02/2025,GDAES_D+1,51.44,,,,
15/02/2025,GDAES_D+1,50.49,,,,
14/02/2025,GDAES_D+1,50.25,,,,
13/02/2025,GDAES_D+1,50.62,,,,
12/2/2025,GDAES_D+1,54.72,,,,
11/2/2025,GDAES_D+1,56.61,,,,
10/2/2025,GDAES_D+1,57.22,,,,
9/2/2025,GDAES_D+1,55.43,,,,
8/2/2025,GDAES_D+1,55.38,,,,
7/2/2025,GDAES_D+1,54.85,,,,
6/2/2025,GDAES_D+1,53.75,,,,
5/2/2025,GDAES_D+1,52.87,,,,
4/2/2025,GDAES_D+1,51.54,,,,
3/2/2025,GDAES_D+1,52.77,,,,
2/2/2025,GDAES_D+1,54,,,,
1/2/2025,GDAES_D+1,53.75,,,,
31/01/2025,GDAES_D+1,52.24,,,,
30/01/2025,GDAES_D+1,50.91,,,,
29/01/2025,GDAES_D+1,50.3,,,,
28/01/2025,GDAES_D+1,47.53,,,,
27/01/2025,GDAES_D+1,46.78,,,,
26/01/2025,GDAES_D+1,48.11,,,,
25/01/2025,GDAES_D+1,47.35,,,,
24/01/2025,GDAES_D+1,48.43,,,,
23/01/2025,GDAES_D+1,48.02,,,,
22/01/2025,GDAES_D+1,47.65,,,,
21/01/2025,GDAES_D+1,50.45,,,,
20/01/2025,GDAES_D+1,48.36,,,,
19/01/2025,GDAES_D+1,49.04,,,,
18/01/2025,GDAES_D+1,48.29,,,,
17/01/2025,GDAES_D+1,47.09,,,,
16/01/2025,GDAES_D+1,46.37,,,,
15/01/2025,GDAES_D+1,47.22,,,,
14/01/2025,GDAES_D+1,47.43,,,,
13/01/2025,GDAES_D+1,48.76,,,,
12/1/2025,GDAES_D+1,47.17,,,,
11/1/2025,GDAES_D+1,46.18,,,,
10/1/2025,GDAES_D+1,45.13,,,,
9/1/2025,GDAES_D+1,45.1,,,,
8/1/2025,GDAES_D+1,45.86,,,,
7/1/2025,GDAES_D+1,47.85,,,,
6/1/2025,GDAES_D+1,47.59,,,,
5/1/2025,GDAES_D+1,50.89,,,,
4/1/2025,GDAES_D+1,51.31,,,,
3/1/2025,GDAES_D+1,50.63,,,,
2/1/2025,GDAES_D+1,51.21,,,,
1/1/2025,GDAES_D+1,53.49,,,,
31/12/2024,GDAES_D+1,52.18,,,,
30/12/2024,GDAES_D+1,48.67,,,,
29/12/2024,GDAES_D+1,52.8,,,,
28/12/2024,GDAES_D+1,50.26,,,,
27/12/2024,GDAES_D+1,49.1,,,,
26/12/2024,GDAES_D+1,49.42,,,,
25/12/2024,GDAES_D+1,49.05,,,,
24/12/2024,GDAES_D+1,46.59,,,,
23/12/2024,GDAES_D+1,45.83,,,,
22/12/2024,GDAES_D+1,45.39,,,,
21/12/2024,GDAES_D+1,46.04,,,,
20/12/2024,GDAES_D+1,45.4,,,,
19/12/2024,GDAES_D+1,43.55,,,,
18/12/2024,GDAES_D+1,41.53,,,, 
17/12/2024,GDAES_D+1,42.51,,,,
16/12/2024,GDAES_D+1,40.96,,,,
15/12/2024,GDAES_D+1,42.67,,,,
14/12/2024,GDAES_D+1,43.03,,,,
13/12/2024,GDAES_D+1,41.38,,,,
12/12/2024,GDAES_D+1,43.16,,,,
11/12/2024,GDAES_D+1,45.23,,,,
10/12/2024,GDAES_D+1,45.78,,,,
9/12/2024,GDAES_D+1,44.6,,,,
8/12/2024,GDAES_D+1,46.65,,,,
7/12/2024,GDAES_D+1,45.55,,,,
6/12/2024,GDAES_D+1,46.51,,,,
5/12/2024,GDAES_D+1,46.42,,,,
4/12/2024,GDAES_D+1,47.56,,,,
3/12/2024,GDAES_D+1,48.78,,,,
2/12/2024,GDAES_D+1,48.91,,,,
1/12/2024,GDAES_D+1,50.79,,,,
30/11/2024,GDAES_D+1,49.03,,,,
29/11/2024,GDAES_D+1,47.67,,,,
28/11/2024,GDAES_D+1,46.35,,,,
27/11/2024,GDAES_D+1,46.58,,,,
26/11/2024,GDAES_D+1,47.15,,,,
25/11/2024,GDAES_D+1,47.88,,,,
24/11/2024,GDAES_D+1,46.26,,,,
23/11/2024,GDAES_D+1,46.08,,,,
22/11/2024,GDAES_D+1,46.35,,,,
21/11/2024,GDAES_D+1,48.4,,,,
20/11/2024,GDAES_D+1,46.45,,,,
19/11/2024,GDAES_D+1,45.39,,,,
18/11/2024,GDAES_D+1,46.84,,,,
17/11/2024,GDAES_D+1,47.07,,,,
16/11/2024,GDAES_D+1,45.69,,,,
15/11/2024,GDAES_D+1,46.05,,,,
14/11/2024,GDAES_D+1,46.02,,,,
13/11/2024,GDAES_D+1,43.86,,,,
12/11/2024,GDAES_D+1,43.73,,,,
11/11/2024,GDAES_D+1,43.61,,,,
10/11/2024,GDAES_D+1,42.31,,,,
9/11/2024,GDAES_D+1,42.14,,,,
8/11/2024,GDAES_D+1,41.94,,,,
7/11/2024,GDAES_D+1,41.31,,,,
6/11/2024,GDAES_D+1,40.45,,,,
5/11/2024,GDAES_D+1,40.5,,,,
4/11/2024,GDAES_D+1,40.29,,,,
3/11/2024,GDAES_D+1,40.47,,,,
2/11/2024,GDAES_D+1,38.75,,,,
1/11/2024,GDAES_D+1,38.9,,,,
31/10/2024,GDAES_D+1,40.44,,,,
30/10/2024,GDAES_D+1,41.72,,,,
29/10/2024,GDAES_D+1,43.04,,,,
28/10/2024,GDAES_D+1,42.8,,,,
27/10/2024,GDAES_D+1,44.35,,,,
26/10/2024,GDAES_D+1,44.63,,,,
25/10/2024,GDAES_D+1,43.64,,,,
24/10/2024,GDAES_D+1,42.07,,,,
23/10/2024,GDAES_D+1,41.16,,,,
22/10/2024,GDAES_D+1,40.42,,,,
21/10/2024,GDAES_D+1,39.61,,,,
20/10/2024,GDAES_D+1,39.41,,,,
19/10/2024,GDAES_D+1,39.05,,,,
18/10/2024,GDAES_D+1,38.87,,,,
17/10/2024,GDAES_D+1,39.37,,,,
16/10/2024,GDAES_D+1,38.92,,,,
15/10/2024,GDAES_D+1,39.48,,,,
14/10/2024,GDAES_D+1,39.93,,,,
13/10/2024,GDAES_D+1,40.04,,,,
12/10/2024,GDAES_D+1,38.95,,,,
11/10/2024,GDAES_D+1,39.27,,,,
10/10/2024,GDAES_D+1,39.79,,,,
9/10/2024,GDAES_D+1,38.12,,,,
8/10/2024,GDAES_D+1,38.59,,,,
7/10/2024,GDAES_D+1,40.3,,,,
6/10/2024,GDAES_D+1,41.24,,,,
5/10/2024,GDAES_D+1,40.73,,,,
4/10/2024,GDAES_D+1,40.74,,,,
3/10/2024,GDAES_D+1,39.49,,,,
2/10/2024,GDAES_D+1,38.64,,,,
1/10/2024,GDAES_D+1,39.36,,,,
30/09/2024,GDAES_D+1,38.94,,,,
29/09/2024,GDAES_D+1,38.7,,,,
28/09/2024,GDAES_D+1,38.28,,,,
27/09/2024,GDAES_D+1,38.1,,,,
26/09/2024,GDAES_D+1,38.07,,,,
25/09/2024,GDAES_D+1,37.52,,,,
24/09/2024,GDAES_D+1,35.81,,,,
23/09/2024,GDAES_D+1,36.43,,,,
22/09/2024,GDAES_D+1,35.99,,,,
21/09/2024,GDAES_D+1,35.73,,,,
20/09/2024,GDAES_D+1,35.14,,,,
19/09/2024,GDAES_D+1,33.2,,,,
18/09/2024,GDAES_D+1,35.82,,,,
17/09/2024,GDAES_D+1,35.95,,,,
16/09/2024,GDAES_D+1,34.52,,,,
15/09/2024,GDAES_D+1,35.59,,,,
14/09/2024,GDAES_D+1,36.58,,,,
13/09/2024,GDAES_D+1,35.17,,,,
12/9/2024,GDAES_D+1,35.14,,,,
11/9/2024,GDAES_D+1,35.58,,,,
10/9/2024,GDAES_D+1,34.75,,,,
9/9/2024,GDAES_D+1,36.7,,,,
8/9/2024,GDAES_D+1,36.14,,,,
7/9/2024,GDAES_D+1,35.85,,,,
6/9/2024,GDAES_D+1,36.32,,,,
5/9/2024,GDAES_D+1,36.43,,,,
4/9/2024,GDAES_D+1,36.3,,,,
3/9/2024,GDAES_D+1,37.48,,,,
2/9/2024,GDAES_D+1,39.64,,,,
1/9/2024,GDAES_D+1,42.1,,,,
31/08/2024,GDAES_D+1,41.36,,,,
30/08/2024,GDAES_D+1,40.01,,,,
29/08/2024,GDAES_D+1,39.22,,,,
28/08/2024,GDAES_D+1,39.06,,,,
27/08/2024,GDAES_D+1,39.15,,,,
26/08/2024,GDAES_D+1,38.08,,,,
25/08/2024,GDAES_D+1,37.47,,,,
24/08/2024,GDAES_D+1,37.02,,,,
23/08/2024,GDAES_D+1,36.65,,,,
22/08/2024,GDAES_D+1,36.98,,,,
21/08/2024,GDAES_D+1,37.45,,,,
20/08/2024,GDAES_D+1,37.89,,,,
19/08/2024,GDAES_D+1,39.91,,,,
18/08/2024,GDAES_D+1,39.76,,,,
17/08/2024,GDAES_D+1,39.39,,,,
16/08/2024,GDAES_D+1,39.5,,,,
15/08/2024,GDAES_D+1,39.22,,,,
14/08/2024,GDAES_D+1,38.75,,,,
13/08/2024,GDAES_D+1,39.16,,,,
12/8/2024,GDAES_D+1,39.6,,,,
11/8/2024,GDAES_D+1,41,,,,
10/8/2024,GDAES_D+1,39.78,,,,
9/8/2024,GDAES_D+1,39.35,,,,
8/8/2024,GDAES_D+1,39.96,,,,
7/8/2024,GDAES_D+1,37.96,,,,
6/8/2024,GDAES_D+1,36.01,,,,
5/8/2024,GDAES_D+1,36.18,,,,
4/8/2024,GDAES_D+1,38.81,,,,
3/8/2024,GDAES_D+1,37.03,,,,
2/8/2024,GDAES_D+1,37.53,,,,
1/8/2024,GDAES_D+1,37.64,,,,
31/07/2024,GDAES_D+1,36.39,,,,
30/07/2024,GDAES_D+1,35.41,,,,
29/07/2024,GDAES_D+1,35.57,,,,
28/07/2024,GDAES_D+1,34.23,,,,
27/07/2024,GDAES_D+1,32.92,,,,
26/07/2024,GDAES_D+1,32.93,,,,
25/07/2024,GDAES_D+1,32.2,,,,
24/07/2024,GDAES_D+1,33.17,,,,
23/07/2024,GDAES_D+1,32.04,,,,
22/07/2024,GDAES_D+1,31.88,,,,
21/07/2024,GDAES_D+1,31.82,,,,
20/07/2024,GDAES_D+1,30.7,,,,
19/07/2024,GDAES_D+1,32.1,,,,
18/07/2024,GDAES_D+1,32.65,,,,
17/07/2024,GDAES_D+1,32.11,,,,
16/07/2024,GDAES_D+1,32.74,,,,
15/07/2024,GDAES_D+1,31.07,,,,
14/07/2024,GDAES_D+1,31.46,,,,
13/07/2024,GDAES_D+1,31.78,,,,
12/7/2024,GDAES_D+1,31.45,,,,
11/7/2024,GDAES_D+1,30.58,,,,
10/7/2024,GDAES_D+1,30.38,,,,
9/7/2024,GDAES_D+1,30.69,,,,
8/7/2024,GDAES_D+1,31.66,,,,
7/7/2024,GDAES_D+1,32.09,,,,
6/7/2024,GDAES_D+1,32.58,,,,
5/7/2024,GDAES_D+1,32.38,,,,
4/7/2024,GDAES_D+1,32.95,,,,
3/7/2024,GDAES_D+1,32.49,,,,
2/7/2024,GDAES_D+1,33.33,,,,
1/7/2024,GDAES_D+1,33.33,,,,
30/06/2024,GDAES_D+1,34.2,,,,
29/06/2024,GDAES_D+1,34.71,,,,
28/06/2024,GDAES_D+1,34.06,,,,
27/06/2024,GDAES_D+1,34.39,,,,
26/06/2024,GDAES_D+1,34.37,,,,
25/06/2024,GDAES_D+1,35.31,,,,
24/06/2024,GDAES_D+1,34.25,,,,
23/06/2024,GDAES_D+1,34.35,,,,
22/06/2024,GDAES_D+1,34.38,,,,
21/06/2024,GDAES_D+1,34,,,,
20/06/2024,GDAES_D+1,34.49,,,,
19/06/2024,GDAES_D+1,35.38,,,,
18/06/2024,GDAES_D+1,34.22,,,,
17/06/2024,GDAES_D+1,34.09,,,,
16/06/2024,GDAES_D+1,34.77,,,,
15/06/2024,GDAES_D+1,34.19,,,,
14/06/2024,GDAES_D+1,35.5,,,,
13/06/2024,GDAES_D+1,35.75,,,,
12/6/2024,GDAES_D+1,35.26,,,,
11/6/2024,GDAES_D+1,34.55,,,,
10/6/2024,GDAES_D+1,35.02,,,,
9/6/2024,GDAES_D+1,33.86,,,,
8/6/2024,GDAES_D+1,33.78,,,,
7/6/2024,GDAES_D+1,33.4,,,,
6/6/2024,GDAES_D+1,33.96,,,,
5/6/2024,GDAES_D+1,34.04,,,,
4/6/2024,GDAES_D+1,34.8,,,,
3/6/2024,GDAES_D+1,36.47,,,,
2/6/2024,GDAES_D+1,34.85,,,,
1/6/2024,GDAES_D+1,33.85,,,,
31/05/2024,GDAES_D+1,34.5,,,,
30/05/2024,GDAES_D+1,35.34,,,,
29/05/2024,GDAES_D+1,34.35,,,,
28/05/2024,GDAES_D+1,34.22,,,,
27/05/2024,GDAES_D+1,35.74,,,,
26/05/2024,GDAES_D+1,34.48,,,,
25/05/2024,GDAES_D+1,34.3,,,,
24/05/2024,GDAES_D+1,34.62,,,,
23/05/2024,GDAES_D+1,35.88,,,,
22/05/2024,GDAES_D+1,35.13,,,,
21/05/2024,GDAES_D+1,33.46,,,,
20/05/2024,GDAES_D+1,32.35,,,,
19/05/2024,GDAES_D+1,31.61,,,,
18/05/2024,GDAES_D+1,31.65,,,,
17/05/2024,GDAES_D+1,30.98,,,,
16/05/2024,GDAES_D+1,30.81,,,,
15/05/2024,GDAES_D+1,29.85,,,,
14/05/2024,GDAES_D+1,29.81,,,,
13/05/2024,GDAES_D+1,29.23,,,,
12/5/2024,GDAES_D+1,30,,,,
11/5/2024,GDAES_D+1,29.35,,,,
10/5/2024,GDAES_D+1,30.13,,,,
9/5/2024,GDAES_D+1,30.77,,,,
8/5/2024,GDAES_D+1,30.25,,,,
7/5/2024,GDAES_D+1,30.72,,,,
6/5/2024,GDAES_D+1,32.15,,,,
5/5/2024,GDAES_D+1,30.41,,,,
4/5/2024,GDAES_D+1,29.76,,,,
3/5/2024,GDAES_D+1,30.63,,,,
2/5/2024,GDAES_D+1,30.56,,,,
1/5/2024,GDAES_D+1,29.12,,,,
30/04/2024,GDAES_D+1,29.52,,,,
29/04/2024,GDAES_D+1,28.26,,,,
28/04/2024,GDAES_D+1,29.99,,,,
27/04/2024,GDAES_D+1,29.67,,,,
26/04/2024,GDAES_D+1,29.21,,,,
25/04/2024,GDAES_D+1,30.27,,,,
24/04/2024,GDAES_D+1,29.43,,,,
23/04/2024,GDAES_D+1,28.65,,,,
22/04/2024,GDAES_D+1,29.15,,,,
21/04/2024,GDAES_D+1,30.61,,,,
20/04/2024,GDAES_D+1,30.49,,,,
19/04/2024,GDAES_D+1,30.5,,,,
18/04/2024,GDAES_D+1,32.18,,,,
17/04/2024,GDAES_D+1,30.7,,,,
16/04/2024,GDAES_D+1,33.05,,,,
15/04/2024,GDAES_D+1,31.05,,,,
14/04/2024,GDAES_D+1,31.1,,,,
13/04/2024,GDAES_D+1,29.54,,,,
12/4/2024,GDAES_D+1,30.13,,,,
11/4/2024,GDAES_D+1,29.62,,,,
10/4/2024,GDAES_D+1,27.87,,,,
9/4/2024,GDAES_D+1,27.61,,,,
8/4/2024,GDAES_D+1,27.86,,,,
7/4/2024,GDAES_D+1,27.01,,,,
6/4/2024,GDAES_D+1,27.55,,,,
5/4/2024,GDAES_D+1,26.83,,,,
4/4/2024,GDAES_D+1,26.33,,,,
3/4/2024,GDAES_D+1,26,,,,
2/4/2024,GDAES_D+1,26.8,,,,
1/4/2024,GDAES_D+1,29.67,,,,
31/03/2024,GDAES_D+1,29.11,,,,
30/03/2024,GDAES_D+1,28.64,,,,
29/03/2024,GDAES_D+1,27.79,,,,
28/03/2024,GDAES_D+1,27.31,,,,
27/03/2024,GDAES_D+1,27.58,,,,
26/03/2024,GDAES_D+1,27.12,,,,
25/03/2024,GDAES_D+1,28.16,,,,
24/03/2024,GDAES_D+1,27.24,,,,
23/03/2024,GDAES_D+1,26.97,,,,
22/03/2024,GDAES_D+1,27.57,,,,
21/03/2024,GDAES_D+1,26.38,,,,
20/03/2024,GDAES_D+1,27.89,,,,
19/03/2024,GDAES_D+1,28.75,,,,
18/03/2024,GDAES_D+1,28.65,,,,
17/03/2024,GDAES_D+1,28.02,,,,
16/03/2024,GDAES_D+1,27.74,,,,
15/03/2024,GDAES_D+1,27.23,,,,
14/03/2024,GDAES_D+1,25.71,,,,
13/03/2024,GDAES_D+1,24.84,,,,
12/3/2024,GDAES_D+1,24.76,,,,
11/3/2024,GDAES_D+1,24.92,,,,
10/3/2024,GDAES_D+1,26.75,,,,
9/3/2024,GDAES_D+1,26.86,,,,
8/3/2024,GDAES_D+1,26.28,,,,
7/3/2024,GDAES_D+1,25.81,,,,
6/3/2024,GDAES_D+1,26.01,,,,
5/3/2024,GDAES_D+1,27.29,,,,
4/3/2024,GDAES_D+1,26.52,,,,
3/3/2024,GDAES_D+1,25.03,,,,
2/3/2024,GDAES_D+1,24.72,,,,
1/3/2024,GDAES_D+1,25.22,,,,
29/02/2024,GDAES_D+1,24.45,,,,
28/02/2024,GDAES_D+1,25.06,,,,
27/02/2024,GDAES_D+1,24.4,,,,
26/02/2024,GDAES_D+1,23.99,,,,
25/02/2024,GDAES_D+1,23.39,,,,
24/02/2024,GDAES_D+1,23.62,,,,
23/02/2024,GDAES_D+1,22.72,,,,
22/02/2024,GDAES_D+1,22.91,,,,
21/02/2024,GDAES_D+1,23.78,,,,
20/02/2024,GDAES_D+1,23.86,,,,
19/02/2024,GDAES_D+1,23.3,,,,
18/02/2024,GDAES_D+1,24.07,,,,
17/02/2024,GDAES_D+1,24.51,,,,
16/02/2024,GDAES_D+1,24.65,,,,
15/02/2024,GDAES_D+1,24.45,,,,
14/02/2024,GDAES_D+1,24.43,,,,
13/02/2024,GDAES_D+1,25.15,,,,
12/2/2024,GDAES_D+1,25.36,,,,
11/2/2024,GDAES_D+1,25.62,,,,
10/2/2024,GDAES_D+1,25.81,,,,
9/2/2024,GDAES_D+1,26.44,,,,
8/2/2024,GDAES_D+1,26.86,,,,
7/2/2024,GDAES_D+1,27.27,,,,
6/2/2024,GDAES_D+1,27.56,,,,
5/2/2024,GDAES_D+1,27.68,,,,
4/2/2024,GDAES_D+1,29.48,,,,
3/2/2024,GDAES_D+1,28.31,,,,
2/2/2024,GDAES_D+1,28.19,,,,
1/2/2024,GDAES_D+1,27.63,,,,
31/01/2024,GDAES_D+1,28.91,,,,
30/01/2024,GDAES_D+1,28.71,,,,
29/01/2024,GDAES_D+1,27.41,,,,
28/01/2024,GDAES_D+1,28.02,,,,
27/01/2024,GDAES_D+1,27.09,,,,
26/01/2024,GDAES_D+1,26.94,,,,
25/01/2024,GDAES_D+1,26.58,,,,
24/01/2024,GDAES_D+1,27.94,,,,
23/01/2024,GDAES_D+1,26.92,,,,
22/01/2024,GDAES_D+1,27.48,,,,
21/01/2024,GDAES_D+1,27.48,,,,
20/01/2024,GDAES_D+1,27.84,,,,
19/01/2024,GDAES_D+1,27.98,,,,
18/01/2024,GDAES_D+1,27.46,,,,
17/01/2024,GDAES_D+1,26.55,,,,
16/01/2024,GDAES_D+1,28.51,,,,
15/01/2024,GDAES_D+1,29.47,,,,
14/01/2024,GDAES_D+1,32.01,,,,
13/01/2024,GDAES_D+1,32.18,,,,
12/1/2024,GDAES_D+1,31.09,,,,
11/1/2024,GDAES_D+1,30.43,,,,
10/1/2024,GDAES_D+1,30.85,,,,
9/1/2024,GDAES_D+1,31.24,,,,
8/1/2024,GDAES_D+1,32.37,,,,
7/1/2024,GDAES_D+1,37.67,,,,
6/1/2024,GDAES_D+1,34.68,,,,
5/1/2024,GDAES_D+1,34.28,,,,
4/1/2024,GDAES_D+1,32.77,,,,
3/1/2024,GDAES_D+1,32.82,,,,
2/1/2024,GDAES_D+1,30.11,,,,
1/1/2024,GDAES_D+1,31.32,,,,
