transformer_id,bus0,bus1,voltage_bus0,voltage_bus1,HV_kV,n_recommended,per_unit_MVA,installed_MVA,X_pu_on_installed_base,X_ohm_HV,X_ohm_LV
TR_519b8abe,ES00070,ES00071,220,400,400,3,250,750,0.14,29.86666666666667,9.03466666666667
TR_2ba8192a,ES00123,ES00124,220,400,400,3,160,480,0.14,46.66666666666667,14.11666666666667
TR_72a9d275,ES00125,ES00126,220,400,400,3,315,945,0.14,23.703703703703702,7.170370370370371
TR_3d4e3db8,ES00546,ES00547,220,400,400,3,100,300,0.14,74.66666666666669,22.586666666666677
TR_10cbc112,ES00478,ES00479,220,400,400,3,160,480,0.14,46.66666666666667,14.11666666666667
TR_e96aa377,ES00057,ES00058,220,400,400,3,800,2400,0.14,9.333333333333336,2.8233333333333346
TR_0490c2aa,ES00109,ES00110,220,400,400,3,100,300,0.14,74.66666666666669,22.586666666666677
TR_1f77d9ec,ES00325,ES00326,220,400,400,3,250,750,0.14,29.86666666666667,9.03466666666667
TR_b8345e3b,ES00329,ES00330,220,400,400,3,100,300,0.14,74.66666666666669,22.586666666666677
TR_86c7bc47,ES00245,ES00246,220,400,400,3,500,1500,0.14,14.933333333333335,4.517333333333335
TR_26503a3b,ES00164,ES00165,220,400,400,3,100,300,0.14,74.66666666666669,22.586666666666677
TR_b0d59f98,ES00156,ES00157,220,400,400,2,100,200,0.14,112.0,33.88
TR_3cdb5cac,ES00162,ES00163,220,400,400,3,100,300,0.14,74.66666666666669,22.586666666666677
TR_f3d46ea1,ES00175,ES00176,220,400,400,2,100,200,0.14,112.0,33.88
TR_d061a070,ES00650,ES00651,220,400,400,3,315,945,0.14,23.703703703703702,7.170370370370371
TR_0e0d82af,ES00127,ES00128,220,400,400,3,1000,3000,0.14,7.466666666666668,2.2586666666666675
TR_031c515e,ES00408,ES00409,220,400,400,3,160,480,0.14,46.66666666666667,14.11666666666667
TR_e2759977,ES00129,ES00130,220,400,400,2,100,200,0.14,112.0,33.88
TR_ec3a7de9,ES00034,ES00035,220,400,400,3,250,750,0.14,29.86666666666667,9.03466666666667
TR_30aa9055,ES00173,ES00174,220,400,400,2,100,200,0.14,112.0,33.88
TR_82ae89fc,ES00558,ES00559,220,400,400,3,160,480,0.14,46.66666666666667,14.11666666666667
TR_a6bded06,ES00008,ES00009,220,400,400,3,315,945,0.14,23.703703703703702,7.170370370370371
TR_df0161bf,ES00006,ES00007,220,400,400,2,100,200,0.14,112.0,33.88
TR_39a719b5,ES00826,ES00827,132,220,220,2,100,200,0.12,29.04,10.4544
TR_b44ed123,ES00824,ES00825,132,220,220,2,100,200,0.12,29.04,10.4544
TR_ae86a0a4,ES00336,ES00337,220,400,400,3,315,945,0.14,23.703703703703702,7.170370370370371
TR_565d8e08,ES00724,ES00725,132,220,220,2,100,200,0.12,29.04,10.4544
TR_28414610,ES00158,ES00159,220,400,400,3,1250,3750,0.14,5.973333333333335,1.8069333333333342
TR_2087835e,ES00167,ES00168,132,220,220,2,100,200,0.12,29.04,10.4544
TR_65fab876,ES00183,ES00184,220,400,400,2,100,200,0.14,112.0,33.88
TR_3ab3b8f1,ES00103,ES00104,220,400,400,2,100,200,0.14,112.0,33.88
TR_a5f948b9,ES01011,ES01012,220,400,400,2,100,200,0.14,112.0,33.88
TR_a1cd747b,ES00987,ES00988,220,400,400,2,100,200,0.14,112.0,33.88
TR_0727c58f,ES00187,ES00188,220,400,400,3,100,300,0.14,74.66666666666669,22.586666666666677
TR_9b83d397,ES00185,ES00186,220,400,400,2,100,200,0.14,112.0,33.88
TR_86452e13,ES00189,ES00190,220,400,400,2,100,200,0.14,112.0,33.88
TR_0f7c87f6,ES00732,ES00733,220,400,400,2,100,200,0.14,112.0,33.88
TR_9425d6c7,ES00646,ES00647,220,400,400,3,250,750,0.14,29.86666666666667,9.03466666666667
TR_2336bf3a,ES00983,ES00984,220,400,400,2,100,200,0.14,112.0,33.88
TR_d8a27e68,ES00985,ES00986,220,400,400,2,100,200,0.14,112.0,33.88
TR_4329bc31,ES00180,ES00181,220,400,400,3,100,300,0.14,74.66666666666669,22.586666666666677
TR_11762966,ES00060,ES00061,220,400,400,2,100,200,0.14,112.0,33.88
TR_317465d6,ES00088,ES00089,220,400,400,3,100,300,0.14,74.66666666666669,22.586666666666677
TR_b42e8356,ES00054,ES00055,220,400,400,3,250,750,0.14,29.86666666666667,9.03466666666667
TR_dd3b02ef,ES00223,ES00224,220,400,400,3,100,300,0.14,74.66666666666669,22.586666666666677
TR_374f74ad,ES00499,ES00500,220,400,400,2,100,200,0.14,112.0,33.88
TR_07f999e0,ES00178,ES00179,220,400,400,3,160,480,0.14,46.66666666666667,14.11666666666667
TR_dd8f0a25,ES00773,ES00774,220,400,400,2,100,200,0.14,112.0,33.88
TR_2d6a60de,ES00501,ES00502,220,400,400,3,100,300,0.14,74.66666666666669,22.586666666666677
TR_24f95bfa,ES00040,ES00041,220,400,400,3,100,300,0.14,74.66666666666669,22.586666666666677
TR_5c931ebf,ES00771,ES00772,220,400,400,2,100,200,0.14,112.0,33.88
TR_e25275d8,ES00049,ES00050,220,400,400,2,100,200,0.14,112.0,33.88
TR_a4e0ba25,ES00042,ES00043,220,400,400,3,100,300,0.14,74.66666666666669,22.586666666666677
TR_90fa9b51,ES00643,ES00644,220,400,400,3,160,480,0.14,46.66666666666667,14.11666666666667
TR_8a0345e0,ES00396,ES00397,220,400,400,3,250,750,0.14,29.86666666666667,9.03466666666667
TR_db0bb0db,ES01150,ES01151,220,400,400,3,250,750,0.14,29.86666666666667,9.03466666666667
TR_5e46f309,ES00225,ES00226,220,400,400,3,250,750,0.14,29.86666666666667,9.03466666666667
TR_18c54756,ES00032,ES00033,220,400,400,3,100,300,0.14,74.66666666666669,22.586666666666677
TR_09234ca6,ES00028,ES00029,220,400,400,2,100,200,0.14,112.0,33.88
TR_089a759d,ES00030,ES00031,220,400,400,2,100,200,0.14,112.0,33.88
TR_2eceb0ce,ES00020,ES00021,220,400,400,3,315,945,0.14,23.703703703703702,7.170370370370371
TR_05391fc2,ES00018,ES00019,220,400,400,3,250,750,0.14,29.86666666666667,9.03466666666667
TR_6f82474d,ES00601,ES00602,132,220,220,2,100,200,0.12,29.04,10.4544
TR_19887143,ES00073,ES00074,220,400,400,3,100,300,0.14,74.66666666666669,22.586666666666677
TR_9925636e,ES00195,ES00196,220,400,400,3,160,480,0.14,46.66666666666667,14.11666666666667
TR_9238fc7c,ES00202,ES00203,220,400,400,2,100,200,0.14,112.0,33.88
TR_b47b078a,ES00634,ES00635,132,220,220,2,100,200,0.12,29.04,10.4544
TR_d45a10b0,ES00636,ES00637,132,220,220,3,160,480,0.12,12.1,4.356
TR_71979234,ES01121,ES01122,132,220,220,3,100,300,0.12,19.36,6.9696
TR_6b7707a8,ES00603,ES00604,132,220,220,2,100,200,0.12,29.04,10.4544
TR_98b6cb57,ES00487,ES00488,132,220,220,3,160,480,0.12,12.1,4.356
TR_4eff5937,ES00488,ES00489,220,400,400,3,160,480,0.14,46.66666666666667,14.11666666666667
TR_3849e2ae,ES00920,ES00921,220,400,400,2,100,200,0.14,112.0,33.88
TR_63348a57,ES00922,ES00923,220,400,400,2,100,200,0.14,112.0,33.88
TR_b592de8e,ES00692,ES00693,220,400,400,2,100,200,0.14,112.0,33.88
TR_3af63bd6,ES00684,ES00685,220,400,400,3,100,300,0.14,74.66666666666669,22.586666666666677
TR_a8526d91,ES00568,ES00569,132,220,220,2,100,200,0.12,29.04,10.4544
TR_20f9f91a,ES00687,ES00688,220,400,400,3,100,300,0.14,74.66666666666669,22.586666666666677
TR_84534c7d,ES00145,ES00146,220,400,400,3,100,300,0.14,74.66666666666669,22.586666666666677
TR_53ce20b7,ES00571,ES00572,220,400,400,2,100,200,0.14,112.0,33.88
TR_23a069a8,ES00149,ES00150,220,400,400,3,250,750,0.14,29.86666666666667,9.03466666666667
TR_6fc17258,ES00566,ES00567,132,220,220,2,100,200,0.12,29.04,10.4544
TR_4a6d455c,ES00147,ES00148,220,400,400,3,100,300,0.14,74.66666666666669,22.586666666666677
TR_7fb6d213,ES00485,ES00486,220,400,400,3,100,300,0.14,74.66666666666669,22.586666666666677
TR_3d81e7e0,ES00689,ES00690,220,400,400,2,100,200,0.14,112.0,33.88
TR_cee0d2e6,ES00482,ES00483,220,400,400,3,160,480,0.14,46.66666666666667,14.11666666666667
TR_9e0dda04,ES00013,ES00014,220,400,400,3,250,750,0.14,29.86666666666667,9.03466666666667
TR_e1d8c398,ES00470,ES00471,220,400,400,3,250,750,0.14,29.86666666666667,9.03466666666667
TR_026f4709,ES00611,ES00612,220,400,400,3,160,480,0.14,46.66666666666667,14.11666666666667
TR_2cf031ef,ES00038,ES00039,220,400,400,3,160,480,0.14,46.66666666666667,14.11666666666667
TR_4560a61c,ES00583,ES00584,220,400,400,2,100,200,0.14,112.0,33.88
TR_a5cf368f,ES00430,ES00431,220,400,400,3,100,300,0.14,74.66666666666669,22.586666666666677
TR_d11f8e41,ES00045,ES00046,220,400,400,3,160,480,0.14,46.66666666666667,14.11666666666667
TR_871b5827,ES00193,ES00194,220,400,400,3,160,480,0.14,46.66666666666667,14.11666666666667
TR_c22e81d6,ES00296,ES00297,220,400,400,2,100,200,0.14,112.0,33.88
TR_3b58070f,ES00294,ES00295,220,400,400,2,100,200,0.14,112.0,33.88
TR_07cc6fee,ES01020,ES01021,220,400,400,2,100,200,0.14,112.0,33.88
TR_4422f4c8,ES00391,ES00392,220,400,400,3,1000,3000,0.14,7.466666666666668,2.2586666666666675
TR_c5245018,ES00220,ES00221,220,400,400,3,160,480,0.14,46.66666666666667,14.11666666666667
TR_01096471,ES00496,ES00497,220,400,400,3,160,480,0.14,46.66666666666667,14.11666666666667
TR_7644f0c2,ES00097,ES00098,220,400,400,3,160,480,0.14,46.66666666666667,14.11666666666667
TR_737e7f53,ES00065,ES00066,220,400,400,2,100,200,0.14,112.0,33.88
TR_df0fbfc7,ES00136,ES00137,220,400,400,3,100,300,0.14,74.66666666666669,22.586666666666677
TR_59f3a3c3,ES00361,ES00362,220,400,400,3,160,480,0.14,46.66666666666667,14.11666666666667
TR_71f49079,ES00577,ES00578,220,400,400,3,160,480,0.14,46.66666666666667,14.11666666666667
TR_d4b90a0d,ES00418,ES00419,132,220,220,2,100,200,0.12,29.04,10.4544
TR_3a800caf,ES01081,ES01082,132,220,220,2,100,200,0.12,29.04,10.4544
TR_65a15878,ES00743,ES00744,220,225,225,3,100,300,0.12,20.25,19.36
TR_3ecfe90f,ES00152,ES00153,220,400,400,2,100,200,0.14,112.0,33.88
TR_6cc3bf96,ES00134,ES00135,220,400,400,2,100,200,0.14,112.0,33.88
TR_023fe59e,ES00170,ES00171,220,400,400,3,160,480,0.14,46.66666666666667,14.11666666666667
TR_4cb0b32d,ES00279,ES00280,220,400,400,3,160,480,0.14,46.66666666666667,14.11666666666667
TR_41fc927f,ES00275,ES00276,220,400,400,3,160,480,0.14,46.66666666666667,14.11666666666667
TR_cdc06a8b,ES00063,ES00064,220,400,400,3,250,750,0.14,29.86666666666667,9.03466666666667
TR_9af01115,ES00347,ES00348,220,400,400,3,250,750,0.14,29.86666666666667,9.03466666666667
TR_531ab7c5,ES00659,ES00660,220,400,400,3,100,300,0.14,74.66666666666669,22.586666666666677
TR_f79c0213,ES00385,ES00386,220,400,400,3,160,480,0.14,46.66666666666667,14.11666666666667
TR_fa8d5caa,ES00282,ES00283,132,220,220,2,100,200,0.12,29.04,10.4544
TR_b4c6d83c,ES00302,ES00303,132,220,220,3,100,300,0.12,19.36,6.9696
TR_14c8e677,ES00414,ES00415,220,400,400,3,160,480,0.14,46.66666666666667,14.11666666666667
TR_45015848,ES00300,ES00301,132,220,220,2,100,200,0.12,29.04,10.4544
TR_cdbd89a4,ES00958,ES00959,132,220,220,2,100,200,0.12,29.04,10.4544
TR_ad3ea85c,ES00081,ES00082,220,400,400,3,100,300,0.14,74.66666666666669,22.586666666666677
TR_0f0fff81,ES00508,ES00509,220,400,400,3,250,750,0.14,29.86666666666667,9.03466666666667
TR_2ab84c9d,ES00840,ES00841,220,400,400,3,100,300,0.14,74.66666666666669,22.586666666666677
TR_8d4c74b6,ES00243,ES00244,220,400,400,3,250,750,0.14,29.86666666666667,9.03466666666667
TR_161e09c2,ES00252,ES00253,132,220,220,2,100,200,0.12,29.04,10.4544
TR_a6acaf6d,ES00249,ES00250,132,220,220,3,100,300,0.12,19.36,6.9696
TR_ac797598,ES00250,ES00251,220,400,400,3,100,300,0.14,74.66666666666669,22.586666666666677
TR_9657d8d2,ES00254,ES00255,132,220,220,2,100,200,0.12,29.04,10.4544
TR_a7560d62,ES00120,ES00121,132,220,220,3,100,300,0.12,19.36,6.9696
TR_0577b900,ES00121,ES00122,220,400,400,3,100,300,0.14,74.66666666666669,22.586666666666677
TR_f4298876,ES00763,ES00764,132,220,220,2,100,200,0.12,29.04,10.4544
TR_7cb91515,ES00256,ES00257,132,220,220,2,100,200,0.12,29.04,10.4544
TR_ce97d6f4,ES00090,ES00091,132,220,220,3,100,300,0.12,19.36,6.9696
TR_60f77458,ES00091,ES00092,220,400,400,3,100,300,0.14,74.66666666666669,22.586666666666677
TR_1d98b925,ES00704,ES00705,132,220,220,2,100,200,0.12,29.04,10.4544
TR_cf9f1601,ES00077,ES00078,132,220,220,2,100,200,0.12,29.04,10.4544
TR_ba959aa8,ES00247,ES00248,132,220,220,3,100,300,0.12,19.36,6.9696
TR_62f1261f,ES00268,ES00269,132,220,220,3,100,300,0.12,19.36,6.9696
TR_cc6607e7,ES00269,ES00270,220,400,400,3,100,300,0.14,74.66666666666669,22.586666666666677
TR_5dccfcf1,ES00113,ES00114,132,220,220,2,100,200,0.12,29.04,10.4544
TR_d307d820,ES00114,ES00115,220,400,400,2,100,200,0.14,112.0,33.88
TR_a4b2c097,ES00258,ES00259,132,220,220,2,100,200,0.12,29.04,10.4544
TR_c51f01d1,ES00117,ES00118,220,400,400,3,250,750,0.14,29.86666666666667,9.03466666666667
TR_047a855a,ES00260,ES00261,132,220,220,2,100,200,0.12,29.04,10.4544
TR_23eddb22,ES00766,ES00767,132,220,220,2,100,200,0.12,29.04,10.4544
TR_f8ac356f,ES00237,ES00238,220,400,400,2,100,200,0.14,112.0,33.88
TR_e8bfe4d3,ES00262,ES00263,132,220,220,3,100,300,0.12,19.36,6.9696
TR_c6d90e4e,ES00263,ES00264,220,400,400,3,160,480,0.14,46.66666666666667,14.11666666666667
TR_fa1d5cde,ES01068,ES01069,220,225,225,3,160,480,0.12,12.65625,12.1
TR_a9eba461,ES00757,ES00758,220,400,400,3,100,300,0.14,74.66666666666669,22.586666666666677
TR_f70b66d0,ES00235,ES00236,132,220,220,2,100,200,0.12,29.04,10.4544
TR_f02d7b94,ES00378,ES00379,220,400,400,3,160,480,0.14,46.66666666666667,14.11666666666667
TR_314cfd1c,ES00443,ES00444,132,220,220,2,100,200,0.12,29.04,10.4544
TR_8c3372a7,ES00371,ES00372,132,220,220,2,100,200,0.12,29.04,10.4544
TR_a3c83c97,ES00373,ES00374,132,220,220,2,100,200,0.12,29.04,10.4544
TR_585684a3,ES00441,ES00442,132,220,220,2,100,200,0.12,29.04,10.4544
TR_87714406,ES00207,ES00208,220,400,400,3,1000,3000,0.14,7.466666666666668,2.2586666666666675
TR_9e433286,ES00369,ES00370,220,400,400,2,100,200,0.14,112.0,33.88
TR_5b9e4f80,ES00375,ES00376,220,400,400,3,315,945,0.14,23.703703703703702,7.170370370370371
TR_13fe3810,ES00210,ES00211,220,400,400,3,160,480,0.14,46.66666666666667,14.11666666666667
TR_a35675e3,ES00435,ES00436,220,400,400,3,315,945,0.14,23.703703703703702,7.170370370370371
TR_ba0a135f,ES00003,ES00004,220,400,400,3,500,1500,0.14,14.933333333333335,4.517333333333335
TR_6c5e9c5a,ES00228,ES00229,220,400,400,3,250,750,0.14,29.86666666666667,9.03466666666667
TR_4e681766,ES00052,ES00053,220,400,400,3,160,480,0.14,46.66666666666667,14.11666666666667
TR_da0a8bbb,ES00205,ES00206,220,400,400,3,500,1500,0.14,14.933333333333335,4.517333333333335
TR_cbe8a5bf,ES00011,ES00012,220,400,400,3,160,480,0.14,46.66666666666667,14.11666666666667
TR_5d89fb1a,ES00626,ES01258,220,400,400,3,100,300,0.14,74.66666666666669,22.586666666666677
TR_1567d725,ES00624,ES00625,320,400,400,3,630,1890,0.14,11.851851851851851,7.585185185185186
