Node,RESGeneratorType,Period,ExpectedAnnualCurtailment_GWh
ES111,Hydrorun-of-the-river,2020-2025,0.0
ES111,Hydrorun-of-the-river,2025-2030,0.0
ES112,Hydrorun-of-the-river,2020-2025,4.629169840347589
ES112,Hydrorun-of-the-river,2025-2030,4.2360091579659
ES113,Hydrorun-of-the-river,2020-2025,1633.2111174282836
ES113,Hydrorun-of-the-river,2025-2030,1623.9036033558418
ES120,Hydrorun-of-the-river,2020-2025,0.0
ES120,Hydrorun-of-the-river,2025-2030,0.0
ES213,Hydrorun-of-the-river,2020-2025,0.0
ES213,Hydrorun-of-the-river,2025-2030,0.0
ES230,Hydrorun-of-the-river,2020-2025,0.026319675178473223
ES230,Hydrorun-of-the-river,2025-2030,0.020690119101880306
ES241,Hydrorun-of-the-river,2020-2025,776.6875967400534
ES241,Hydrorun-of-the-river,2025-2030,765.6705650353449
ES243,Hydrorun-of-the-river,2020-2025,51.90047148348906
ES243,Hydrorun-of-the-river,2025-2030,51.2074554360181
ES413,Hydrorun-of-the-river,2020-2025,136.40804430197494
ES413,Hydrorun-of-the-river,2025-2030,137.3301242873472
ES415,Hydrorun-of-the-river,2020-2025,0.0
ES415,Hydrorun-of-the-river,2025-2030,0.0
ES418,Hydrorun-of-the-river,2020-2025,0.028443613808761342
ES418,Hydrorun-of-the-river,2025-2030,0.022096780918599637
ES419,Hydrorun-of-the-river,2020-2025,0.0
ES419,Hydrorun-of-the-river,2025-2030,0.0
ES425,Hydrorun-of-the-river,2020-2025,0.0
ES425,Hydrorun-of-the-river,2025-2030,0.0
ES431,Hydrorun-of-the-river,2020-2025,0.0
ES431,Hydrorun-of-the-river,2025-2030,0.0
ES432,Hydrorun-of-the-river,2020-2025,0.0
ES432,Hydrorun-of-the-river,2025-2030,0.0
ES511,Hydrorun-of-the-river,2020-2025,0.02627568836179733
ES511,Hydrorun-of-the-river,2025-2030,0.02369591080744401
ES512,Hydrorun-of-the-river,2020-2025,0.020173963685932474
ES512,Hydrorun-of-the-river,2025-2030,0.017559595275227474
ES513,Hydrorun-of-the-river,2020-2025,7.030212445854224
ES513,Hydrorun-of-the-river,2025-2030,6.051862874009185
ES514,Hydrorun-of-the-river,2020-2025,0.0
ES514,Hydrorun-of-the-river,2025-2030,0.0
ES523,Hydrorun-of-the-river,2020-2025,0.0
ES523,Hydrorun-of-the-river,2025-2030,0.0
ES613,Hydrorun-of-the-river,2020-2025,0.09073040856131795
ES613,Hydrorun-of-the-river,2025-2030,0.08323503283968894
ES614,Hydrorun-of-the-river,2020-2025,0.26395403721956195
ES614,Hydrorun-of-the-river,2025-2030,0.6697425183133583
ES615,Hydrorun-of-the-river,2020-2025,0.0722226818150468
ES615,Hydrorun-of-the-river,2025-2030,0.09522045460960506
ES616,Hydrorun-of-the-river,2020-2025,0.10043196061480127
ES616,Hydrorun-of-the-river,2025-2030,0.10617544085346647
ES617,Hydrorun-of-the-river,2020-2025,0.10134183262172455
ES617,Hydrorun-of-the-river,2025-2030,0.13420265310242085
ES618,Hydrorun-of-the-river,2020-2025,0.17688615826922635
ES618,Hydrorun-of-the-river,2025-2030,0.1702704353425214
EU,Hydrorun-of-the-river,2020-2025,0.0022311494623274025
EU,Hydrorun-of-the-river,2025-2030,278.8375963913726
France,Hydrorun-of-the-river,2020-2025,0.0003944626132850147
France,Hydrorun-of-the-river,2025-2030,0.0007078590488962086
Italy,Hydrorun-of-the-river,2020-2025,5125.581199645278
Italy,Hydrorun-of-the-river,2025-2030,7211.430815842668
Portugal,Hydrorun-of-the-river,2020-2025,0.06991921960028918
Portugal,Hydrorun-of-the-river,2025-2030,0.07192100687955144
ES111,Windonshore,2020-2025,401.63549855752774
ES111,Windonshore,2025-2030,533.9629065485918
ES112,Windonshore,2020-2025,178.00579562249493
ES112,Windonshore,2025-2030,226.6691200851771
ES113,Windonshore,2020-2025,26.123522942677848
ES113,Windonshore,2025-2030,36.64611422970027
ES114,Windonshore,2020-2025,15.765537166399795
ES114,Windonshore,2025-2030,52.85937271331676
ES120,Windonshore,2020-2025,5.8852736907171606
ES120,Windonshore,2025-2030,8.507539374567312
ES130,Windonshore,2020-2025,4.226298096127075
ES130,Windonshore,2025-2030,4.932589298406497
ES211,Windonshore,2020-2025,2.591920541071309
ES211,Windonshore,2025-2030,2.7162311659805356
ES212,Windonshore,2020-2025,0.21117795428383215
ES212,Windonshore,2025-2030,0.24393932269074523
ES213,Windonshore,2020-2025,0.5941917167532139
ES213,Windonshore,2025-2030,0.685566374597912
ES220,Windonshore,2020-2025,48.746764264004256
ES220,Windonshore,2025-2030,27.504030261398302
ES230,Windonshore,2020-2025,6.339368324050715
ES230,Windonshore,2025-2030,3.2844521136228693
ES241,Windonshore,2020-2025,13.263200340775274
ES241,Windonshore,2025-2030,7.589516317946116
ES242,Windonshore,2020-2025,131.8923777353415
ES242,Windonshore,2025-2030,76.84607682576369
ES243,Windonshore,2020-2025,955.0658083570482
ES243,Windonshore,2025-2030,719.3708043283817
ES300,Windonshore,2020-2025,2.9943553166423564
ES300,Windonshore,2025-2030,3.866401883748998
ES412,Windonshore,2020-2025,448.06990722835206
ES412,Windonshore,2025-2030,540.0857865230332
ES413,Windonshore,2020-2025,11.760735282013023
ES413,Windonshore,2025-2030,16.99862094326585
ES414,Windonshore,2020-2025,76.34793478404414
ES414,Windonshore,2025-2030,390.0033035533746
ES415,Windonshore,2020-2025,9.565381503670954
ES415,Windonshore,2025-2030,18.314854252758483
ES416,Windonshore,2020-2025,8.162612192423186
ES416,Windonshore,2025-2030,11.435864054689814
ES417,Windonshore,2020-2025,118.87813965162727
ES417,Windonshore,2025-2030,96.74271667536901
ES418,Windonshore,2020-2025,31.906681211787625
ES418,Windonshore,2025-2030,44.73533613591214
ES419,Windonshore,2020-2025,38.25105581920165
ES419,Windonshore,2025-2030,59.46815196842113
ES421,Windonshore,2020-2025,464.3631030354193
ES421,Windonshore,2025-2030,1331.6218042946089
ES422,Windonshore,2020-2025,28.354549395970476
ES422,Windonshore,2025-2030,35.23257766163154
ES423,Windonshore,2020-2025,238.71116073301732
ES423,Windonshore,2025-2030,213.21807757283509
ES424,Windonshore,2020-2025,58.434782353037
ES424,Windonshore,2025-2030,55.96096945125812
ES425,Windonshore,2020-2025,13.29761209837779
ES425,Windonshore,2025-2030,16.954557072270443
ES431,Windonshore,2020-2025,1.9762786990391878
ES431,Windonshore,2025-2030,2.1737720936123863
ES432,Windonshore,2020-2025,8.568501947771272
ES432,Windonshore,2025-2030,12.261579375744349
ES511,Windonshore,2020-2025,0.7868950323167508
ES511,Windonshore,2025-2030,0.7092289537788766
ES512,Windonshore,2020-2025,0.0001008645072086907
ES512,Windonshore,2025-2030,0.0001315748957642898
ES513,Windonshore,2020-2025,8.147289797826579
ES513,Windonshore,2025-2030,3.7445329902778908
ES514,Windonshore,2020-2025,28.92305741929236
ES514,Windonshore,2025-2030,15.19056889596116
ES521,Windonshore,2020-2025,12.838114768518393
ES521,Windonshore,2025-2030,10.832296342838818
ES522,Windonshore,2020-2025,93.88832644882957
ES522,Windonshore,2025-2030,43.91651314320734
ES523,Windonshore,2020-2025,63.60887977991256
ES523,Windonshore,2025-2030,40.969059526297755
ES532,Windonshore,2020-2025,0.000383778384371001
ES532,Windonshore,2025-2030,0.0004500961288056332
ES611,Windonshore,2020-2025,101.90778927064908
ES611,Windonshore,2025-2030,96.21819902536521
ES612,Windonshore,2020-2025,657.5031843929881
ES612,Windonshore,2025-2030,921.6910827785398
ES613,Windonshore,2020-2025,0.00010081516505242377
ES613,Windonshore,2025-2030,0.0001462923013514385
ES614,Windonshore,2020-2025,56.35266328864153
ES614,Windonshore,2025-2030,64.85603691852555
ES615,Windonshore,2020-2025,34.12134087284766
ES615,Windonshore,2025-2030,59.5279755911196
ES616,Windonshore,2020-2025,5.2264890191993795e-05
ES616,Windonshore,2025-2030,9.30126576028121e-05
ES617,Windonshore,2020-2025,82.22370035085706
ES617,Windonshore,2025-2030,104.42349447534892
ES618,Windonshore,2020-2025,11.078880953388246
ES618,Windonshore,2025-2030,20.72291595143761
ES620,Windonshore,2020-2025,51.15521171729578
ES620,Windonshore,2025-2030,44.01219814147664
EU,Windonshore,2020-2025,125.26301212189335
EU,Windonshore,2025-2030,1372.456578529662
France,Windonshore,2020-2025,0.00047135325226510126
France,Windonshore,2025-2030,0.0009486018310387505
Italy,Windonshore,2020-2025,2257.2948988323515
Italy,Windonshore,2025-2030,1381.2310531663813
Portugal,Windonshore,2020-2025,1431.6737020466248
Portugal,Windonshore,2025-2030,1556.7428180387994
ES111,Solar,2020-2025,0.0
ES111,Solar,2025-2030,0.0
ES112,Solar,2020-2025,0.016053403171850413
ES112,Solar,2025-2030,0.014581818837036216
ES113,Solar,2020-2025,0.0
ES113,Solar,2025-2030,0.0
ES114,Solar,2020-2025,0.024311925394706158
ES114,Solar,2025-2030,0.021754688735077184
ES120,Solar,2020-2025,0.00024064656477914813
ES120,Solar,2025-2030,0.0005761361159768323
ES130,Solar,2020-2025,0.03409186120081058
ES130,Solar,2025-2030,0.03133831168886896
ES211,Solar,2020-2025,0.01320138803250749
ES211,Solar,2025-2030,0.010549110927134047
ES212,Solar,2020-2025,0.0
ES212,Solar,2025-2030,0.0
ES213,Solar,2020-2025,0.0
ES213,Solar,2025-2030,0.0
ES220,Solar,2020-2025,0.0331939090252577
ES220,Solar,2025-2030,0.028347512713565566
ES230,Solar,2020-2025,0.032291463509189336
ES230,Solar,2025-2030,0.027165992786962034
ES241,Solar,2020-2025,0.04493257391806899
ES241,Solar,2025-2030,0.054706199645413546
ES242,Solar,2020-2025,0.045169125179011504
ES242,Solar,2025-2030,0.8565189619212648
ES243,Solar,2020-2025,0.03284452629672052
ES243,Solar,2025-2030,0.04787391359698232
ES300,Solar,2020-2025,0.04622847680434949
ES300,Solar,2025-2030,0.048219094009109086
ES412,Solar,2020-2025,0.03548971751066198
ES412,Solar,2025-2030,0.029718313953149365
ES413,Solar,2020-2025,0.02849582748935906
ES413,Solar,2025-2030,0.026536634152139242
ES414,Solar,2020-2025,0.030679849558166945
ES414,Solar,2025-2030,0.02865739639263991
ES415,Solar,2020-2025,0.034513857057304
ES415,Solar,2025-2030,0.03020023619676522
ES416,Solar,2020-2025,0.03125585916265249
ES416,Solar,2025-2030,0.033641967915483684
ES417,Solar,2020-2025,0.04372910887219413
ES417,Solar,2025-2030,0.045206115900130996
ES418,Solar,2020-2025,0.02819759724828361
ES418,Solar,2025-2030,0.02630725482175059
ES419,Solar,2020-2025,0.03277194074988137
ES419,Solar,2025-2030,0.029471901375853003
ES421,Solar,2020-2025,0.3407941132179406
ES421,Solar,2025-2030,0.9126139223653378
ES422,Solar,2020-2025,0.185108094424394
ES422,Solar,2025-2030,0.07444302224680047
ES423,Solar,2020-2025,0.06429282421914018
ES423,Solar,2025-2030,0.0728101060353383
ES424,Solar,2020-2025,0.04463718050246093
ES424,Solar,2025-2030,0.04971165416739382
ES425,Solar,2020-2025,0.06232104986505926
ES425,Solar,2025-2030,0.0658909116753037
ES431,Solar,2020-2025,0.18833679601876457
ES431,Solar,2025-2030,0.07339225883690123
ES432,Solar,2020-2025,0.04695500874451823
ES432,Solar,2025-2030,0.05068704212698711
ES511,Solar,2020-2025,0.029015272423206753
ES511,Solar,2025-2030,0.03347455354429806
ES512,Solar,2020-2025,0.03393840049565879
ES512,Solar,2025-2030,0.036636732325930475
ES513,Solar,2020-2025,0.029429813823331704
ES513,Solar,2025-2030,0.037106317421785134
ES514,Solar,2020-2025,0.03466783779249461
ES514,Solar,2025-2030,0.04278959746326989
ES521,Solar,2020-2025,1.9197946748944419
ES521,Solar,2025-2030,3.477854018686468
ES522,Solar,2020-2025,0.058964505026911404
ES522,Solar,2025-2030,0.07337341152215784
ES523,Solar,2020-2025,0.07469963941220116
ES523,Solar,2025-2030,0.08483951149974968
ES532,Solar,2020-2025,1.1937797782320192
ES532,Solar,2025-2030,1.8001682252776288
ES611,Solar,2020-2025,80.8309324260729
ES611,Solar,2025-2030,52.34937211818519
ES612,Solar,2020-2025,0.24600253240106099
ES612,Solar,2025-2030,34.55026887115943
ES613,Solar,2020-2025,0.18593634417879076
ES613,Solar,2025-2030,0.19088267527493188
ES614,Solar,2020-2025,0.3925749220401127
ES614,Solar,2025-2030,13.32379057120369
ES615,Solar,2020-2025,0.3275676248041282
ES615,Solar,2025-2030,2.6223027461074255
ES616,Solar,2020-2025,0.09664885461001188
ES616,Solar,2025-2030,0.11608796068828353
ES617,Solar,2020-2025,0.11789141094716397
ES617,Solar,2025-2030,0.18027038413493549
ES618,Solar,2020-2025,0.3011302515664737
ES618,Solar,2025-2030,8.727750228406174
ES620,Solar,2020-2025,59.11706224681125
ES620,Solar,2025-2030,29.450142042358824
EU,Solar,2020-2025,0.0017818749961269224
EU,Solar,2025-2030,453.50142316326964
France,Solar,2020-2025,0.0002517347656009271
France,Solar,2025-2030,0.0005090797795010667
Italy,Solar,2020-2025,3352.3393251472744
Italy,Solar,2025-2030,4423.623889371268
Portugal,Solar,2020-2025,0.07526592453068709
Portugal,Solar,2025-2030,0.06852702726621077
