branch_id,branch_name,from_bus,to_bus,flow_mw,limit_mw,loading_pct
2287,TR_4cb0b32d,276,277,480.0,480.0,100.0
964,LTGES0645,341,902,491.56,491.56,100.0
1145,LTGES0754a,1038,487,491.56,491.56,100.0
966,LTGES0648a,31,29,1787.48,1787.48,100.0
1049,LTGES0692,490,1049,-491.56,491.56,100.0
1023,LTGES0676a,903,143,-1787.48,1787.48,100.0
2006,LTGES1322,1188,57,491.56,491.56,100.0
739,LTGES0508a,33,19,-1787.48,1787.48,100.0
722,LTGES0497,410,266,491.56,491.56,100.0
1039,LTGES0685b,918,487,-491.56,491.56,100.0
1146,LTGES0754b,1038,487,491.56,491.56,100.0
2225,TR_24f95bfa,40,41,300.0,300.0,100.0
1048,LTGES0691,489,490,-491.56,491.56,100.0
1243,LTGES0816,532,835,491.56,491.56,100.0
740,LTGES0508b,33,19,-1787.48,1787.48,100.0
1148,LTGES0755b,400,943,491.56,491.56,100.0
1147,LTGES0755a,400,943,491.56,491.56,100.0
1143,LTGES0753a,943,1038,491.56,491.56,100.0
170,LTGES0126a,165,899,491.56,491.56,100.0
1144,LTGES0753b,943,1038,491.56,491.56,100.0
1047,LTGES0690,487,489,-491.56,491.56,100.0
917,LTGES0617,892,466,491.56,491.56,100.0
967,LTGES0648b,31,29,1787.48,1787.48,100.0
1024,LTGES0676b,903,143,-1787.48,1787.48,100.0
1038,LTGES0685a,918,487,-491.56,491.56,100.0
637,LTGES0441,833,204,491.56,491.56,100.0
171,LTGES0126b,165,899,491.56,491.56,100.0
2295,TR_14c8e677,411,412,480.0,480.0,100.0
2227,TR_e25275d8,49,50,200.0,200.0,100.0
946,LTGES0634,157,651,-491.56,491.56,100.0
2221,TR_374f74ad,496,497,193.4,200.0,96.7
1554,LTGES1021a,488,918,-472.13,491.56,96.0
1555,LTGES1021b,488,918,-472.13,491.56,96.0
990,LTGES0659b,31,200,-1715.05,1787.48,95.9
989,LTGES0659a,31,200,-1715.05,1787.48,95.9
973,LTGES0651a,200,903,-1710.46,1787.48,95.7
974,LTGES0651b,200,903,-1710.46,1787.48,95.7
2289,TR_cdc06a8b,63,64,704.46,750.0,93.9
1753,LTGES1153,899,469,459.89,491.56,93.6
2298,TR_ad3ea85c,81,82,280.26,300.0,93.4
12,LTGES0008,16,920,-458.27,491.56,93.2
2316,TR_cc6607e7,266,267,279.14,300.0,93.0
1718,LTGES1130,492,502,-455.34,491.56,92.6
1552,LTGES1020a,602,488,-448.67,491.56,91.3
1553,LTGES1020b,602,488,-448.67,491.56,91.3
30,LTGES0019a,29,31,-1601.76,1787.48,89.6
31,LTGES0019b,29,31,-1601.76,1787.48,89.6
182,LTGES0133b,21,156,-1583.57,1787.48,88.6
181,LTGES0133a,21,156,-1583.57,1787.48,88.6
933,LTGES0626,469,470,431.48,491.56,87.8
1233,LTGES0809,214,529,-431.29,491.56,87.7
2292,TR_f79c0213,382,383,415.54,480.0,86.6
742,LTGES0510,718,404,-423.18,491.56,86.1
180,LTGES0132,718,716,422.17,491.56,85.9
2069,LTGES1368,1208,669,-420.39,491.56,85.5
2154,LTGES1433,1208,25,420.34,491.56,85.5
2068,LTGES1367,668,669,420.41,491.56,85.5
676,LTGES0465,835,391,404.49,491.56,82.3
1752,LTGES1152b,602,295,397.86,491.56,80.9
1751,LTGES1152a,602,295,397.86,491.56,80.9
2264,TR_026f4709,606,607,-381.77,480.0,79.5
1962,LTGES1286,495,176,-1403.1,1787.48,78.5
542,LTGES0376,822,816,-384.14,491.56,78.1
2116,LTGES1403,671,644,383.32,491.56,78.0
297,LTGES0214,237,749,1379.43,1787.48,77.2
218,LTGES0155,191,193,-1354.8,1787.48,75.8
419,LTGES0287b,295,296,372.39,491.56,75.8
1056,LTGES0697,923,492,-372.68,491.56,75.8
418,LTGES0287a,295,296,372.39,491.56,75.8
1059,LTGES0700,193,495,-1353.63,1787.48,75.7
14,LTGES0009b,14,17,-1343.54,1787.48,75.2
13,LTGES0009a,14,17,-1343.54,1787.48,75.2
1733,LTGES1140,964,532,368.5,491.56,75.0
889,LTGES0601b,464,463,-367.96,491.56,74.9
1058,LTGES0699,351,494,-1339.18,1787.48,74.9
888,LTGES0601a,464,463,-367.96,491.56,74.9
2285,TR_6cc3bf96,133,134,149.69,200.0,74.8
1991,LTGES1311,470,626,365.53,491.56,74.4
1560,LTGES1026,597,30,365.1,491.56,74.3
1007,LTGES0670a,14,480,1326.24,1787.48,74.2
1008,LTGES0670b,14,480,1326.24,1787.48,74.2
1929,LTGES1263,651,329,-363.54,491.56,74.0
2133,LTGES1416,482,562,-362.55,491.56,73.8
1149,LTGES0756,400,841,-358.29,491.56,72.9
1895,LTGES1242,494,191,-1299.53,1787.48,72.7
2284,TR_3ecfe90f,149,150,145.1,200.0,72.6
1046,LTGES0689b,399,841,355.93,491.56,72.4
1045,LTGES0689a,399,841,355.93,491.56,72.4
76,LTGES0051,55,84,1289.21,1787.48,72.1
984,LTGES0655,915,33,1287.42,1787.48,72.0
1010,LTGES0671b,480,483,1284.71,1787.48,71.9
1150,LTGES0757,841,400,353.21,491.56,71.9
1009,LTGES0671a,480,483,1284.71,1787.48,71.9
16,LTGES0010b,19,21,-1274.96,1787.48,71.3
15,LTGES0010a,19,21,-1274.96,1787.48,71.3
2198,TR_df0161bf,6,7,142.09,200.0,71.0
2070,LTGES1369,1210,668,348.58,491.56,70.9
700,LTGES0478b,395,399,348.03,491.56,70.8
699,LTGES0478a,395,399,348.03,491.56,70.8
2194,TR_ec3a7de9,34,35,530.51,750.0,70.7
1002,LTGES0667a,147,483,-1261.52,1787.48,70.6
940,LTGES0630b,898,296,346.9,491.56,70.6
1003,LTGES0667b,147,483,-1261.52,1787.48,70.6
939,LTGES0630a,898,296,346.9,491.56,70.6
656,LTGES0453,378,379,346.49,491.56,70.5
1140,LTGES0751,942,840,-345.31,491.56,70.2
997,LTGES0663b,905,50,-1238.56,1787.48,69.3
735,LTGES0506a,29,33,-1238.21,1787.48,69.3
736,LTGES0506b,29,33,-1238.21,1787.48,69.3
996,LTGES0663a,905,50,-1238.56,1787.48,69.3
2192,TR_031c515e,405,406,332.86,480.0,69.3
1218,LTGES0800a,177,527,-339.07,491.56,69.0
1219,LTGES0800b,177,527,-339.07,491.56,69.0
994,LTGES0662a,905,268,1223.57,1787.48,68.5
995,LTGES0662b,905,268,1223.57,1787.48,68.5
359,LTGES0246a,268,760,1221.92,1787.48,68.4
360,LTGES0246b,268,760,1221.92,1787.48,68.4
32,LTGES0020a,33,29,1214.21,1787.48,67.9
33,LTGES0020b,33,29,1214.21,1787.48,67.9
988,LTGES0658,478,84,-1200.37,1787.48,67.2
2175,LTGES1450,1104,296,-330.49,491.56,67.2
1913,LTGES1252,207,209,329.81,491.56,67.1
985,LTGES0656a,477,760,-1198.51,1787.48,67.1
986,LTGES0656b,477,760,-1198.51,1787.48,67.1
1011,LTGES0672a,147,143,1196.21,1787.48,66.9
2219,TR_b42e8356,54,55,501.91,750.0,66.9
1012,LTGES0672b,147,143,1196.21,1787.48,66.9
803,LTGES0550b,441,266,-326.95,491.56,66.5
802,LTGES0550a,441,266,-326.95,491.56,66.5
1703,LTGES1121,626,597,326.07,491.56,66.3
306,LTGES0220a,156,14,1179.28,1787.48,66.0
1952,LTGES1278a,222,1156,-324.67,491.56,66.0
1953,LTGES1278b,222,1156,-324.67,491.56,66.0
307,LTGES0220b,156,14,1179.28,1787.48,66.0
725,LTGES0499,413,262,323.8,491.56,65.9
1975,LTGES1298,659,463,323.59,491.56,65.8
2190,TR_d061a070,644,645,618.1,945.0,65.4
43,LTGES0027b,50,915,-1168.4,1787.48,65.4
42,LTGES0027a,50,915,-1168.4,1787.48,65.4
1032,LTGES0681b,89,915,1167.04,1787.48,65.3
1031,LTGES0681a,89,915,1167.04,1787.48,65.3
1033,LTGES0681c,89,915,1167.04,1787.48,65.3
2344,TR_5d89fb1a,621,1235,-195.2,300.0,65.1
891,LTGES0603a,464,280,318.14,491.56,64.7
892,LTGES0603b,464,280,318.14,491.56,64.7
1863,LTGES1222b,156,643,-1155.42,1787.48,64.6
1862,LTGES1222a,156,643,-1155.42,1787.48,64.6
2081,LTGES1378,477,478,-1154.83,1787.48,64.6
1748,LTGES1150a,968,526,316.17,491.56,64.3
1749,LTGES1150b,968,526,316.17,491.56,64.3
160,LTGES0118,156,810,-1145.63,1787.48,64.1
992,LTGES0661a,904,477,-1145.99,1787.48,64.1
993,LTGES0661b,904,477,-1145.99,1787.48,64.1
2163,LTGES1441,1195,167,314.52,491.56,64.0
2079,LTGES1376,904,477,-1144.58,1787.48,64.0
11,LTGES0007,680,16,-314.49,491.56,64.0
1315,LTGES0865,986,212,-313.55,491.56,63.8
2180,TR_10cbc112,475,476,304.63,480.0,63.5
10,LTGES0006,15,680,-311.46,491.56,63.4
1681,LTGES1110,623,301,310.55,491.56,63.2
1195,LTGES0783,451,986,-308.85,491.56,62.8
1263,LTGES0830,538,994,-308.32,491.56,62.7
1679,LTGES1109a,441,375,306.64,491.56,62.4
1680,LTGES1109b,441,375,306.64,491.56,62.4
266,LTGES0193,707,25,-306.48,491.56,62.3
2218,TR_317465d6,88,89,186.99,300.0,62.3
443,LTGES0304,228,707,-304.61,491.56,62.0
882,LTGES0596,774,462,-304.57,491.56,62.0
972,LTGES0650c,904,31,1106.13,1787.48,61.9
971,LTGES0650b,904,31,1106.13,1787.48,61.9
970,LTGES0650a,904,31,1106.13,1787.48,61.9
502,LTGES0348,243,128,1099.23,1787.48,61.5
1847,LTGES1211,192,942,-295.94,491.56,60.2
174,LTGES0128a,1043,898,293.67,491.56,59.7
175,LTGES0128b,1043,898,293.67,491.56,59.7
2336,TR_5b9e4f80,372,373,-563.47,945.0,59.6
1902,LTGES1246,1057,923,-290.66,491.56,59.1
647,LTGES0447a,369,833,290.28,491.56,59.1
648,LTGES0447b,369,833,290.28,491.56,59.1
2236,TR_2eceb0ce,20,21,-557.99,945.0,59.0
2174,LTGES1449,631,564,-288.48,491.56,58.7
2197,TR_a6bded06,8,9,554.32,945.0,58.7
1090,LTGES0718,498,177,-287.71,491.56,58.5
1318,LTGES0867b,987,527,284.29,491.56,57.8
1317,LTGES0867a,987,527,284.29,491.56,57.8
659,LTGES0455,378,266,-284.16,491.56,57.8
23,LTGES0014,23,15,-283.24,491.56,57.6
2109,LTGES1397,301,1084,-282.11,491.56,57.4
1325,LTGES0871b,526,727,281.18,491.56,57.2
1324,LTGES0871a,526,727,281.18,491.56,57.2
206,LTGES0149a,182,727,-279.56,491.56,56.9
207,LTGES0149b,182,727,-279.56,491.56,56.9
1087,LTGES0716b,927,177,-279.68,491.56,56.9
1086,LTGES0716a,927,177,-279.68,491.56,56.9
1253,LTGES0823a,968,189,-279.44,491.56,56.8
1254,LTGES0823b,968,189,-279.44,491.56,56.8
508,LTGES0352a,321,89,1014.16,1787.48,56.7
509,LTGES0352b,321,89,1014.16,1787.48,56.7
810,LTGES0553,379,863,278.52,491.56,56.7
2342,TR_da0a8bbb,202,203,-843.43,1500.0,56.2
640,LTGES0443b,205,80,-1003.76,1787.48,56.2
639,LTGES0443a,205,80,-1003.76,1787.48,56.2
2201,TR_ae86a0a4,333,334,520.98,945.0,55.1
496,LTGES0343,316,195,270.59,491.56,55.0
172,LTGES0127a,899,1043,269.79,491.56,54.9
1296,LTGES0853,522,950,269.95,491.56,54.9
173,LTGES0127b,899,1043,269.79,491.56,54.9
764,LTGES0528a,17,36,-978.04,1787.48,54.7
765,LTGES0528b,17,36,-978.04,1787.48,54.7
1971,LTGES1295,1172,660,266.15,491.56,54.1
247,LTGES0176,214,215,263.47,491.56,53.6
1915,LTGES1254,1206,623,260.17,491.56,52.9
383,LTGES0260a,275,276,259.59,491.56,52.8
384,LTGES0260b,275,276,259.59,491.56,52.8
2335,TR_9e433286,366,367,104.96,200.0,52.5
103,LTGES0070,106,52,-256.91,491.56,52.3
1066,LTGES0704,1116,496,253.2,491.56,51.5
1557,LTGES1023,96,575,253.07,491.56,51.5
1301,LTGES0856,950,523,250.96,491.56,51.1
1030,LTGES0680,1003,54,249.78,491.56,50.8
2132,LTGES1415,482,1193,249.32,491.56,50.7
2244,TR_71979234,1103,1104,-152.0,300.0,50.7
1814,LTGES1190,27,1117,-244.81,491.56,49.8
65,LTGES0043,73,692,-243.15,491.56,49.5
890,LTGES0602,463,890,-243.56,491.56,49.5
1900,LTGES1245a,503,175,-242.98,491.56,49.4
1901,LTGES1245b,503,175,-242.98,491.56,49.4
862,LTGES0584,267,64,-883.09,1787.48,49.4
947,LTGES0635a,716,165,242.55,491.56,49.3
948,LTGES0635b,716,165,242.55,491.56,49.3
2243,TR_d45a10b0,630,631,-235.33,480.0,49.0
507,LTGES0351b,128,321,876.71,1787.48,49.0
506,LTGES0351a,128,321,876.71,1787.48,49.0
1688,LTGES1114,1053,482,-240.84,491.56,49.0
2288,TR_41fc927f,272,273,-232.86,480.0,48.5
1511,LTGES0993,588,44,-237.18,491.56,48.3
221,LTGES0158,712,195,-237.44,491.56,48.3
1510,LTGES0992,587,588,-237.28,491.56,48.3
528,LTGES0366,328,810,860.92,1787.48,48.2
2242,TR_b47b078a,628,629,-96.39,200.0,48.2
1043,LTGES0688a,920,487,-235.59,491.56,47.9
987,LTGES0657,144,1193,-235.47,491.56,47.9
1044,LTGES0688b,920,487,-235.59,491.56,47.9
1297,LTGES0854a,209,3,234.85,491.56,47.8
1298,LTGES0854b,209,3,234.85,491.56,47.8
1819,LTGES1194,467,23,-231.24,491.56,47.0
28,LTGES0017,25,26,229.9,491.56,46.8
1402,LTGES0920,171,981,-835.4,1787.48,46.7
1631,LTGES1074,206,213,229.64,491.56,46.7
1474,LTGES0967,685,26,-229.02,491.56,46.6
2291,TR_531ab7c5,653,654,-139.57,300.0,46.5
1582,LTGES1040,319,316,228.2,491.56,46.4
1089,LTGES0717b,500,927,-227.5,491.56,46.3
1088,LTGES0717a,500,927,-227.5,491.56,46.3
130,LTGES0092,41,678,827.83,1787.48,46.3
2338,TR_a35675e3,432,433,-437.35,945.0,46.3
1600,LTGES1053,142,1053,-227.67,491.56,46.3
2299,TR_0f0fff81,505,506,-343.75,750.0,45.8
958,LTGES0641a,902,474,224.65,491.56,45.7
959,LTGES0641b,902,474,224.65,491.56,45.7
2150,LTGES1429,1228,407,224.13,491.56,45.6
711,LTGES0487,404,846,-224.33,491.56,45.6
1973,LTGES1297a,660,411,222.84,491.56,45.3
1974,LTGES1297b,660,411,222.84,491.56,45.3
1864,LTGES1223a,643,645,-809.57,1787.48,45.3
1865,LTGES1223b,643,645,-809.57,1787.48,45.3
1693,LTGES1117a,24,1087,222.13,491.56,45.2
2340,TR_6c5e9c5a,225,226,-338.97,750.0,45.2
1694,LTGES1117b,24,1087,222.13,491.56,45.2
786,LTGES0542a,436,372,-221.26,491.56,45.0
787,LTGES0542b,436,372,-221.26,491.56,45.0
1068,LTGES0706,175,498,-220.31,491.56,44.8
743,LTGES0511a,167,961,217.24,491.56,44.2
744,LTGES0511b,167,961,217.24,491.56,44.2
2019,LTGES1330,767,925,-217.48,491.56,44.2
1083,LTGES0714b,192,503,-216.82,491.56,44.1
273,LTGES0199,151,745,-216.94,491.56,44.1
1082,LTGES0714a,192,503,-216.82,491.56,44.1
2301,TR_8d4c74b6,240,241,-328.45,750.0,43.8
250,LTGES0179,216,202,-214.94,491.56,43.7
2339,TR_ba0a135f,3,4,-655.13,1500.0,43.7
274,LTGES0200,151,40,213.81,491.56,43.5
2126,LTGES1411b,69,403,-775.59,1787.48,43.4
2125,LTGES1411a,69,403,-775.59,1787.48,43.4
2327,TR_a9eba461,748,749,-129.87,300.0,43.3
1308,LTGES0860b,556,557,-212.93,491.56,43.3
1307,LTGES0860a,556,557,-212.93,491.56,43.3
2181,TR_e96aa377,57,58,1037.22,2400.0,43.2
2341,TR_4e681766,52,53,-205.31,480.0,42.8
1692,LTGES1116b,1087,1088,210.02,491.56,42.7
1691,LTGES1116a,1087,1088,210.02,491.56,42.7
2334,TR_87714406,204,205,1276.09,3000.0,42.5
165,LTGES0122,159,161,-209.11,491.56,42.5
241,LTGES0171,207,210,-208.89,491.56,42.5
270,LTGES0196,343,958,208.67,491.56,42.5
1163,LTGES0765,482,467,-208.25,491.56,42.4
499,LTGES0345,800,862,206.89,491.56,42.1
1055,LTGES0696,491,1057,-206.8,491.56,42.1
2307,TR_0577b900,121,122,-126.35,300.0,42.1
106,LTGES0073,109,971,-206.4,491.56,42.0
2184,TR_b8345e3b,326,327,125.56,300.0,41.9
741,LTGES0509,377,4,748.83,1787.48,41.9
1194,LTGES0782,523,876,205.19,491.56,41.7
1540,LTGES1013,1062,20,-204.5,491.56,41.6
1618,LTGES1065b,611,296,-203.51,491.56,41.4
1617,LTGES1065a,611,296,-203.51,491.56,41.4
1696,LTGES1118b,1088,562,200.74,491.56,40.8
1695,LTGES1118a,1088,562,200.74,491.56,40.8
446,LTGES0306,49,696,-200.0,491.56,40.7
544,LTGES0377b,819,333,199.39,491.56,40.6
543,LTGES0377a,819,333,199.39,491.56,40.6
962,LTGES0643b,474,1079,199.17,491.56,40.5
961,LTGES0643a,474,1079,199.17,491.56,40.5
1954,LTGES1279,1218,63,199.04,491.56,40.5
2304,TR_ac797598,247,248,-121.34,300.0,40.4
1336,LTGES0880,988,761,198.15,491.56,40.3
719,LTGES0494,331,329,197.42,491.56,40.2
1246,LTGES0818,534,966,-196.87,491.56,40.1
1978,LTGES1300,928,498,-197.06,491.56,40.1
356,LTGES0243,267,877,712.0,1787.48,39.8
1750,LTGES1151,197,916,195.57,491.56,39.8
2311,TR_60f77458,91,92,-119.08,300.0,39.7
1242,LTGES0815,531,215,-195.36,491.56,39.7
1573,LTGES1035,1039,56,193.79,491.56,39.4
1520,LTGES1000,1025,138,-193.69,491.56,39.4
2300,TR_2ab84c9d,831,832,-117.93,300.0,39.3
1210,LTGES0796,333,964,191.06,491.56,38.9
852,LTGES0576b,451,452,-190.25,491.56,38.7
851,LTGES0576a,451,452,-190.25,491.56,38.7
2213,TR_9425d6c7,640,641,289.96,750.0,38.7
488,LTGES0337,315,795,-189.55,491.56,38.6
2217,TR_11762966,60,61,77.2,200.0,38.6
991,LTGES0660,145,55,-682.69,1787.48,38.2
1730,LTGES1138,83,701,187.25,491.56,38.1
788,LTGES0543a,865,436,-186.35,491.56,37.9
789,LTGES0543b,865,436,-186.35,491.56,37.9
2035,LTGES1340,1117,1070,-185.98,491.56,37.8
2323,TR_f8ac356f,234,235,-75.7,200.0,37.8
2277,TR_737e7f53,65,66,75.43,200.0,37.7
367,LTGES0252,766,761,-183.46,491.56,37.3
1527,LTGES1005b,212,592,-183.34,491.56,37.3
1526,LTGES1005a,212,592,-183.34,491.56,37.3
678,LTGES0466b,837,391,-182.33,491.56,37.1
677,LTGES0466a,837,391,-182.33,491.56,37.1
372,LTGES0254,674,676,128.15,346.41,37.0
594,LTGES0410b,348,351,-659.75,1787.48,36.9
593,LTGES0410a,348,351,-659.75,1787.48,36.9
855,LTGES0578,210,451,-181.35,491.56,36.9
2038,LTGES1343,1049,402,-181.01,491.56,36.8
2280,TR_71f49079,572,573,-176.46,480.0,36.8
884,LTGES0598,462,888,-180.63,491.56,36.7
1569,LTGES1032a,375,369,179.89,491.56,36.6
1570,LTGES1032b,375,369,179.89,491.56,36.6
146,LTGES0109,139,138,179.72,491.56,36.6
2343,TR_cbe8a5bf,11,12,-175.78,480.0,36.6
489,LTGES0338,315,302,179.22,491.56,36.5
2106,LTGES1393,849,382,179.38,491.56,36.5
2325,TR_c6d90e4e,260,261,-174.03,480.0,36.3
1830,LTGES1204,636,981,646.88,1787.48,36.2
1091,LTGES0719,926,498,177.92,491.56,36.2
1305,LTGES0859a,557,451,-177.61,491.56,36.1
1306,LTGES0859b,557,451,-177.61,491.56,36.1
105,LTGES0072,108,107,-177.14,491.56,36.0
1074,LTGES0709b,926,500,-176.54,491.56,35.9
1073,LTGES0709a,926,500,-176.54,491.56,35.9
2058,LTGES1360a,667,57,176.11,491.56,35.8
2059,LTGES1360b,667,57,176.11,491.56,35.8
54,LTGES0035,690,63,175.64,491.56,35.7
1272,LTGES0836,108,543,175.54,491.56,35.7
577,LTGES0399,340,825,175.34,491.56,35.7
1384,LTGES0909,543,541,174.54,491.56,35.5
1112,LTGES0734,934,355,-174.42,491.56,35.5
2278,TR_df0fbfc7,135,136,105.96,300.0,35.3
782,LTGES0540a,373,205,-631.23,1787.48,35.3
783,LTGES0540b,373,205,-631.23,1787.48,35.3
1240,LTGES0813,215,97,172.89,491.56,35.2
2290,TR_9af01115,344,345,-264.12,750.0,35.2
2262,TR_9e0dda04,13,14,-263.45,750.0,35.1
651,LTGES0450,376,377,626.38,1787.48,35.0
38,LTGES0024,44,27,-172.26,491.56,35.0
74,LTGES0049,80,82,-624.5,1787.48,34.9
1323,LTGES0870,6,559,-171.61,491.56,34.9
1965,LTGES1289,93,305,170.99,491.56,34.8
1844,LTGES1209b,395,1130,-170.43,491.56,34.7
1843,LTGES1209a,395,1130,-170.43,491.56,34.7
951,LTGES0637,408,329,170.02,491.56,34.6
1528,LTGES1006a,592,301,-169.77,491.56,34.5
1529,LTGES1006b,592,301,-169.77,491.56,34.5
1190,LTGES0779,203,875,615.98,1787.48,34.5
936,LTGES0628b,14,681,614.02,1787.48,34.4
935,LTGES0628a,14,681,614.02,1787.48,34.4
1650,LTGES1087b,58,705,610.95,1787.48,34.2
1559,LTGES1025,73,603,168.29,491.56,34.2
1649,LTGES1087a,58,705,610.95,1787.48,34.2
704,LTGES0482a,403,705,-610.14,1787.48,34.1
5,LTGES0003a,3,5,167.42,491.56,34.1
6,LTGES0003b,3,5,167.42,491.56,34.1
705,LTGES0482b,403,705,-610.14,1787.48,34.1
2260,TR_3d81e7e0,682,683,-68.27,200.0,34.1
2020,LTGES1331,925,926,-167.83,491.56,34.1
1471,LTGES0964,582,575,-167.82,491.56,34.1
1472,LTGES0965,582,575,-167.17,491.56,34.0
287,LTGES0208b,749,235,605.45,1787.48,33.9
286,LTGES0208a,749,235,605.45,1787.48,33.9
1808,LTGES1186,1114,1070,165.53,491.56,33.7
937,LTGES0629a,681,19,600.47,1787.48,33.6
938,LTGES0629b,681,19,600.47,1787.48,33.6
249,LTGES0178,876,879,164.85,491.56,33.5
237,LTGES0168b,206,202,-164.43,491.56,33.5
818,LTGES0557b,868,865,-164.76,491.56,33.5
236,LTGES0168a,206,202,-164.43,491.56,33.5
817,LTGES0557a,868,865,-164.76,491.56,33.5
894,LTGES0604b,280,892,164.19,491.56,33.4
2051,LTGES1355,1204,328,596.57,1787.48,33.4
893,LTGES0604a,280,892,164.19,491.56,33.4
895,LTGES0604c,280,892,164.19,491.56,33.4
1473,LTGES0966,575,685,-163.55,491.56,33.3
1960,LTGES1284,1163,426,163.43,491.56,33.2
1035,LTGES0683,56,197,162.81,491.56,33.1
861,LTGES0583b,882,452,162.42,491.56,33.0
860,LTGES0583a,882,452,162.42,491.56,33.0
332,LTGES0231b,254,114,-161.48,491.56,32.9
331,LTGES0231a,254,114,-161.48,491.56,32.9
226,LTGES0162,197,56,-161.88,491.56,32.9
566,LTGES0389b,822,8,160.88,491.56,32.7
2250,TR_b592de8e,685,686,65.47,200.0,32.7
565,LTGES0389a,822,8,160.88,491.56,32.7
2179,TR_3d4e3db8,541,542,97.79,300.0,32.6
203,LTGES0147b,176,178,-580.02,1787.48,32.4
1763,LTGES1158,511,513,159.16,491.56,32.4
202,LTGES0147a,176,178,-580.02,1787.48,32.4
1162,LTGES0764b,562,24,-158.42,491.56,32.2
1161,LTGES0764a,562,24,-158.42,491.56,32.2
1742,LTGES1146,1095,48,-156.97,491.56,31.9
2222,TR_07f999e0,175,176,-153.22,480.0,31.9
75,LTGES0050,83,54,-155.93,491.56,31.7
1593,LTGES1048a,606,1049,155.41,491.56,31.6
1594,LTGES1048b,606,1049,155.41,491.56,31.6
1340,LTGES0883a,769,222,-154.57,491.56,31.4
1341,LTGES0883b,769,222,-154.57,491.56,31.4
641,LTGES0444a,367,205,-559.5,1787.48,31.3
1382,LTGES0907b,971,538,-153.93,491.56,31.3
1381,LTGES0907a,971,538,-153.93,491.56,31.3
642,LTGES0444b,367,205,-559.5,1787.48,31.3
1891,LTGES1239,635,548,558.63,1787.48,31.3
1781,LTGES1172,1106,272,-153.37,491.56,31.2
697,LTGES0477a,840,393,-153.49,491.56,31.2
698,LTGES0477b,840,393,-153.49,491.56,31.2
2216,TR_4329bc31,177,178,93.27,300.0,31.1
392,LTGES0266a,275,774,-152.26,491.56,31.0
517,LTGES0359,324,112,152.18,491.56,31.0
1303,LTGES0858a,209,556,-152.17,491.56,31.0
393,LTGES0266b,275,774,-152.26,491.56,31.0
2077,LTGES1374,422,96,152.54,491.56,31.0
1304,LTGES0858b,209,556,-152.17,491.56,31.0
1137,LTGES0749,513,514,152.02,491.56,30.9
2049,LTGES1352,156,1203,-550.78,1787.48,30.8
2315,TR_62f1261f,265,266,-92.39,300.0,30.8
1596,LTGES1050,608,396,151.25,491.56,30.8
1477,LTGES0969,45,582,-150.91,491.56,30.7
1411,LTGES0927,571,560,-151.06,491.56,30.7
1879,LTGES1232b,383,1141,547.44,1787.48,30.6
1478,LTGES0970,582,45,150.62,491.56,30.6
1878,LTGES1232a,383,1141,547.44,1787.48,30.6
1959,LTGES1283,1162,1161,149.82,491.56,30.5
2210,TR_9b83d397,182,183,60.93,200.0,30.5
866,LTGES0587a,883,772,-544.97,1787.48,30.5
867,LTGES0587b,883,772,-544.97,1787.48,30.5
1914,LTGES1253,1137,797,-148.9,491.56,30.3
374,LTGES0255b,235,261,542.21,1787.48,30.3
373,LTGES0255a,235,261,542.21,1787.48,30.3
1216,LTGES0799a,183,178,538.86,1787.48,30.1
1217,LTGES0799b,183,178,538.86,1787.48,30.1
347,LTGES0239a,262,258,147.78,491.56,30.1
348,LTGES0239b,262,258,147.78,491.56,30.1
485,LTGES0334,795,1137,-147.45,491.56,30.0
426,LTGES0291b,301,300,147.69,491.56,30.0
425,LTGES0291a,301,300,147.69,491.56,30.0
776,LTGES0536,857,425,147.38,491.56,30.0
1656,LTGES1091,617,615,-146.99,491.56,29.9
2266,TR_4560a61c,578,579,-59.9,200.0,29.9
1658,LTGES1093,159,617,-146.97,491.56,29.9
2149,LTGES1428,1161,640,146.93,491.56,29.9
1655,LTGES1090,615,616,-147.03,491.56,29.9
80,LTGES0054,696,86,-146.74,491.56,29.9
1639,LTGES1080a,22,611,-146.73,491.56,29.8
1640,LTGES1080b,22,611,-146.73,491.56,29.8
8,LTGES0004b,7,9,-530.33,1787.48,29.7
7,LTGES0004a,7,9,-530.33,1787.48,29.7
2178,TR_72a9d275,125,126,279.43,945.0,29.6
2267,TR_a5cf368f,427,428,-88.38,300.0,29.5
2164,LTGES1442,214,1195,144.79,491.56,29.5
748,LTGES0515,408,421,-145.02,491.56,29.5
1785,LTGES1175b,909,485,144.45,491.56,29.4
1784,LTGES1175a,909,485,144.45,491.56,29.4
1412,LTGES0928,551,571,-144.68,491.56,29.4
1519,LTGES0999,1023,590,-144.69,491.56,29.4
2318,TR_d307d820,114,115,-58.69,200.0,29.3
2182,TR_0490c2aa,109,110,87.46,300.0,29.2
390,LTGES0264,773,1139,143.68,491.56,29.2
865,LTGES0586b,883,982,520.09,1787.48,29.1
864,LTGES0586a,883,982,520.09,1787.48,29.1
2209,TR_0727c58f,184,185,87.11,300.0,29.0
1193,LTGES0781,522,451,-142.03,491.56,28.9
2118,LTGES1405,1227,667,141.71,491.56,28.8
668,LTGES0461a,389,982,-512.25,1787.48,28.7
1746,LTGES1149a,526,987,141.14,491.56,28.7
2036,LTGES1341,640,1134,-141.05,491.56,28.7
669,LTGES0461b,389,982,-512.25,1787.48,28.7
1747,LTGES1149b,526,987,141.14,491.56,28.7
2186,TR_26503a3b,161,162,85.93,300.0,28.6
246,LTGES0175,732,106,-140.76,491.56,28.6
2193,TR_e2759977,129,130,57.07,200.0,28.5
2211,TR_86452e13,186,187,57.0,200.0,28.5
840,LTGES0569,877,376,509.98,1787.48,28.5
136,LTGES0098,711,710,-139.6,491.56,28.4
1947,LTGES1273,653,355,139.57,491.56,28.4
1287,LTGES0847,550,551,-138.56,491.56,28.2
1273,LTGES0837a,544,545,137.88,491.56,28.1
216,LTGES0154a,188,189,138.37,491.56,28.1
1274,LTGES0837b,544,545,137.88,491.56,28.1
217,LTGES0154b,188,189,138.37,491.56,28.1
34,LTGES0021a,35,36,501.04,1787.48,28.0
2196,TR_82ae89fc,553,554,-134.42,480.0,28.0
385,LTGES0261a,277,772,500.28,1787.48,28.0
1951,LTGES1277,1155,532,137.77,491.56,28.0
35,LTGES0021b,35,36,501.04,1787.48,28.0
386,LTGES0261b,277,772,500.28,1787.48,28.0
1791,LTGES1179a,256,258,-137.14,491.56,27.9
1792,LTGES1179b,256,258,-137.14,491.56,27.9
2320,TR_c51f01d1,117,118,-209.36,750.0,27.9
1615,LTGES1064a,24,296,-135.64,491.56,27.6
1616,LTGES1064b,24,296,-135.64,491.56,27.6
1945,LTGES1272a,645,327,-492.38,1787.48,27.5
547,LTGES0379,332,818,-135.17,491.56,27.5
1946,LTGES1272b,645,327,-492.38,1787.48,27.5
225,LTGES0161,196,197,-135.29,491.56,27.5
804,LTGES0551a,440,265,-46.2,169.19,27.3
1530,LTGES1007,593,372,134.16,491.56,27.3
1276,LTGES0838b,545,161,134.25,491.56,27.3
805,LTGES0551b,440,265,-46.2,169.19,27.3
1275,LTGES0838a,545,161,134.25,491.56,27.3
2232,TR_5e46f309,222,223,203.98,750.0,27.2
726,LTGES0500a,848,413,133.36,491.56,27.1
727,LTGES0500b,848,413,133.36,491.56,27.1
969,LTGES0649b,30,28,133.04,491.56,27.1
968,LTGES0649a,30,28,133.04,491.56,27.1
1197,LTGES0785,1051,464,133.38,491.56,27.1
2268,TR_d11f8e41,45,46,-129.63,480.0,27.0
120,LTGES0084,115,261,-481.5,1787.48,26.9
213,LTGES0152b,177,182,-131.1,491.56,26.7
212,LTGES0152a,177,182,-131.1,491.56,26.7
280,LTGES0204b,5,230,131.03,491.56,26.7
2230,TR_8a0345e0,393,394,-200.17,750.0,26.7
279,LTGES0204a,5,230,131.03,491.56,26.7
1302,LTGES0857,522,951,-131.2,491.56,26.7
2137,LTGES1420,426,1234,-130.95,491.56,26.6
824,LTGES0561a,874,202,-130.59,491.56,26.6
2189,TR_f3d46ea1,172,173,53.1,200.0,26.6
825,LTGES0561b,874,202,-130.59,491.56,26.6
27,LTGES0016b,296,24,130.24,491.56,26.5
1499,LTGES0986a,97,572,130.31,491.56,26.5
770,LTGES0531b,70,862,-130.47,491.56,26.5
1944,LTGES1271,639,1153,-130.07,491.56,26.5
769,LTGES0531a,70,862,-130.47,491.56,26.5
26,LTGES0016a,296,24,130.24,491.56,26.5
1500,LTGES0986b,97,572,130.31,491.56,26.5
101,LTGES0069a,105,874,-129.73,491.56,26.4
102,LTGES0069b,105,874,-129.73,491.56,26.4
109,LTGES0076,55,41,-472.26,1787.48,26.4
1321,LTGES0869a,987,343,-129.23,491.56,26.3
1322,LTGES0869b,987,343,-129.23,491.56,26.3
1652,LTGES1088b,155,157,-129.24,491.56,26.3
1848,LTGES1212a,502,192,-129.36,491.56,26.3
1849,LTGES1212b,502,192,-129.36,491.56,26.3
1651,LTGES1088a,155,157,-129.24,491.56,26.3
1037,LTGES0684b,911,142,-128.74,491.56,26.2
1036,LTGES0684a,911,142,-128.74,491.56,26.2
1804,LTGES1184a,610,423,128.43,491.56,26.1
2329,TR_f02d7b94,375,376,125.38,480.0,26.1
1625,LTGES1071a,2,20,-128.21,491.56,26.1
1626,LTGES1071b,2,20,-128.21,491.56,26.1
1805,LTGES1184b,610,423,128.43,491.56,26.1
49,LTGES0031,59,54,127.03,491.56,25.8
110,LTGES0077,55,89,461.12,1787.48,25.8
1239,LTGES0812b,962,215,126.45,491.56,25.7
1110,LTGES0732,509,934,-126.23,491.56,25.7
1238,LTGES0812a,962,215,126.45,491.56,25.7
1407,LTGES0924,980,552,126.21,491.56,25.7
2330,TR_314cfd1c,440,441,51.25,200.0,25.6
1425,LTGES0935b,93,699,-125.37,491.56,25.5
1424,LTGES0935a,93,699,-125.37,491.56,25.5
906,LTGES0611a,300,266,125.49,491.56,25.5
821,LTGES0559b,1214,702,-125.59,491.56,25.5
820,LTGES0559a,1214,702,-125.59,491.56,25.5
907,LTGES0611b,300,266,125.49,491.56,25.5
1293,LTGES0851,553,101,124.69,491.56,25.4
605,LTGES0420,352,828,-124.08,491.56,25.2
2337,TR_13fe3810,207,208,-120.92,480.0,25.2
2229,TR_90fa9b51,637,638,-121.0,480.0,25.2
2228,TR_a4e0ba25,42,43,75.56,300.0,25.2
2231,TR_db0bb0db,1130,1131,-188.72,750.0,25.2
963,LTGES0644,1079,475,123.41,491.56,25.1
232,LTGES0166a,205,203,446.03,1787.48,25.0
233,LTGES0166b,205,203,446.03,1787.48,25.0
183,LTGES0134,165,157,-123.1,491.56,25.0
245,LTGES0174,213,169,122.22,491.56,24.9
965,LTGES0646,1079,475,122.18,491.56,24.9
1874,LTGES1229,960,1152,-122.62,491.56,24.9
2117,LTGES1404,671,1226,-122.0,491.56,24.8
1236,LTGES0811a,961,962,120.74,491.56,24.6
777,LTGES0537,425,431,-120.77,491.56,24.6
1237,LTGES0811b,961,962,120.74,491.56,24.6
335,LTGES0233a,114,256,-120.56,491.56,24.5
702,LTGES0480,400,401,-120.21,491.56,24.5
336,LTGES0233b,114,256,-120.56,491.56,24.5
1034,LTGES0682,687,704,-435.61,1787.48,24.4
108,LTGES0075,687,720,435.91,1787.48,24.4
1612,LTGES1062,10,156,434.58,1787.48,24.3
757,LTGES0522b,423,26,119.43,491.56,24.3
84,LTGES0057,91,755,-119.21,491.56,24.3
1611,LTGES1061,394,10,434.29,1787.48,24.3
756,LTGES0522a,423,26,119.43,491.56,24.3
357,LTGES0244,80,759,-431.88,1787.48,24.2
135,LTGES0096,720,41,431.69,1787.48,24.2
590,LTGES0408b,347,348,-430.16,1787.48,24.1
589,LTGES0408a,347,348,-430.16,1787.48,24.1
1078,LTGES0712a,502,192,-117.92,491.56,24.0
1979,LTGES1301,559,1045,-117.79,491.56,24.0
1079,LTGES0712b,502,192,-117.92,491.56,24.0
394,LTGES0267,281,275,118.12,491.56,24.0
837,LTGES0567,267,759,429.16,1787.48,24.0
1665,LTGES1097b,34,426,-117.24,491.56,23.9
1664,LTGES1097a,34,426,-117.24,491.56,23.9
1483,LTGES0973,1018,45,-117.28,491.56,23.9
1922,LTGES1258b,228,307,116.79,491.56,23.8
44,LTGES0028a,3,51,117.02,491.56,23.8
45,LTGES0028b,3,51,117.02,491.56,23.8
1921,LTGES1258a,228,307,116.79,491.56,23.8
329,LTGES0230a,121,254,-116.82,491.56,23.8
330,LTGES0230b,121,254,-116.82,491.56,23.8
598,LTGES0413,347,348,-423.05,1787.48,23.7
264,LTGES0191,752,1030,424.19,1787.48,23.7
1311,LTGES0862a,443,372,-116.47,491.56,23.7
747,LTGES0514,855,854,-116.68,491.56,23.7
1312,LTGES0862b,443,372,-116.47,491.56,23.7
1920,LTGES1257b,88,916,-116.4,491.56,23.7
1919,LTGES1257a,88,916,-116.4,491.56,23.7
416,LTGES0286a,153,159,-116.0,491.56,23.6
1067,LTGES0705,176,455,-421.07,1787.48,23.6
417,LTGES0286b,153,159,-116.0,491.56,23.6
1972,LTGES1296,1159,660,115.97,491.56,23.6
92,LTGES0064a,692,769,-115.49,491.56,23.5
2119,LTGES1406,1229,1228,115.58,491.56,23.5
93,LTGES0064b,692,769,-115.49,491.56,23.5
333,LTGES0232a,253,113,-39.65,169.19,23.4
334,LTGES0232b,253,113,-39.65,169.19,23.4
128,LTGES0090,704,128,-418.84,1787.48,23.4
1966,LTGES1290,1167,1166,114.55,491.56,23.3
1166,LTGES0767a,432,420,114.7,491.56,23.3
1167,LTGES0767b,432,420,114.7,491.56,23.3
48,LTGES0030,54,56,-114.56,491.56,23.3
194,LTGES0141a,130,89,417.19,1787.48,23.3
195,LTGES0141b,130,89,417.19,1787.48,23.3
2306,TR_a7560d62,120,121,-69.59,300.0,23.2
1859,LTGES1220a,464,63,114.22,491.56,23.2
569,LTGES0392,338,336,114.19,491.56,23.2
1860,LTGES1220b,464,63,114.22,491.56,23.2
137,LTGES0099,710,712,-113.68,491.56,23.1
1404,LTGES0922,550,980,113.31,491.56,23.1
1060,LTGES0701a,455,497,-411.11,1787.48,23.0
1061,LTGES0701b,455,497,-411.11,1787.48,23.0
1169,LTGES0768b,432,420,112.46,491.56,22.9
391,LTGES0265,1139,280,112.8,491.56,22.9
1168,LTGES0768a,432,420,112.46,491.56,22.9
133,LTGES0094,41,128,-409.88,1787.48,22.9
2044,LTGES1347,855,853,112.36,491.56,22.9
685,LTGES0470a,837,393,111.99,491.56,22.8
686,LTGES0470b,837,393,111.99,491.56,22.8
104,LTGES0071,107,59,111.92,491.56,22.8
1970,LTGES1294,1171,659,111.67,491.56,22.7
2294,TR_b4c6d83c,299,300,-67.72,300.0,22.6
2167,LTGES1444,1050,711,-110.68,491.56,22.5
696,LTGES0476,398,840,110.07,491.56,22.4
717,LTGES0492,407,845,109.74,491.56,22.3
715,LTGES0490b,845,405,109.58,491.56,22.3
718,LTGES0493,845,407,-109.53,491.56,22.3
714,LTGES0490a,845,405,109.58,491.56,22.3
1711,LTGES1126,960,139,109.81,491.56,22.3
161,LTGES0119,157,155,109.83,491.56,22.3
1816,LTGES1192,76,14,-398.2,1787.48,22.3
2220,TR_dd3b02ef,220,221,66.51,300.0,22.2
534,LTGES0371,331,326,108.98,491.56,22.2
1724,LTGES1134,706,137,109.32,491.56,22.2
1518,LTGES0998,1026,590,108.96,491.56,22.2
113,LTGES0079,112,54,109.07,491.56,22.2
1361,LTGES0895c,562,564,108.28,491.56,22.0
424,LTGES0290,134,952,392.63,1787.48,22.0
1360,LTGES0895b,562,564,108.28,491.56,22.0
1362,LTGES0895d,562,564,108.28,491.56,22.0
1961,LTGES1285,393,398,108.25,491.56,22.0
1359,LTGES0895a,562,564,108.28,491.56,22.0
1566,LTGES1030b,7,183,391.51,1787.48,21.9
1565,LTGES1030a,7,183,391.51,1787.48,21.9
720,LTGES0495,408,331,107.84,491.56,21.9
501,LTGES0347,320,70,107.86,491.56,21.9
1771,LTGES1164,629,1104,-106.92,491.56,21.8
604,LTGES0419,353,352,-106.98,491.56,21.8
190,LTGES0139a,173,130,387.96,1787.48,21.7
1124,LTGES0742a,828,344,-106.44,491.56,21.7
191,LTGES0139b,173,130,387.96,1787.48,21.7
1125,LTGES0742b,828,344,-106.44,491.56,21.7
587,LTGES0407a,346,347,-387.43,1787.48,21.7
588,LTGES0407b,346,347,-387.43,1787.48,21.7
2188,TR_3cdb5cac,159,160,64.98,300.0,21.7
2314,TR_ba959aa8,244,245,-65.06,300.0,21.7
1958,LTGES1282,1189,17,386.29,1787.48,21.6
1682,LTGES1111a,1084,624,-106.21,491.56,21.6
1683,LTGES1111b,1084,624,-106.21,491.56,21.6
555,LTGES0384,820,336,-105.86,491.56,21.5
2057,LTGES1359b,109,172,104.97,491.56,21.4
638,LTGES0442,366,833,-104.96,491.56,21.4
2056,LTGES1359a,109,172,104.97,491.56,21.4
410,LTGES0281,290,776,383.2,1787.48,21.4
1284,LTGES0844b,548,547,382.23,1787.48,21.4
1283,LTGES0844a,548,547,382.23,1787.48,21.4
2255,TR_53ce20b7,566,567,-42.88,200.0,21.4
152,LTGES0113a,142,144,-104.79,491.56,21.3
153,LTGES0113b,142,144,-104.79,491.56,21.3
2176,TR_519b8abe,70,71,159.41,750.0,21.3
1373,LTGES0901,62,776,-379.48,1787.48,21.2
2333,TR_585684a3,438,439,42.25,200.0,21.1
413,LTGES0284,292,46,-376.3,1787.48,21.1
2276,TR_7644f0c2,97,98,-100.87,480.0,21.0
61,LTGES0041a,68,69,-374.74,1787.48,21.0
576,LTGES0398,825,34,103.01,491.56,21.0
62,LTGES0041b,68,69,-374.74,1787.48,21.0
754,LTGES0520,70,857,102.81,491.56,20.9
2107,LTGES1394,63,1217,-102.42,491.56,20.8
571,LTGES0394,339,333,102.1,491.56,20.8
53,LTGES0034,61,688,371.8,1787.48,20.8
1126,LTGES0743a,364,505,-101.6,491.56,20.7
141,LTGES0105,137,86,101.86,491.56,20.7
1127,LTGES0743b,364,505,-101.6,491.56,20.7
633,LTGES0438,365,932,101.86,491.56,20.7
1571,LTGES1033,1036,371,101.59,491.56,20.7
296,LTGES0213,751,122,368.73,1787.48,20.6
453,LTGES0311,126,162,367.32,1787.48,20.5
59,LTGES0040a,67,68,-365.89,1787.48,20.5
60,LTGES0040b,67,68,-365.89,1787.48,20.5
2131,LTGES1414,1233,482,-100.06,491.56,20.4
2007,LTGES1323,327,1190,-364.32,1787.48,20.4
1248,LTGES0820a,533,534,-100.45,491.56,20.4
1249,LTGES0820b,533,534,-100.45,491.56,20.4
2313,TR_cf9f1601,77,78,-40.8,200.0,20.4
305,LTGES0219,753,75,-363.75,1787.48,20.4
107,LTGES0074,55,688,-364.75,1787.48,20.4
1262,LTGES0829,971,541,99.74,491.56,20.3
597,LTGES0412,349,347,-362.67,1787.48,20.3
2272,TR_07cc6fee,1006,1007,-40.56,200.0,20.3
2055,LTGES1358b,110,173,361.41,1787.48,20.2
2054,LTGES1358a,110,173,361.41,1787.48,20.2
1,LTGES0001a,1,2,-98.68,491.56,20.1
2,LTGES0001b,1,2,-98.68,491.56,20.1
737,LTGES0507a,28,32,98.48,491.56,20.0
738,LTGES0507b,28,32,98.48,491.56,20.0
1941,LTGES1269b,572,416,97.82,491.56,19.9
1940,LTGES1269a,572,416,97.82,491.56,19.9
614,LTGES0427,359,75,354.18,1787.48,19.8
848,LTGES0574,879,216,97.49,491.56,19.8
1174,LTGES0771a,225,518,97.27,491.56,19.8
1175,LTGES0771b,225,518,97.27,491.56,19.8
337,LTGES0234a,113,255,-33.27,169.19,19.7
1964,LTGES1288,1165,94,-96.74,491.56,19.7
338,LTGES0234b,113,255,-33.27,169.19,19.7
778,LTGES0538a,373,433,349.5,1787.48,19.6
779,LTGES0538b,373,433,349.5,1787.48,19.6
928,LTGES0623,683,907,349.1,1787.48,19.5
713,LTGES0489,405,846,96.09,491.56,19.5
716,LTGES0491,846,405,-96.09,491.56,19.5
1235,LTGES0810b,961,530,95.16,491.56,19.4
1234,LTGES0810a,961,530,95.16,491.56,19.4
1118,LTGES0737b,936,364,-94.73,491.56,19.3
1815,LTGES1191,1118,82,344.24,1787.48,19.3
1117,LTGES0737a,936,364,-94.73,491.56,19.3
652,LTGES0451a,367,208,344.91,1787.48,19.3
1232,LTGES0808,529,1140,-94.79,491.56,19.3
2048,LTGES1351,1050,1202,94.78,491.56,19.3
653,LTGES0451b,367,208,344.91,1787.48,19.3
914,LTGES0615b,466,266,93.87,491.56,19.1
586,LTGES0406b,271,346,-341.73,1787.48,19.1
913,LTGES0615a,466,266,93.87,491.56,19.1
585,LTGES0406a,271,346,-341.73,1787.48,19.1
1990,LTGES1310,137,86,93.43,491.56,19.0
911,LTGES0613b,299,297,-32.19,169.19,19.0
910,LTGES0613a,299,297,-32.19,169.19,19.0
1181,LTGES0774b,3,517,92.97,491.56,18.9
1180,LTGES0774a,3,517,92.97,491.56,18.9
1092,LTGES0720a,928,501,92.62,491.56,18.8
1093,LTGES0720b,928,501,92.62,491.56,18.8
2234,TR_09234ca6,28,29,37.59,200.0,18.8
1245,LTGES0817b,964,533,-92.07,491.56,18.7
1244,LTGES0817a,964,533,-92.07,491.56,18.7
2240,TR_9925636e,192,193,89.52,480.0,18.7
67,LTGES0045,75,76,-334.88,1787.48,18.7
1567,LTGES1031a,1098,547,-332.02,1787.48,18.6
849,LTGES0575a,211,881,-332.52,1787.48,18.6
691,LTGES0473a,396,395,91.49,491.56,18.6
1568,LTGES1031b,1098,547,-332.02,1787.48,18.6
850,LTGES0575b,211,881,-332.52,1787.48,18.6
2187,TR_b0d59f98,153,154,37.23,200.0,18.6
2050,LTGES1353,666,406,-332.35,1787.48,18.6
692,LTGES0473b,396,395,91.49,491.56,18.6
1622,LTGES1068,359,1060,-332.69,1787.48,18.6
1468,LTGES0961b,427,1015,91.01,491.56,18.5
1467,LTGES0961a,427,1015,91.01,491.56,18.5
2120,LTGES1407,651,672,-91.03,491.56,18.5
649,LTGES0448,80,374,-328.43,1787.48,18.4
1619,LTGES1066,24,296,-89.74,491.56,18.3
1171,LTGES0769b,420,225,89.93,491.56,18.3
536,LTGES0373a,819,823,89.84,491.56,18.3
1170,LTGES0769a,420,225,89.93,491.56,18.3
537,LTGES0373b,819,823,89.84,491.56,18.3
461,LTGES0318,311,312,89.37,491.56,18.2
169,LTGES0125,163,165,89.33,491.56,18.2
2296,TR_45015848,297,298,-36.11,200.0,18.1
1277,LTGES0839,539,546,322.84,1787.48,18.1
179,LTGES0131,163,165,88.73,491.56,18.1
151,LTGES0112b,143,145,-323.19,1787.48,18.1
487,LTGES0336,1041,1165,-88.74,491.56,18.1
343,LTGES0237a,758,260,-89.12,491.56,18.1
344,LTGES0237b,758,260,-89.12,491.56,18.1
150,LTGES0112a,143,145,-323.19,1787.48,18.1
1832,LTGES1205b,636,1098,-321.49,1787.48,18.0
1831,LTGES1205a,636,1098,-321.49,1787.48,18.0
2261,TR_cee0d2e6,479,480,-86.6,480.0,18.0
176,LTGES0129,163,165,88.01,491.56,17.9
822,LTGES0560a,702,11,-87.89,491.56,17.9
823,LTGES0560b,702,11,-87.89,491.56,17.9
2297,TR_cdbd89a4,947,948,-35.84,200.0,17.9
455,LTGES0312b,542,110,317.79,1787.48,17.8
454,LTGES0312a,542,110,317.79,1787.48,17.8
1184,LTGES0776a,47,3,-87.58,491.56,17.8
1185,LTGES0776b,47,3,-87.58,491.56,17.8
2312,TR_1d98b925,697,698,-35.44,200.0,17.7
1329,LTGES0875a,562,479,-87.17,491.56,17.7
442,LTGES0303,137,54,-86.96,491.56,17.7
1741,LTGES1145,778,290,317.12,1787.48,17.7
1330,LTGES0875b,562,479,-87.17,491.56,17.7
2204,TR_2087835e,164,165,35.28,200.0,17.6
2158,LTGES1437,1166,1213,86.58,491.56,17.6
1196,LTGES0784,952,1118,313.83,1787.48,17.6
815,LTGES0556a,446,868,-85.85,491.56,17.5
2101,LTGES1391b,412,383,312.54,1787.48,17.5
1227,LTGES0805a,959,458,-86.16,491.56,17.5
1654,LTGES1089b,243,67,-312.93,1787.48,17.5
1653,LTGES1089a,243,67,-312.93,1787.48,17.5
1228,LTGES0805b,959,458,-86.16,491.56,17.5
2100,LTGES1391a,412,383,312.54,1787.48,17.5
492,LTGES0340,313,303,86.24,491.56,17.5
816,LTGES0556b,446,868,-85.85,491.56,17.5
561,LTGES0387b,8,823,-85.49,491.56,17.4
1231,LTGES0807,133,959,-85.48,491.56,17.4
529,LTGES0367,329,901,-85.57,491.56,17.4
1172,LTGES0770a,420,517,85.29,491.56,17.4
1173,LTGES0770b,420,517,85.29,491.56,17.4
560,LTGES0387a,8,823,-85.49,491.56,17.4
2310,TR_ce97d6f4,90,91,-51.78,300.0,17.3
2153,LTGES1432,1202,1004,85.25,491.56,17.3
46,LTGES0029a,51,52,84.94,491.56,17.3
268,LTGES0195a,48,3,-85.08,491.56,17.3
187,LTGES0137,875,743,-308.68,1787.48,17.3
47,LTGES0029b,51,52,84.94,491.56,17.3
269,LTGES0195b,48,3,-85.08,491.56,17.3
1105,LTGES0729,937,240,-83.92,491.56,17.1
1226,LTGES0804,133,959,-83.53,491.56,17.0
1071,LTGES0708a,924,175,83.42,491.56,17.0
1632,LTGES1075a,230,48,83.45,491.56,17.0
1633,LTGES1075b,230,48,83.45,491.56,17.0
1072,LTGES0708b,924,175,83.42,491.56,17.0
1623,LTGES1069,1060,907,-303.81,1787.48,17.0
91,LTGES0063,1007,39,-302.16,1787.48,16.9
667,LTGES0460,386,388,-83.17,491.56,16.9
1820,LTGES1195,125,541,-82.99,491.56,16.9
1743,LTGES1147,1096,230,-83.02,491.56,16.9
1401,LTGES0919,553,102,-83.27,491.56,16.9
2293,TR_fa8d5caa,279,280,-33.69,200.0,16.8
2148,LTGES1427,1173,491,-82.71,491.56,16.8
650,LTGES0449,374,878,-297.61,1787.48,16.7
621,LTGES0431,75,357,297.82,1787.48,16.7
1935,LTGES1266b,329,644,81.78,491.56,16.6
636,LTGES0440,248,931,295.97,1787.48,16.6
2263,TR_e1d8c398,467,468,-124.47,750.0,16.6
1934,LTGES1266a,329,644,81.78,491.56,16.6
2172,LTGES1447,1081,1018,-81.58,491.56,16.6
1280,LTGES0842,979,554,295.62,1787.48,16.5
430,LTGES0295,305,304,81.03,491.56,16.5
774,LTGES0534b,70,431,80.75,491.56,16.4
1288,LTGES0848,103,102,80.62,491.56,16.4
826,LTGES0562a,419,3,-80.53,491.56,16.4
626,LTGES0434,832,357,-293.4,1787.48,16.4
827,LTGES0562b,419,3,-80.53,491.56,16.4
1250,LTGES0821,967,189,80.5,491.56,16.4
773,LTGES0534a,70,431,80.75,491.56,16.4
1551,LTGES1019,1030,226,292.5,1787.48,16.4
2256,TR_23a069a8,146,147,-123.31,750.0,16.4
1220,LTGES0801a,527,958,-80.03,491.56,16.3
1221,LTGES0801b,527,958,-80.03,491.56,16.3
1065,LTGES0703b,497,7,-290.36,1787.48,16.2
1064,LTGES0703a,497,7,-290.36,1787.48,16.2
1890,LTGES1238b,511,240,-79.75,491.56,16.2
1889,LTGES1238a,511,240,-79.75,491.56,16.2
1856,LTGES1217,36,641,-289.96,1787.48,16.2
671,LTGES0462b,389,390,287.22,1787.48,16.1
1153,LTGES0759b,91,945,79.23,491.56,16.1
1998,LTGES1317,1023,95,79.01,491.56,16.1
670,LTGES0462a,389,390,287.22,1787.48,16.1
1408,LTGES0925,570,153,-78.95,491.56,16.1
1152,LTGES0759a,91,945,79.23,491.56,16.1
318,LTGES0224b,247,250,79.04,491.56,16.1
601,LTGES0416,349,345,286.94,1787.48,16.1
317,LTGES0224a,247,250,79.04,491.56,16.1
2165,LTGES1443a,1236,638,285.82,1787.48,16.0
2166,LTGES1443b,1236,638,285.82,1787.48,16.0
1852,LTGES1214b,946,990,-286.09,1787.48,16.0
1851,LTGES1214a,946,990,-286.09,1787.48,16.0
1383,LTGES0908,541,125,78.88,491.56,16.0
428,LTGES0293,93,784,-78.03,491.56,15.9
1793,LTGES1180a,255,257,-26.86,169.19,15.9
1794,LTGES1180b,255,257,-26.86,169.19,15.9
2078,LTGES1375,1212,602,-77.86,491.56,15.8
1158,LTGES0762a,111,946,-282.88,1787.48,15.8
71,LTGES0047b,697,77,26.7,169.19,15.8
193,LTGES0140b,172,129,77.47,491.56,15.8
192,LTGES0140a,172,129,77.47,491.56,15.8
444,LTGES0305a,307,706,77.62,491.56,15.8
1159,LTGES0762b,111,946,-282.88,1787.48,15.8
1279,LTGES0841,302,782,77.52,491.56,15.8
1102,LTGES0727,938,91,-77.55,491.56,15.8
445,LTGES0305b,307,706,77.62,491.56,15.8
70,LTGES0047a,697,77,26.7,169.19,15.8
100,LTGES0068,102,103,-77.31,491.56,15.7
1372,LTGES0900b,990,777,-280.5,1787.48,15.7
1419,LTGES0933,305,304,77.19,491.56,15.7
362,LTGES0247b,160,777,280.96,1787.48,15.7
1371,LTGES0900a,990,777,-280.5,1787.48,15.7
361,LTGES0247a,160,777,280.96,1787.48,15.7
112,LTGES0078b,111,55,279.74,1787.48,15.6
1710,LTGES1125,1004,1005,76.69,491.56,15.6
111,LTGES0078a,111,55,279.74,1787.48,15.6
1327,LTGES0873,560,153,-76.61,491.56,15.6
1824,LTGES1199b,1120,1116,76.05,491.56,15.5
2259,TR_7fb6d213,482,483,-46.38,300.0,15.5
2203,TR_28414610,155,156,581.96,3750.0,15.5
1823,LTGES1199a,1120,1116,76.05,491.56,15.5
1636,LTGES1078a,217,587,-76.43,491.56,15.5
1415,LTGES0930,560,570,-76.41,491.56,15.5
1637,LTGES1078b,217,587,-76.43,491.56,15.5
772,LTGES0533,430,70,-75.46,491.56,15.4
761,LTGES0525,45,427,75.9,491.56,15.4
2206,TR_3ab3b8f1,103,104,-30.77,200.0,15.4
321,LTGES0226a,250,252,75.31,491.56,15.3
2177,TR_2ba8192a,123,124,73.52,480.0,15.3
762,LTGES0526,45,427,74.99,491.56,15.3
609,LTGES0423,353,830,75.29,491.56,15.3
322,LTGES0226b,250,252,75.31,491.56,15.3
1202,LTGES0792a,390,359,271.9,1787.48,15.2
1203,LTGES0792b,390,359,271.9,1787.48,15.2
24,LTGES0015a,13,24,74.42,491.56,15.1
2195,TR_30aa9055,170,171,-30.17,200.0,15.1
758,LTGES0523,725,858,270.8,1787.48,15.1
25,LTGES0015b,13,24,74.42,491.56,15.1
2162,LTGES1440,1229,673,73.55,491.56,15.0
2235,TR_089a759d,30,31,29.99,200.0,15.0
2251,TR_3af63bd6,677,678,-45.13,300.0,15.0
1754,LTGES1154a,146,140,73.15,491.56,14.9
2011,LTGES1326,1192,644,73.35,491.56,14.9
1113,LTGES0735a,936,1091,73.34,491.56,14.9
1755,LTGES1154b,146,140,73.15,491.56,14.9
472,LTGES0325,201,790,-73.1,491.56,14.9
1114,LTGES0735b,936,1091,73.34,491.56,14.9
1994,LTGES1313,924,767,-73.14,491.56,14.9
451,LTGES0310a,677,309,73.32,491.56,14.9
452,LTGES0310b,677,309,73.32,491.56,14.9
1427,LTGES0937,1009,1008,-72.33,491.56,14.7
90,LTGES0062,98,1007,-261.6,1787.48,14.6
1370,LTGES0899,858,61,261.71,1787.48,14.6
2071,LTGES1370,668,670,-71.97,491.56,14.6
934,LTGES0627,682,471,71.11,491.56,14.5
2156,LTGES1435,1167,1,-71.06,491.56,14.5
1331,LTGES0876a,42,26,-71.19,491.56,14.5
2155,LTGES1434,1167,1,-71.06,491.56,14.5
1332,LTGES0876b,42,26,-71.19,491.56,14.5
2001,LTGES1319b,97,1187,70.69,491.56,14.4
1267,LTGES0833a,540,780,257.95,1787.48,14.4
1368,LTGES0898a,70,565,-70.98,491.56,14.4
1369,LTGES0898b,70,565,-70.98,491.56,14.4
1241,LTGES0814,963,530,70.7,491.56,14.4
2000,LTGES1319a,97,1187,70.69,491.56,14.4
1268,LTGES0833b,540,780,257.95,1787.48,14.4
1121,LTGES0740,937,938,-70.34,491.56,14.3
1428,LTGES0938,854,736,-70.31,491.56,14.3
813,LTGES0555a,445,446,-70.3,491.56,14.3
2139,LTGES1421b,1148,870,-255.08,1787.48,14.3
1358,LTGES0894b,162,780,-254.74,1787.48,14.3
1130,LTGES0745a,505,939,70.28,491.56,14.3
814,LTGES0555b,445,446,-70.3,491.56,14.3
1131,LTGES0745b,505,939,70.28,491.56,14.3
2138,LTGES1421a,1148,870,-255.08,1787.48,14.3
1357,LTGES0894a,162,780,-254.74,1787.48,14.3
2207,TR_a5f948b9,997,998,-28.36,200.0,14.2
2233,TR_18c54756,32,33,42.46,300.0,14.2
409,LTGES0280,284,286,70.01,491.56,14.2
1685,LTGES1112b,624,1111,-69.26,491.56,14.1
257,LTGES0185,770,223,-252.28,1787.48,14.1
1684,LTGES1112a,624,1111,-69.26,491.56,14.1
902,LTGES0608,465,1123,-69.51,491.56,14.1
539,LTGES0374b,332,819,69.54,491.56,14.1
162,LTGES0120a,156,69,-251.39,1787.48,14.1
411,LTGES0282,779,778,252.04,1787.48,14.1
538,LTGES0374a,332,819,69.54,491.56,14.1
163,LTGES0120b,156,69,-251.39,1787.48,14.1
2121,LTGES1408,672,673,-68.67,491.56,14.0
1759,LTGES1156a,599,485,-68.61,491.56,14.0
2147,LTGES1426b,674,117,-68.63,491.56,14.0
1760,LTGES1156b,599,485,-68.61,491.56,14.0
2146,LTGES1426a,674,117,-68.63,491.56,14.0
2208,TR_a1cd747b,976,977,-27.82,200.0,13.9
276,LTGES0201b,863,3,68.18,491.56,13.9
275,LTGES0201a,863,3,68.18,491.56,13.9
1515,LTGES0995b,589,1025,-68.46,491.56,13.9
660,LTGES0456,380,381,68.32,491.56,13.9
1604,LTGES1055b,729,1062,-68.46,491.56,13.9
1514,LTGES0995a,589,1025,-68.46,491.56,13.9
2086,LTGES1381b,702,105,-68.17,491.56,13.9
2085,LTGES1381a,702,105,-68.17,491.56,13.9
1603,LTGES1055a,729,1062,-68.46,491.56,13.9
1516,LTGES0996,589,590,67.71,491.56,13.8
1019,LTGES0674c,909,911,-67.9,491.56,13.8
1339,LTGES0882b,222,988,67.85,491.56,13.8
1017,LTGES0674a,909,911,-67.9,491.56,13.8
620,LTGES0430b,361,359,-246.09,1787.48,13.8
480,LTGES0330b,766,270,67.95,491.56,13.8
267,LTGES0194,54,228,-67.87,491.56,13.8
1020,LTGES0674d,909,911,-67.9,491.56,13.8
619,LTGES0430a,361,359,-246.09,1787.48,13.8
942,LTGES0631b,897,898,67.92,491.56,13.8
941,LTGES0631a,897,898,67.92,491.56,13.8
229,LTGES0164,717,201,-67.99,491.56,13.8
1018,LTGES0674b,909,911,-67.9,491.56,13.8
1338,LTGES0882a,222,988,67.85,491.56,13.8
479,LTGES0330a,766,270,67.95,491.56,13.8
2202,TR_565d8e08,715,716,27.37,200.0,13.7
572,LTGES0395a,340,826,-67.46,491.56,13.7
573,LTGES0395b,340,826,-67.46,491.56,13.7
1497,LTGES0984,584,1006,-67.35,491.56,13.7
1855,LTGES1216b,1134,639,-67.45,491.56,13.7
1854,LTGES1216a,1134,639,-67.45,491.56,13.7
420,LTGES0288a,298,948,-66.7,491.56,13.6
1828,LTGES1203a,539,635,243.65,1787.48,13.6
421,LTGES0288b,298,948,-66.7,491.56,13.6
1829,LTGES1203b,539,635,243.65,1787.48,13.6
2183,TR_1f77d9ec,322,323,-101.75,750.0,13.6
1598,LTGES1052a,467,479,66.27,491.56,13.5
2060,LTGES1361a,650,868,-66.24,491.56,13.5
1599,LTGES1052b,467,479,66.27,491.56,13.5
2061,LTGES1361b,650,868,-66.24,491.56,13.5
215,LTGES0153b,813,767,-66.02,491.56,13.4
214,LTGES0153a,813,767,-66.02,491.56,13.4
856,LTGES0579,381,453,65.92,491.56,13.4
1479,LTGES0971a,45,1017,66.04,491.56,13.4
1480,LTGES0971b,45,1017,66.04,491.56,13.4
2212,TR_0f7c87f6,723,724,-26.64,200.0,13.3
2093,LTGES1386a,622,414,65.3,491.56,13.3
2094,LTGES1386b,622,414,65.3,491.56,13.3
412,LTGES0283,154,779,236.95,1787.48,13.3
731,LTGES0502b,382,414,-64.75,491.56,13.2
1094,LTGES0721,350,507,236.35,1787.48,13.2
608,LTGES0422,830,355,64.82,491.56,13.2
1337,LTGES0881,229,988,64.68,491.56,13.2
730,LTGES0502a,382,414,-64.75,491.56,13.2
603,LTGES0418,1124,828,-64.73,491.56,13.2
200,LTGES0145,160,725,234.1,1787.48,13.1
1648,LTGES1086b,514,614,64.27,491.56,13.1
40,LTGES0026a,47,48,64.59,491.56,13.1
41,LTGES0026b,47,48,64.59,491.56,13.1
683,LTGES0469a,838,839,64.27,491.56,13.1
1647,LTGES1086a,514,614,64.27,491.56,13.1
684,LTGES0469b,838,839,64.27,491.56,13.1
673,LTGES0463b,375,380,64.06,491.56,13.0
515,LTGES0357,112,56,63.74,491.56,13.0
672,LTGES0463a,375,380,64.06,491.56,13.0
1770,LTGES1163,198,629,-63.68,491.56,13.0
857,LTGES0580,453,454,64.09,491.56,13.0
36,LTGES0022,37,39,231.31,1787.48,12.9
768,LTGES0530,862,712,-63.35,491.56,12.9
291,LTGES0210b,367,752,230.41,1787.48,12.9
290,LTGES0210a,367,752,230.41,1787.48,12.9
680,LTGES0467b,838,837,-63.13,491.56,12.8
1191,LTGES0780a,203,211,-228.6,1787.48,12.8
1192,LTGES0780b,203,211,-228.6,1787.48,12.8
689,LTGES0472a,839,395,62.67,491.56,12.8
471,LTGES0324b,790,791,-62.87,491.56,12.8
690,LTGES0472b,839,395,62.67,491.56,12.8
679,LTGES0467a,838,837,-63.13,491.56,12.8
470,LTGES0324a,790,791,-62.87,491.56,12.8
308,LTGES0221a,245,121,-62.41,491.56,12.7
568,LTGES0391,822,814,62.23,491.56,12.7
309,LTGES0221b,245,121,-62.41,491.56,12.7
310,LTGES0221c,245,121,-62.41,491.56,12.7
643,LTGES0445a,369,371,-61.84,491.56,12.6
835,LTGES0566a,870,875,-225.56,1787.48,12.6
1081,LTGES0713b,192,1132,61.8,491.56,12.6
836,LTGES0566b,870,875,-225.56,1787.48,12.6
1937,LTGES1267b,416,1067,61.95,491.56,12.6
1080,LTGES0713a,192,1132,61.8,491.56,12.6
2254,TR_84534c7d,142,143,-37.68,300.0,12.6
834,LTGES0565b,870,875,-225.56,1787.48,12.6
833,LTGES0565a,870,875,-225.56,1787.48,12.6
294,LTGES0212a,751,261,-224.46,1787.48,12.6
863,LTGES0585,85,64,225.7,1787.48,12.6
295,LTGES0212b,751,261,-224.46,1787.48,12.6
1936,LTGES1267a,416,1067,61.95,491.56,12.6
644,LTGES0445b,369,371,-61.84,491.56,12.6
733,LTGES0504,417,418,62.02,491.56,12.6
438,LTGES0301a,699,306,-61.22,491.56,12.5
2104,LTGES1392c,1141,237,223.79,1787.48,12.5
775,LTGES0535,424,430,-61.47,491.56,12.5
1486,LTGES0975,45,583,61.33,491.56,12.5
325,LTGES0228a,252,755,61.28,491.56,12.5
580,LTGES0402,901,342,-61.25,491.56,12.5
326,LTGES0228b,252,755,61.28,491.56,12.5
2103,LTGES1392b,1141,237,223.79,1787.48,12.5
463,LTGES0320,787,789,-61.4,491.56,12.5
2102,LTGES1392a,1141,237,223.79,1787.48,12.5
2105,LTGES1392d,1141,237,223.79,1787.48,12.5
439,LTGES0301b,699,306,-61.22,491.56,12.5
500,LTGES0346,318,319,60.84,491.56,12.4
429,LTGES0294,785,303,-60.14,491.56,12.2
796,LTGES0547a,438,440,-20.57,169.19,12.2
960,LTGES0642,341,1151,-59.73,491.56,12.2
797,LTGES0547b,438,440,-20.57,169.19,12.2
1433,LTGES0941,98,851,217.12,1787.48,12.1
2185,TR_86c7bc47,242,243,-181.9,1500.0,12.1
2286,TR_023fe59e,167,168,58.25,480.0,12.1
224,LTGES0160,56,112,-59.58,491.56,12.1
2258,TR_4a6d455c,144,145,-36.3,300.0,12.1
256,LTGES0184,174,43,214.02,1787.48,12.0
858,LTGES0581,454,452,58.82,491.56,12.0
2159,LTGES1438,729,198,58.86,491.56,12.0
1708,LTGES1124a,240,609,58.65,491.56,11.9
2030,LTGES1337,1141,647,213.53,1787.48,11.9
749,LTGES0516,421,325,-58.28,491.56,11.9
1709,LTGES1124b,240,609,58.65,491.56,11.9
1630,LTGES1073b,1067,417,58.05,491.56,11.8
1629,LTGES1073a,1067,417,58.05,491.56,11.8
1923,LTGES1259,691,46,208.75,1787.48,11.7
929,LTGES0624a,14,683,208.68,1787.48,11.7
930,LTGES0624b,14,683,208.68,1787.48,11.7
1556,LTGES1022,26,96,57.02,491.56,11.6
751,LTGES0518,856,422,56.96,491.56,11.6
629,LTGES0436a,240,831,-57.17,491.56,11.6
630,LTGES0436b,240,831,-57.17,491.56,11.6
422,LTGES0289a,297,947,-19.51,169.19,11.5
2238,TR_6f82474d,596,597,-22.99,200.0,11.5
423,LTGES0289b,297,947,-19.51,169.19,11.5
39,LTGES0025,39,46,203.66,1787.48,11.4
1493,LTGES0981,1021,1019,-55.94,491.56,11.4
1729,LTGES1137b,714,162,-203.26,1787.48,11.4
1004,LTGES0668,481,908,-56.01,491.56,11.4
1728,LTGES1137a,714,162,-203.26,1787.48,11.4
2016,LTGES1328,1140,149,55.87,491.56,11.4
1491,LTGES0979,1017,583,56.13,491.56,11.4
2088,LTGES1382b,614,1149,56.23,491.56,11.4
2087,LTGES1382a,614,1149,56.23,491.56,11.4
1208,LTGES0795a,334,35,202.7,1787.48,11.3
1487,LTGES0976,1017,583,55.56,491.56,11.3
1209,LTGES0795b,334,35,202.7,1787.48,11.3
1502,LTGES0987b,97,531,-55.11,491.56,11.2
1876,LTGES1230b,1136,1139,-54.84,491.56,11.2
1501,LTGES0987a,97,531,-55.11,491.56,11.2
1875,LTGES1230a,1136,1139,-54.84,491.56,11.2
1595,LTGES1049,608,1158,-55.15,491.56,11.2
1278,LTGES0840,546,72,-198.21,1787.48,11.1
1870,LTGES1227a,646,338,54.07,491.56,11.0
1871,LTGES1227b,646,338,54.07,491.56,11.0
1095,LTGES0722,507,506,196.79,1787.48,11.0
2161,LTGES1439b,1186,1187,-53.89,491.56,11.0
688,LTGES0471b,36,1236,-196.9,1787.48,11.0
687,LTGES0471a,36,1236,-196.9,1787.48,11.0
2160,LTGES1439a,1186,1187,-53.89,491.56,11.0
86,LTGES0058b,93,94,53.34,491.56,10.9
85,LTGES0058a,93,94,53.34,491.56,10.9
1326,LTGES0872,526,1097,-53.5,491.56,10.9
635,LTGES0439b,248,122,-193.89,1787.48,10.8
1775,LTGES1167,629,631,-53.15,491.56,10.8
634,LTGES0439a,248,122,-193.89,1787.48,10.8
661,LTGES0457a,382,384,-53.32,491.56,10.8
662,LTGES0457b,382,384,-53.32,491.56,10.8
732,LTGES0503,416,417,53.07,491.56,10.8
253,LTGES0182a,217,219,52.58,491.56,10.7
1588,LTGES1044b,607,1128,-190.88,1787.48,10.7
545,LTGES0378a,333,34,-52.58,491.56,10.7
976,LTGES0652b,678,143,191.27,1787.48,10.7
2269,TR_871b5827,190,191,-51.47,480.0,10.7
546,LTGES0378b,333,34,-52.58,491.56,10.7
977,LTGES0652c,678,143,191.27,1787.48,10.7
254,LTGES0182b,217,219,52.58,491.56,10.7
975,LTGES0652a,678,143,191.27,1787.48,10.7
1587,LTGES1044a,607,1128,-190.88,1787.48,10.7
1740,LTGES1144b,939,512,52.72,491.56,10.7
1739,LTGES1144a,939,512,52.72,491.56,10.7
1758,LTGES1155c,1056,485,-52.06,491.56,10.6
1757,LTGES1155b,1056,485,-52.06,491.56,10.6
1641,LTGES1081,789,790,-52.12,491.56,10.6
1756,LTGES1155a,1056,485,-52.06,491.56,10.6
142,LTGES0106,54,60,52.07,491.56,10.6
1111,LTGES0733,509,365,51.92,491.56,10.6
98,LTGES0067a,100,101,-51.7,491.56,10.5
570,LTGES0393,338,339,-51.76,491.56,10.5
530,LTGES0368,328,35,-187.13,1787.48,10.5
2089,LTGES1383,593,1029,-51.66,491.56,10.5
1498,LTGES0985,1006,217,-51.85,491.56,10.5
99,LTGES0067b,100,101,-51.7,491.56,10.5
1894,LTGES1241b,135,65,-51.29,491.56,10.4
1928,LTGES1262,1150,165,51.07,491.56,10.4
2214,TR_2336bf3a,972,973,-20.86,200.0,10.4
1893,LTGES1241a,135,65,-51.29,491.56,10.4
519,LTGES0360b,322,127,50.44,491.56,10.3
491,LTGES0339b,797,796,-50.61,491.56,10.3
341,LTGES0236a,257,757,-17.37,169.19,10.3
1986,LTGES1306,99,1176,-184.68,1787.48,10.3
518,LTGES0360a,322,127,50.44,491.56,10.3
490,LTGES0339a,797,796,-50.61,491.56,10.3
342,LTGES0236b,257,757,-17.37,169.19,10.3
1661,LTGES1095,475,618,-50.64,491.56,10.3
51,LTGES0033a,62,55,184.81,1787.48,10.3
52,LTGES0033b,62,55,184.81,1787.48,10.3
746,LTGES0513,853,1008,50.71,491.56,10.3
89,LTGES0061,99,58,184.68,1787.48,10.3
531,LTGES0369,330,811,-50.64,491.56,10.3
148,LTGES0111a,140,141,50.08,491.56,10.2
2237,TR_05391fc2,18,19,-76.14,750.0,10.2
745,LTGES0512,1008,853,-50.24,491.56,10.2
2215,TR_d8a27e68,974,975,-20.38,200.0,10.2
1525,LTGES1004,591,1035,-50.18,491.56,10.2
612,LTGES0425,356,929,181.75,1787.48,10.2
149,LTGES0111b,140,141,50.08,491.56,10.2
925,LTGES0621b,896,389,-179.73,1787.48,10.1
887,LTGES0600,463,889,-49.89,491.56,10.1
924,LTGES0621a,896,389,-179.73,1787.48,10.1
654,LTGES0452a,208,743,179.95,1787.48,10.1
655,LTGES0452b,208,743,179.95,1787.48,10.1
81,LTGES0055a,87,88,-48.92,491.56,10.0
734,LTGES0505,419,420,-49.29,491.56,10.0
82,LTGES0055b,87,88,-48.92,491.56,10.0
458,LTGES0315,1119,310,49.23,491.56,10.0
901,LTGES0607b,279,947,16.84,169.19,10.0
900,LTGES0607a,279,947,16.84,169.19,10.0
845,LTGES0572b,434,863,-49.24,491.56,10.0
1269,LTGES0834,103,997,-49.14,491.56,10.0
844,LTGES0572a,434,863,-49.24,491.56,10.0
319,LTGES0225a,246,249,16.94,169.19,10.0
567,LTGES0390,337,824,49.33,491.56,10.0
320,LTGES0225b,246,249,16.94,169.19,10.0
2053,LTGES1357,1065,1219,48.98,491.56,10.0
2274,TR_c5245018,217,218,-47.66,480.0,9.9
1931,LTGES1264b,35,327,177.83,1787.48,9.9
37,LTGES0023,41,43,-177.53,1787.48,9.9
2324,TR_e8bfe4d3,259,260,-29.72,300.0,9.9
1930,LTGES1264a,35,327,177.83,1787.48,9.9
617,LTGES0429a,361,362,176.17,1787.48,9.9
1698,LTGES1119b,20,1089,48.54,491.56,9.9
2247,TR_4eff5937,485,486,-47.47,480.0,9.9
618,LTGES0429b,361,362,176.17,1787.48,9.9
1697,LTGES1119a,20,1089,48.54,491.56,9.9
1120,LTGES0739,364,937,-48.23,491.56,9.8
495,LTGES0342,797,798,-47.98,491.56,9.8
578,LTGES0400,825,339,48.0,491.56,9.8
1822,LTGES1198,362,633,173.37,1787.48,9.7
1348,LTGES0889a,103,997,-47.44,491.56,9.7
2072,LTGES1371,649,650,-47.62,491.56,9.7
1001,LTGES0666,481,694,47.71,491.56,9.7
1349,LTGES0889b,103,997,-47.44,491.56,9.7
1354,LTGES0892a,162,160,172.47,1787.48,9.6
1496,LTGES0983,585,97,-47.07,491.56,9.6
1355,LTGES0892b,162,160,172.47,1787.48,9.6
2052,LTGES1356,1205,328,170.89,1787.48,9.6
2321,TR_047a855a,257,258,-18.98,200.0,9.5
1290,LTGES0849b,553,980,46.5,491.56,9.5
77,LTGES0052,85,55,169.37,1787.48,9.5
1005,LTGES0669a,908,13,-46.65,491.56,9.5
1289,LTGES0849a,553,980,46.5,491.56,9.5
1853,LTGES1215,421,1133,-46.48,491.56,9.5
1006,LTGES0669b,908,13,-46.65,491.56,9.5
197,LTGES0142b,129,88,46.31,491.56,9.4
196,LTGES0142a,129,88,46.31,491.56,9.4
1155,LTGES0760b,127,242,-46.27,491.56,9.4
1677,LTGES1106,583,1081,45.97,491.56,9.4
1154,LTGES0760a,127,242,-46.27,491.56,9.4
2128,LTGES1412b,666,403,165.58,1787.48,9.3
2127,LTGES1412a,666,403,165.58,1787.48,9.3
1291,LTGES0850a,170,552,-45.73,491.56,9.3
1292,LTGES0850b,170,552,-45.73,491.56,9.3
1356,LTGES0893,161,717,-45.28,491.56,9.2
437,LTGES0300,785,93,-45.0,491.56,9.2
581,LTGES0403,337,343,45.31,491.56,9.2
1628,LTGES1072b,170,1157,44.73,491.56,9.1
167,LTGES0124a,160,714,-162.17,1787.48,9.1
168,LTGES0124b,160,714,-162.17,1787.48,9.1
1157,LTGES0761b,127,242,-44.68,491.56,9.1
1156,LTGES0761a,127,242,-44.68,491.56,9.1
1627,LTGES1072a,170,1157,44.73,491.56,9.1
2246,TR_98b6cb57,484,485,-43.21,480.0,9.0
954,LTGES0639a,473,35,161.43,1787.48,9.0
955,LTGES0639b,473,35,161.43,1787.48,9.0
467,LTGES0322b,306,782,-44.34,491.56,9.0
466,LTGES0322a,306,782,-44.34,491.56,9.0
1164,LTGES0766a,22,992,43.58,491.56,8.9
1881,LTGES1233b,647,80,159.47,1787.48,8.9
1880,LTGES1233a,647,80,159.47,1787.48,8.9
243,LTGES0173a,731,963,43.74,491.56,8.9
912,LTGES0614,893,409,43.99,491.56,8.9
244,LTGES0173b,731,963,43.74,491.56,8.9
2271,TR_3b58070f,291,292,-17.77,200.0,8.9
449,LTGES0309a,308,196,-43.58,491.56,8.9
450,LTGES0309b,308,196,-43.58,491.56,8.9
2144,LTGES1424,748,750,43.76,491.56,8.9
1669,LTGES1101a,493,491,-43.76,491.56,8.9
252,LTGES0181,217,736,43.51,491.56,8.9
1846,LTGES1210b,1131,1129,158.26,1787.48,8.9
1165,LTGES0766b,22,992,43.58,491.56,8.9
1845,LTGES1210a,1131,1129,158.26,1787.48,8.9
1670,LTGES1101b,493,491,-43.76,491.56,8.9
376,LTGES0256b,234,260,43.36,491.56,8.8
2115,LTGES1402,667,1225,-43.09,491.56,8.8
239,LTGES0169b,208,203,157.73,1787.48,8.8
795,LTGES0546b,439,441,-43.04,491.56,8.8
238,LTGES0169a,208,203,157.73,1787.48,8.8
794,LTGES0546a,439,441,-43.04,491.56,8.8
375,LTGES0256a,234,260,43.36,491.56,8.8
2248,TR_3849e2ae,909,910,-17.31,200.0,8.7
1403,LTGES0921,981,554,-156.39,1787.48,8.7
127,LTGES0089,79,691,155.39,1787.48,8.7
431,LTGES0296a,785,700,42.79,491.56,8.7
129,LTGES0091,127,131,-42.81,491.56,8.7
432,LTGES0296b,785,700,42.79,491.56,8.7
2141,LTGES1422b,447,1235,153.85,1787.48,8.6
898,LTGES0606a,280,948,42.12,491.56,8.6
427,LTGES0292,783,302,-42.43,491.56,8.6
1344,LTGES0886,723,972,-42.37,491.56,8.6
899,LTGES0606b,280,948,42.12,491.56,8.6
1821,LTGES1197,633,356,154.04,1787.48,8.6
2328,TR_f70b66d0,232,233,-17.29,200.0,8.6
131,LTGES0093a,40,132,-42.4,491.56,8.6
675,LTGES0464b,835,836,42.08,491.56,8.6
2140,LTGES1422a,447,1235,153.85,1787.48,8.6
674,LTGES0464a,835,836,42.08,491.56,8.6
132,LTGES0093b,40,132,-42.4,491.56,8.6
1229,LTGES0806a,133,960,-41.99,491.56,8.5
1817,LTGES1193a,467,632,41.86,491.56,8.5
1122,LTGES0741a,511,937,-41.61,491.56,8.5
1715,LTGES1128b,182,186,41.74,491.56,8.5
535,LTGES0372,330,331,41.97,491.56,8.5
1230,LTGES0806b,133,960,-41.99,491.56,8.5
1714,LTGES1128a,182,186,41.74,491.56,8.5
1818,LTGES1193b,467,632,41.86,491.56,8.5
1123,LTGES0741b,511,937,-41.61,491.56,8.5
1780,LTGES1171b,593,591,-41.43,491.56,8.4
366,LTGES0251,270,762,41.22,491.56,8.4
2135,LTGES1418,309,199,41.53,491.56,8.4
527,LTGES0365,327,328,-150.38,1787.48,8.4
1916,LTGES1255a,649,650,-41.1,491.56,8.4
1917,LTGES1255b,649,650,-41.1,491.56,8.4
1779,LTGES1171a,593,591,-41.43,491.56,8.4
58,LTGES0039,686,39,150.89,1787.48,8.4
2245,TR_6b7707a8,598,599,-16.74,200.0,8.4
562,LTGES0388a,814,337,41.07,491.56,8.4
564,LTGES0388c,814,337,41.07,491.56,8.4
2145,LTGES1425,748,231,41.21,491.56,8.4
563,LTGES0388b,814,337,41.07,491.56,8.4
2275,TR_01096471,493,494,39.65,480.0,8.3
510,LTGES0353,801,802,40.74,491.56,8.3
1659,LTGES1094a,476,35,148.64,1787.48,8.3
1085,LTGES0715b,927,504,40.59,491.56,8.3
707,LTGES0483b,69,17,148.32,1787.48,8.3
706,LTGES0483a,69,17,148.32,1787.48,8.3
1084,LTGES0715a,927,504,40.59,491.56,8.3
1660,LTGES1094b,476,35,148.64,1787.48,8.3
2224,TR_2d6a60de,498,499,-24.79,300.0,8.3
1418,LTGES0932,916,308,-40.88,491.56,8.3
1539,LTGES1012b,596,598,-14.1,169.19,8.3
1100,LTGES0725b,240,938,41.04,491.56,8.3
1538,LTGES1012a,596,598,-14.1,169.19,8.3
1574,LTGES1036a,78,245,-40.72,491.56,8.3
68,LTGES0046a,698,78,-40.68,491.56,8.3
69,LTGES0046b,698,78,-40.68,491.56,8.3
1576,LTGES1036c,78,245,-40.72,491.56,8.3
511,LTGES0354,801,802,40.74,491.56,8.3
1575,LTGES1036b,78,245,-40.72,491.56,8.3
1099,LTGES0725a,240,938,41.04,491.56,8.3
1432,LTGES0940b,1092,531,-40.17,491.56,8.2
920,LTGES0619a,896,894,146.0,1787.48,8.2
1398,LTGES0918a,997,976,-40.23,491.56,8.2
1399,LTGES0918b,997,976,-40.23,491.56,8.2
921,LTGES0619b,896,894,146.0,1787.48,8.2
1431,LTGES0940a,1092,531,-40.17,491.56,8.2
1999,LTGES1318,597,1213,-40.11,491.56,8.2
1787,LTGES1177a,254,247,40.32,491.56,8.2
1772,LTGES1165,628,1103,13.8,169.19,8.2
1788,LTGES1177b,254,247,40.32,491.56,8.2
1400,LTGES0918c,997,976,-40.23,491.56,8.2
2270,TR_c22e81d6,293,294,-16.18,200.0,8.1
1735,LTGES1141b,954,993,144.51,1787.48,8.1
1734,LTGES1141a,954,993,144.51,1787.48,8.1
759,LTGES0524a,857,424,-39.93,491.56,8.1
709,LTGES0485,843,842,-40.03,491.56,8.1
222,LTGES0159a,56,127,-39.75,491.56,8.1
223,LTGES0159b,56,127,-39.75,491.56,8.1
123,LTGES0086,115,122,145.4,1787.48,8.1
760,LTGES0524b,857,424,-39.93,491.56,8.1
859,LTGES0582,394,455,-143.11,1787.48,8.0
504,LTGES0349b,802,112,39.31,491.56,8.0
1662,LTGES1096a,341,1160,-39.33,491.56,8.0
1663,LTGES1096b,341,1160,-39.33,491.56,8.0
780,LTGES0539a,434,432,39.3,491.56,8.0
503,LTGES0349a,802,112,39.31,491.56,8.0
1386,LTGES0911,153,781,39.21,491.56,8.0
1948,LTGES1274,654,1064,-142.41,1787.48,8.0
126,LTGES0088,43,79,143.35,1787.48,8.0
781,LTGES0539b,434,432,39.3,491.56,8.0
2075,LTGES1373a,696,87,-38.84,491.56,7.9
1545,LTGES1016a,600,436,-38.94,491.56,7.9
1546,LTGES1016b,600,436,-38.94,491.56,7.9
2076,LTGES1373b,696,87,-38.84,491.56,7.9
1690,LTGES1115b,22,991,38.94,491.56,7.9
1062,LTGES0702a,455,394,141.06,1787.48,7.9
1868,LTGES1226a,618,646,39.01,491.56,7.9
2082,LTGES1379,131,324,-38.8,491.56,7.9
1834,LTGES1206b,1128,1129,-140.41,1787.48,7.9
1833,LTGES1206a,1128,1129,-140.41,1787.48,7.9
1063,LTGES0702b,455,394,141.06,1787.48,7.9
1689,LTGES1115a,22,991,38.94,491.56,7.9
1385,LTGES0910,722,781,-38.83,491.56,7.9
1869,LTGES1226b,618,646,39.01,491.56,7.9
1882,LTGES1234a,448,621,-38.29,491.56,7.8
1132,LTGES0746,932,510,38.27,491.56,7.8
94,LTGES0065a,769,38,38.35,491.56,7.8
1885,LTGES1235b,448,621,-38.29,491.56,7.8
1590,LTGES1046,1047,1048,38.29,491.56,7.8
1883,LTGES1234b,448,621,-38.29,491.56,7.8
95,LTGES0065b,769,38,38.35,491.56,7.8
1884,LTGES1235a,448,621,-38.29,491.56,7.8
1377,LTGES0905a,771,567,138.13,1787.48,7.7
2099,LTGES1390,411,661,-38.02,491.56,7.7
1745,LTGES1148b,318,800,37.88,491.56,7.7
403,LTGES0275,287,285,-37.92,491.56,7.7
1744,LTGES1148a,318,800,37.88,491.56,7.7
1378,LTGES0905b,771,567,138.13,1787.48,7.7
1265,LTGES0832a,72,540,136.62,1787.48,7.6
1713,LTGES1127b,713,139,37.12,491.56,7.6
592,LTGES0409b,271,350,135.83,1787.48,7.6
1712,LTGES1127a,713,139,37.12,491.56,7.6
591,LTGES0409a,271,350,135.83,1787.48,7.6
1266,LTGES0832b,72,540,136.62,1787.48,7.6
402,LTGES0274,287,285,-37.35,491.56,7.6
448,LTGES0308,196,83,36.67,491.56,7.5
1609,LTGES1058a,1146,1057,-37.01,491.56,7.5
2017,LTGES1329a,149,133,-37.03,491.56,7.5
1054,LTGES0695b,923,922,36.99,491.56,7.5
1610,LTGES1058b,1146,1057,-37.01,491.56,7.5
905,LTGES0610b,81,298,-36.98,491.56,7.5
184,LTGES0135,716,166,-36.88,491.56,7.5
1439,LTGES0945,1082,294,-133.83,1787.48,7.5
1678,LTGES1108,1083,622,36.82,491.56,7.5
904,LTGES0610a,81,298,-36.98,491.56,7.5
1053,LTGES0695a,923,922,36.99,491.56,7.5
2018,LTGES1329b,149,133,-37.03,491.56,7.5
664,LTGES0458b,385,386,-36.61,491.56,7.4
382,LTGES0259b,771,770,-131.64,1787.48,7.4
663,LTGES0458a,385,386,-36.61,491.56,7.4
381,LTGES0259a,771,770,-131.64,1787.48,7.4
271,LTGES0197,958,186,36.15,491.56,7.4
404,LTGES0276,288,285,35.93,491.56,7.3
1774,LTGES1166b,1104,1102,35.79,491.56,7.3
2191,TR_0e0d82af,127,128,217.84,3000.0,7.3
2067,LTGES1364b,1207,1119,35.96,491.56,7.3
121,LTGES0085a,116,117,-36.04,491.56,7.3
1989,LTGES1309,131,662,-35.71,491.56,7.3
2066,LTGES1364a,1207,1119,35.96,491.56,7.3
122,LTGES0085b,116,117,-36.04,491.56,7.3
1773,LTGES1166a,1104,1102,35.79,491.56,7.3
1837,LTGES1207c,638,1131,126.31,1787.48,7.1
554,LTGES0383,335,820,-34.72,491.56,7.1
1836,LTGES1207b,638,1131,126.31,1787.48,7.1
1981,LTGES1303a,1174,332,-34.82,491.56,7.1
1838,LTGES1207d,638,1131,126.31,1787.48,7.1
1581,LTGES1039,317,710,34.68,491.56,7.1
1982,LTGES1303b,1174,332,-34.82,491.56,7.1
1835,LTGES1207a,638,1131,126.31,1787.48,7.1
2249,TR_63348a57,911,912,-14.12,200.0,7.1
1461,LTGES0957,579,580,-127.55,1787.48,7.1
219,LTGES0156,190,194,34.37,491.56,7.0
1446,LTGES0950b,575,576,34.55,491.56,7.0
2095,LTGES1387,622,1215,-34.2,491.56,7.0
1543,LTGES1015a,225,600,34.17,491.56,7.0
1445,LTGES0950a,575,576,34.55,491.56,7.0
1495,LTGES0982b,1021,1020,34.27,491.56,7.0
405,LTGES0277,288,285,34.44,491.56,7.0
926,LTGES0622a,467,385,-34.41,491.56,7.0
1544,LTGES1015b,225,600,34.17,491.56,7.0
1494,LTGES0982a,1021,1020,34.27,491.56,7.0
927,LTGES0622b,467,385,-34.41,491.56,7.0
311,LTGES0222a,244,120,-11.6,169.19,6.9
315,LTGES0223b,244,120,-11.6,169.19,6.9
1128,LTGES0744a,508,512,-34.16,491.56,6.9
2022,LTGES1332b,501,924,34.01,491.56,6.9
313,LTGES0222c,244,120,-11.6,169.19,6.9
285,LTGES0207,748,233,33.89,491.56,6.9
1129,LTGES0744b,508,512,-34.16,491.56,6.9
316,LTGES0223c,244,120,-11.6,169.19,6.9
2021,LTGES1332a,501,924,34.01,491.56,6.9
312,LTGES0222b,244,120,-11.6,169.19,6.9
2023,LTGES1332c,501,924,34.01,491.56,6.9
314,LTGES0223a,244,120,-11.6,169.19,6.9
799,LTGES0548b,439,442,33.37,491.56,6.8
798,LTGES0548a,439,442,33.37,491.56,6.8
301,LTGES0217a,239,753,-121.67,1787.48,6.8
302,LTGES0217b,239,753,-121.67,1787.48,6.8
1282,LTGES0843b,979,547,-119.1,1787.48,6.7
56,LTGES0037,41,684,-120.34,1787.48,6.7
147,LTGES0110,41,218,120.19,1787.48,6.7
1589,LTGES1045,606,1047,33.02,491.56,6.7
1264,LTGES0831,72,539,120.03,1787.48,6.7
2110,LTGES1398,1209,670,32.76,491.56,6.7
801,LTGES0549b,435,443,-32.95,491.56,6.7
1281,LTGES0843a,979,547,-119.1,1787.48,6.7
800,LTGES0549a,435,443,-32.95,491.56,6.7
1429,LTGES0939a,97,1009,-32.55,491.56,6.6
950,LTGES0636b,715,164,-11.14,169.19,6.6
497,LTGES0344a,712,317,32.25,491.56,6.6
498,LTGES0344b,712,317,32.25,491.56,6.6
949,LTGES0636a,715,164,-11.14,169.19,6.6
2322,TR_23eddb22,757,758,-13.15,200.0,6.6
1861,LTGES1221,642,131,32.25,491.56,6.6
1723,LTGES1133,793,123,32.28,491.56,6.6
1430,LTGES0939b,97,1009,-32.55,491.56,6.6
582,LTGES0404,337,335,31.85,491.56,6.5
896,LTGES0605a,465,81,31.73,491.56,6.5
897,LTGES0605b,465,81,31.73,491.56,6.5
1562,LTGES1028a,118,115,-115.25,1787.48,6.4
2317,TR_5dccfcf1,113,114,-12.77,200.0,6.4
2319,TR_a4b2c097,255,256,-12.81,200.0,6.4
2029,LTGES1336,1194,519,-31.46,491.56,6.4
465,LTGES0321b,788,311,31.45,491.56,6.4
1563,LTGES1028b,118,115,-115.25,1787.48,6.4
1506,LTGES0989b,586,417,-31.67,491.56,6.4
464,LTGES0321a,788,311,31.45,491.56,6.4
1505,LTGES0989a,586,417,-31.67,491.56,6.4
750,LTGES0517,1211,856,31.51,491.56,6.4
574,LTGES0396,339,902,-31.67,491.56,6.4
364,LTGES0249,270,976,30.76,491.56,6.3
1531,LTGES1008a,432,594,30.82,491.56,6.3
1532,LTGES1008b,432,594,30.82,491.56,6.3
1393,LTGES0916a,976,723,-31.05,491.56,6.3
1394,LTGES0916b,976,723,-31.05,491.56,6.3
1657,LTGES1092,1232,616,31.13,491.56,6.3
435,LTGES0298b,783,786,30.43,491.56,6.2
1109,LTGES0731b,509,933,30.7,491.56,6.2
1108,LTGES0731a,509,933,30.7,491.56,6.2
400,LTGES0272,285,284,-30.53,491.56,6.2
1379,LTGES0906a,567,954,111.31,1787.48,6.2
1790,LTGES1178b,253,246,10.56,169.19,6.2
1380,LTGES0906b,567,954,111.31,1787.48,6.2
1789,LTGES1178a,253,246,10.56,169.19,6.2
434,LTGES0298a,783,786,30.43,491.56,6.2
1807,LTGES1185b,220,42,-30.07,491.56,6.1
841,LTGES0570a,80,877,-109.78,1787.48,6.1
1806,LTGES1185a,220,42,-30.07,491.56,6.1
1983,LTGES1304a,1175,1174,-30.09,491.56,6.1
1984,LTGES1304b,1175,1174,-30.09,491.56,6.1
842,LTGES0570b,80,877,-109.78,1787.48,6.1
1842,LTGES1208d,637,1130,29.35,491.56,6.0
1841,LTGES1208c,637,1130,29.35,491.56,6.0
1255,LTGES0824,188,535,-29.35,491.56,6.0
1183,LTGES0775b,225,47,29.58,491.56,6.0
1451,LTGES0953a,577,576,-29.66,491.56,6.0
1839,LTGES1208a,637,1130,29.35,491.56,6.0
784,LTGES0541a,433,208,106.52,1787.48,6.0
482,LTGES0331b,302,784,29.26,491.56,6.0
87,LTGES0059,95,44,29.56,491.56,6.0
785,LTGES0541b,433,208,106.52,1787.48,6.0
209,LTGES0150b,182,742,29.42,491.56,6.0
208,LTGES0150a,182,742,29.42,491.56,6.0
1840,LTGES1208b,637,1130,29.35,491.56,6.0
1182,LTGES0775a,225,47,29.58,491.56,6.0
1452,LTGES0953b,577,576,-29.66,491.56,6.0
481,LTGES0331a,302,784,29.26,491.56,6.0
1106,LTGES0730a,365,508,-28.82,491.56,5.9
3,LTGES0002a,729,1086,28.83,491.56,5.9
157,LTGES0115b,150,134,104.76,1787.48,5.9
156,LTGES0115a,150,134,104.76,1787.48,5.9
1812,LTGES1189a,154,162,-105.63,1787.48,5.9
2171,LTGES1446b,1236,394,104.61,1787.48,5.9
1813,LTGES1189b,154,162,-105.63,1787.48,5.9
2170,LTGES1446a,1236,394,104.61,1787.48,5.9
1119,LTGES0738,364,510,28.84,491.56,5.9
4,LTGES0002b,729,1086,28.83,491.56,5.9
1107,LTGES0730b,365,508,-28.82,491.56,5.9
599,LTGES0414,345,1064,103.84,1787.48,5.8
1096,LTGES0723,930,931,-102.99,1787.48,5.8
1470,LTGES0963,427,852,27.98,491.56,5.7
55,LTGES0036,66,39,101.4,1787.48,5.7
558,LTGES0386a,823,814,28.13,491.56,5.7
1542,LTGES1014b,73,1033,27.93,491.56,5.7
559,LTGES0386b,823,814,28.13,491.56,5.7
1541,LTGES1014a,73,1033,27.93,491.56,5.7
516,LTGES0358,67,323,101.75,1787.48,5.7
231,LTGES0165b,203,53,102.65,1787.48,5.7
415,LTGES0285b,294,292,-102.41,1787.48,5.7
293,LTGES0211b,758,236,28.14,491.56,5.7
1469,LTGES0962,427,852,27.98,491.56,5.7
277,LTGES0202,703,741,101.96,1787.48,5.7
230,LTGES0165a,203,53,102.65,1787.48,5.7
292,LTGES0211a,758,236,28.14,491.56,5.7
1442,LTGES0947,1012,292,-102.42,1787.48,5.7
1777,LTGES1169,787,1105,27.85,491.56,5.7
414,LTGES0285a,294,292,-102.41,1787.48,5.7
1907,LTGES1249a,447,1148,-99.41,1787.48,5.6
1075,LTGES0710a,498,925,27.36,491.56,5.6
1910,LTGES1250b,447,1148,-99.41,1787.48,5.6
1076,LTGES0710b,498,925,27.36,491.56,5.6
1513,LTGES0994b,1024,1023,-27.75,491.56,5.6
1909,LTGES1250a,447,1148,-99.41,1787.48,5.6
1134,LTGES0747b,932,940,27.73,491.56,5.6
575,LTGES0397,340,341,-27.68,491.56,5.6
1908,LTGES1249b,447,1148,-99.41,1787.48,5.6
1133,LTGES0747a,932,940,27.73,491.56,5.6
1512,LTGES0994a,1024,1023,-27.75,491.56,5.6
198,LTGES0143,722,689,27.39,491.56,5.6
2025,LTGES1334a,1220,1186,-27.21,491.56,5.5
303,LTGES0218a,238,241,97.84,1787.48,5.5
1717,LTGES1129b,742,184,27.05,491.56,5.5
1387,LTGES0912,859,159,-26.96,491.56,5.5
304,LTGES0218b,238,241,97.84,1787.48,5.5
2042,LTGES1346a,1195,1196,-27.06,491.56,5.5
327,LTGES0229a,251,754,9.23,169.19,5.5
2043,LTGES1346b,1195,1196,-27.06,491.56,5.5
1716,LTGES1129a,742,184,27.05,491.56,5.5
299,LTGES0216a,238,239,-99.2,1787.48,5.5
328,LTGES0229b,251,754,9.23,169.19,5.5
300,LTGES0216b,238,239,-99.2,1787.48,5.5
2026,LTGES1334b,1220,1186,-27.21,491.56,5.5
1877,LTGES1231,149,133,-26.62,491.56,5.4
1634,LTGES1076,296,1147,26.64,491.56,5.4
1850,LTGES1213,1127,859,-26.66,491.56,5.4
708,LTGES0484,843,1150,26.75,491.56,5.4
460,LTGES0317,310,311,26.67,491.56,5.4
21,LTGES0013a,18,1085,25.97,491.56,5.3
1592,LTGES1047b,606,402,26.25,491.56,5.3
1188,LTGES0778a,870,12,95.13,1787.48,5.3
1186,LTGES0777a,870,12,95.13,1787.48,5.3
1189,LTGES0778b,870,12,95.13,1787.48,5.3
22,LTGES0013b,18,1085,25.97,491.56,5.3
340,LTGES0235b,258,758,-26.1,491.56,5.3
1333,LTGES0877,224,220,26.1,491.56,5.3
255,LTGES0183,741,43,95.27,1787.48,5.3
1591,LTGES1047a,606,402,26.25,491.56,5.3
339,LTGES0235a,258,758,-26.1,491.56,5.3
1488,LTGES0977,1019,583,-26.06,491.56,5.3
1187,LTGES0777b,870,12,95.13,1787.48,5.3
19,LTGES0012a,1065,22,-25.57,491.56,5.2
1731,LTGES1139a,983,557,25.37,491.56,5.2
1950,LTGES1276,355,1154,25.34,491.56,5.2
2123,LTGES1410a,1231,22,-25.71,491.56,5.2
2124,LTGES1410b,1231,22,-25.71,491.56,5.2
20,LTGES0012b,1065,22,-25.57,491.56,5.2
1732,LTGES1139b,983,557,25.37,491.56,5.2
1607,LTGES1057a,259,232,-8.65,169.19,5.1
1800,LTGES1182c,90,697,8.63,169.19,5.1
1799,LTGES1182b,90,697,8.63,169.19,5.1
552,LTGES0382a,820,8,25.2,491.56,5.1
1608,LTGES1057b,259,232,-8.65,169.19,5.1
1803,LTGES1183c,90,697,8.63,169.19,5.1
50,LTGES0032,689,60,25.13,491.56,5.1
278,LTGES0203,721,154,-90.32,1787.48,5.1
1798,LTGES1182a,90,697,8.63,169.19,5.1
1802,LTGES1183b,90,697,8.63,169.19,5.1
957,LTGES0640b,426,339,25.11,491.56,5.1
1801,LTGES1183a,90,697,8.63,169.19,5.1
553,LTGES0382b,820,8,25.2,491.56,5.1
956,LTGES0640a,426,339,25.11,491.56,5.1
57,LTGES0038,684,686,90.14,1787.48,5.0
1577,LTGES1037a,77,244,8.54,169.19,5.0
1547,LTGES1017a,594,601,24.82,491.56,5.0
520,LTGES0361a,806,511,-24.79,491.56,5.0
1578,LTGES1037b,77,244,8.54,169.19,5.0
521,LTGES0361b,806,511,-24.79,491.56,5.0
1548,LTGES1017b,594,601,24.82,491.56,5.0
1579,LTGES1037c,77,244,8.54,169.19,5.0
1507,LTGES0990,417,586,24.82,491.56,5.0
2239,TR_19887143,73,74,14.75,300.0,4.9
201,LTGES0146,159,730,24.07,491.56,4.9
1767,LTGES1160b,380,1185,23.94,491.56,4.9
1260,LTGES0827c,1005,313,23.86,491.56,4.9
1259,LTGES0827b,1005,313,23.86,491.56,4.9
2345,TR_1567d725,619,620,-93.35,1890.0,4.9
2205,TR_65fab876,180,181,-9.74,200.0,4.9
1980,LTGES1302,709,1173,-24.13,491.56,4.9
1258,LTGES0827a,1005,313,23.86,491.56,4.9
1766,LTGES1160a,380,1185,23.94,491.56,4.9
96,LTGES0066a,44,38,-23.57,491.56,4.8
97,LTGES0066b,44,38,-23.57,491.56,4.8
462,LTGES0319,784,787,-23.36,491.56,4.8
66,LTGES0044,692,766,-23.63,491.56,4.8
263,LTGES0190,221,740,86.23,1787.48,4.8
1987,LTGES1307,1177,1176,85.07,1787.48,4.8
1886,LTGES1236a,679,648,23.22,491.56,4.7
1367,LTGES0897,860,565,-23.03,491.56,4.7
922,LTGES0620a,894,468,83.96,1787.48,4.7
447,LTGES0307,308,83,23.23,491.56,4.7
1887,LTGES1236b,679,648,23.22,491.56,4.7
1375,LTGES0903,740,62,83.31,1787.48,4.7
923,LTGES0620b,894,468,83.96,1787.48,4.7
2265,TR_2cf031ef,38,39,22.21,480.0,4.6
793,LTGES0545b,437,439,-22.54,491.56,4.6
792,LTGES0545a,437,439,-22.54,491.56,4.6
2241,TR_9238fc7c,199,200,9.17,200.0,4.6
1343,LTGES0885,974,764,-22.84,491.56,4.6
1645,LTGES1085a,613,501,-22.67,491.56,4.6
1646,LTGES1085b,613,501,-22.67,491.56,4.6
346,LTGES0238b,757,259,-7.65,169.19,4.5
29,LTGES0018,26,706,21.9,491.56,4.5
695,LTGES0475,395,398,22.36,491.56,4.5
369,LTGES0253b,271,273,81.26,1787.48,4.5
371,LTGES0253d,271,273,81.26,1787.48,4.5
1580,LTGES1038,319,1223,22.21,491.56,4.5
829,LTGES0563b,732,874,22.19,491.56,4.5
370,LTGES0253c,271,273,81.26,1787.48,4.5
368,LTGES0253a,271,273,81.26,1787.48,4.5
828,LTGES0563a,732,874,22.19,491.56,4.5
830,LTGES0563c,732,874,22.19,491.56,4.5
345,LTGES0238a,757,259,-7.65,169.19,4.5
831,LTGES0563d,732,874,22.19,491.56,4.5
1215,LTGES0798,182,184,22.2,491.56,4.5
1997,LTGES1316b,566,1183,21.44,491.56,4.4
2169,LTGES1445b,283,676,-21.73,491.56,4.4
2168,LTGES1445a,283,676,-21.73,491.56,4.4
556,LTGES0385a,335,821,21.4,491.56,4.4
557,LTGES0385b,335,821,21.4,491.56,4.4
1996,LTGES1316a,566,1183,21.44,491.56,4.4
2309,TR_7cb91515,253,254,-8.68,200.0,4.3
457,LTGES0314,125,1119,-21.21,491.56,4.3
125,LTGES0087b,124,126,77.37,1787.48,4.3
407,LTGES0278b,775,289,-21.27,491.56,4.3
883,LTGES0597,887,281,20.96,491.56,4.3
406,LTGES0278a,775,289,-21.27,491.56,4.3
494,LTGES0341b,795,794,-21.31,491.56,4.3
2303,TR_a6acaf6d,246,247,-12.75,300.0,4.3
493,LTGES0341a,795,794,-21.31,491.56,4.3
114,LTGES0080,703,721,-77.48,1787.48,4.3
124,LTGES0087a,124,126,77.37,1787.48,4.3
1434,LTGES0942a,851,573,75.63,1787.48,4.2
1179,LTGES0773b,520,175,-20.67,491.56,4.2
1178,LTGES0773a,520,175,-20.67,491.56,4.2
1435,LTGES0942b,851,573,75.63,1787.48,4.2
2111,LTGES1399,1222,132,-20.71,491.56,4.2
1466,LTGES0960b,852,581,20.43,491.56,4.2
1492,LTGES0980,585,1021,20.51,491.56,4.2
1097,LTGES0724a,92,931,-75.87,1787.48,4.2
1098,LTGES0724b,92,931,-75.87,1787.48,4.2
1465,LTGES0960a,852,581,20.43,491.56,4.2
298,LTGES0215,753,693,75.76,1787.48,4.2
1026,LTGES0677b,903,912,74.48,1787.48,4.2
1025,LTGES0677a,903,912,74.48,1787.48,4.2
1334,LTGES0878,737,221,-72.43,1787.48,4.1
723,LTGES0498a,64,412,72.54,1787.48,4.1
811,LTGES0554a,867,379,-19.97,491.56,4.1
1602,LTGES1054b,1052,140,-20.35,491.56,4.1
724,LTGES0498b,64,412,72.54,1787.48,4.1
812,LTGES0554b,867,379,-19.97,491.56,4.1
2080,LTGES1377,665,634,20.4,491.56,4.1
1601,LTGES1054a,1052,140,-20.35,491.56,4.1
1809,LTGES1187,1084,1115,-20.28,491.56,4.1
1825,LTGES1200,634,1121,19.5,491.56,4.0
436,LTGES0299,1105,783,19.69,491.56,4.0
1583,LTGES1041,1042,604,-19.59,491.56,4.0
199,LTGES0144,160,174,-71.1,1787.48,4.0
258,LTGES0186,221,43,-71.54,1787.48,4.0
240,LTGES0170,209,746,19.66,491.56,4.0
323,LTGES0227a,249,251,6.5,169.19,3.8
1721,LTGES1132a,182,627,18.74,491.56,3.8
623,LTGES0432b,362,1145,68.3,1787.48,3.8
324,LTGES0227b,249,251,6.5,169.19,3.8
283,LTGES0206a,750,231,-18.57,491.56,3.8
396,LTGES0269a,282,283,-18.51,491.56,3.8
1722,LTGES1132b,182,627,18.74,491.56,3.8
284,LTGES0206b,750,231,-18.57,491.56,3.8
251,LTGES0180,98,218,-67.73,1787.48,3.8
622,LTGES0432a,362,1145,68.3,1787.48,3.8
397,LTGES0269b,282,283,-18.51,491.56,3.8
2302,TR_161e09c2,249,250,-7.46,200.0,3.7
204,LTGES0148a,726,179,-63.55,1787.48,3.6
2013,LTGES1327b,142,679,17.45,491.56,3.6
2012,LTGES1327a,142,679,17.45,491.56,3.6
2015,LTGES1327d,142,679,17.45,491.56,3.6
1176,LTGES0772a,519,520,-17.75,491.56,3.6
1417,LTGES0931b,88,914,17.76,491.56,3.6
1177,LTGES0772b,519,520,-17.75,491.56,3.6
2014,LTGES1327c,142,679,17.45,491.56,3.6
1464,LTGES0959,578,581,17.71,491.56,3.6
1768,LTGES1161,314,604,-17.86,491.56,3.6
477,LTGES0329a,762,764,17.51,491.56,3.6
1988,LTGES1308,1178,661,17.73,491.56,3.6
478,LTGES0329b,762,764,17.51,491.56,3.6
205,LTGES0148b,726,179,-63.55,1787.48,3.6
1416,LTGES0931a,88,914,17.76,491.56,3.6
265,LTGES0192,227,190,-17.1,491.56,3.5
1490,LTGES0978b,1019,584,-17.02,491.56,3.5
1489,LTGES0978a,1019,584,-17.02,491.56,3.5
1206,LTGES0794a,184,182,-17.0,491.56,3.5
1482,LTGES0972b,45,291,-16.98,491.56,3.5
1644,LTGES1084b,612,1086,-17.29,491.56,3.5
1207,LTGES0794b,184,182,-17.0,491.56,3.5
1643,LTGES1084a,612,1086,-17.29,491.56,3.5
1481,LTGES0972a,45,291,-16.98,491.56,3.5
980,LTGES0653c,677,142,-16.92,491.56,3.4
981,LTGES0654a,677,142,-16.92,491.56,3.4
1720,LTGES1131b,492,1071,16.51,491.56,3.4
1345,LTGES0887,724,973,60.99,1787.48,3.4
1761,LTGES1157a,598,484,-5.73,169.19,3.4
1115,LTGES0736a,936,935,16.73,491.56,3.4
408,LTGES0279,289,286,-16.48,491.56,3.4
1719,LTGES1131a,492,1071,16.51,491.56,3.4
1310,LTGES0861b,984,556,-16.69,491.56,3.4
1309,LTGES0861a,984,556,-16.69,491.56,3.4
982,LTGES0654b,677,142,-16.92,491.56,3.4
979,LTGES0653b,677,142,-16.92,491.56,3.4
978,LTGES0653a,677,142,-16.92,491.56,3.4
1762,LTGES1157b,598,484,-5.73,169.19,3.4
983,LTGES0654c,677,142,-16.92,491.56,3.4
1116,LTGES0736b,936,935,16.73,491.56,3.4
189,LTGES0138b,170,101,16.09,491.56,3.3
387,LTGES0262a,278,773,16.28,491.56,3.3
1320,LTGES0868b,527,558,16.19,491.56,3.3
2223,TR_dd8f0a25,764,765,-6.5,200.0,3.3
2136,LTGES1419,152,59,16.17,491.56,3.3
1738,LTGES1143b,1094,939,-16.11,491.56,3.3
1319,LTGES0868a,527,558,16.19,491.56,3.3
188,LTGES0138a,170,101,16.09,491.56,3.3
388,LTGES0262b,278,773,16.28,491.56,3.3
1101,LTGES0726,506,930,-58.44,1787.48,3.3
1725,LTGES1135,1034,979,59.78,1787.48,3.3
1737,LTGES1143a,1094,939,-16.11,491.56,3.3
791,LTGES0544b,865,864,15.78,491.56,3.2
1460,LTGES0956b,993,46,57.13,1787.48,3.2
846,LTGES0573a,879,450,15.64,491.56,3.2
1671,LTGES1102,289,286,-15.72,491.56,3.2
790,LTGES0544a,865,864,15.78,491.56,3.2
1459,LTGES0956a,993,46,57.13,1787.48,3.2
1504,LTGES0988b,734,586,-15.65,491.56,3.2
2279,TR_59f3a3c3,358,359,-15.23,480.0,3.2
1503,LTGES0988a,734,586,-15.65,491.56,3.2
847,LTGES0573b,879,450,15.64,491.56,3.2
903,LTGES0609,280,891,15.81,491.56,3.2
1942,LTGES1270a,684,652,-55.84,1787.48,3.1
1797,LTGES1181c,91,698,-15.31,491.56,3.1
1943,LTGES1270b,684,652,-55.84,1787.48,3.1
1796,LTGES1181b,91,698,-15.31,491.56,3.1
272,LTGES0198,224,229,-15.43,491.56,3.1
118,LTGES0083a,116,119,15.16,491.56,3.1
1463,LTGES0958b,580,568,-54.86,1787.48,3.1
2142,LTGES1423a,1235,1078,56.25,1787.48,3.1
1795,LTGES1181a,91,698,-15.31,491.56,3.1
627,LTGES0435a,241,832,-55.95,1787.48,3.1
2046,LTGES1349,1200,664,-15.22,491.56,3.1
1462,LTGES0958a,580,568,-54.86,1787.48,3.1
628,LTGES0435b,241,832,-55.95,1787.48,3.1
119,LTGES0083b,116,119,15.16,491.56,3.1
2143,LTGES1423b,1235,1078,56.25,1787.48,3.1
2273,TR_4422f4c8,388,389,-90.61,3000.0,3.0
2129,LTGES1413a,929,506,52.94,1787.48,3.0
832,LTGES0564,873,106,-14.94,491.56,3.0
484,LTGES0333,314,793,14.97,491.56,3.0
2130,LTGES1413b,929,506,52.94,1787.48,3.0
363,LTGES0248,269,763,-51.22,1787.48,2.9
1605,LTGES1056a,260,233,14.15,491.56,2.9
2091,LTGES1385a,622,409,-14.26,491.56,2.9
1872,LTGES1228a,184,627,-14.17,491.56,2.9
1534,LTGES1009b,595,1030,-52.6,1787.48,2.9
513,LTGES0356a,127,801,14.12,491.56,2.9
1533,LTGES1009a,595,1030,-52.6,1787.48,2.9
2092,LTGES1385b,622,409,-14.26,491.56,2.9
514,LTGES0356b,127,801,14.12,491.56,2.9
282,LTGES0205b,747,5,-14.44,491.56,2.9
1606,LTGES1056b,260,233,14.15,491.56,2.9
1873,LTGES1228b,184,627,-14.17,491.56,2.9
281,LTGES0205a,747,5,-14.44,491.56,2.9
2226,TR_5c931ebf,762,763,-5.67,200.0,2.8
625,LTGES0433b,1145,350,49.84,1787.48,2.8
624,LTGES0433a,1145,350,49.84,1787.48,2.8
1447,LTGES0951a,1013,577,-13.77,491.56,2.8
1391,LTGES0915a,977,724,-49.68,1787.48,2.8
1392,LTGES0915b,977,724,-49.68,1787.48,2.8
1448,LTGES0951b,1013,577,-13.77,491.56,2.8
1223,LTGES0802b,726,183,48.52,1787.48,2.7
876,LTGES0593a,276,461,13.11,491.56,2.7
2305,TR_9657d8d2,251,252,-5.47,200.0,2.7
877,LTGES0593b,276,461,13.11,491.56,2.7
1222,LTGES0802a,726,183,48.52,1787.48,2.7
1827,LTGES1202,1124,1125,13.45,491.56,2.7
721,LTGES0496,409,410,13.42,491.56,2.7
1257,LTGES0826,537,313,-13.09,491.56,2.7
1335,LTGES0879,223,737,-48.3,1787.48,2.7
401,LTGES0273,286,285,12.89,491.56,2.6
752,LTGES0519a,856,1138,-12.86,491.56,2.6
600,LTGES0415,1064,350,-46.52,1787.48,2.6
261,LTGES0188,226,4,-46.47,1787.48,2.6
486,LTGES0335,313,799,-12.75,491.56,2.6
753,LTGES0519b,856,1138,-12.86,491.56,2.6
17,LTGES0011a,18,1065,12.1,491.56,2.5
456,LTGES0313,310,125,12.09,491.56,2.5
868,LTGES0588a,772,457,-44.69,1787.48,2.5
1423,LTGES0934d,786,123,12.11,491.56,2.5
1476,LTGES0968b,582,1016,12.06,491.56,2.5
2047,LTGES1350,1201,490,12.05,491.56,2.5
459,LTGES0316,125,201,-12.27,491.56,2.5
1993,LTGES1312b,193,663,44.17,1787.48,2.5
18,LTGES0011b,18,1065,12.1,491.56,2.5
1475,LTGES0968a,582,1016,12.06,491.56,2.5
242,LTGES0172,963,212,-12.16,491.56,2.5
869,LTGES0588b,772,457,-44.69,1787.48,2.5
115,LTGES0081,114,116,-12.51,491.56,2.5
1420,LTGES0934a,786,123,12.11,491.56,2.5
1421,LTGES0934b,786,123,12.11,491.56,2.5
1992,LTGES1312a,193,663,44.17,1787.48,2.5
1422,LTGES0934c,786,123,12.11,491.56,2.5
2332,TR_a3c83c97,370,371,-4.92,200.0,2.5
117,LTGES0082b,114,116,-11.7,491.56,2.4
1205,LTGES0793b,185,183,43.56,1787.48,2.4
819,LTGES0558,12,728,42.2,1787.48,2.4
116,LTGES0082a,114,116,-11.7,491.56,2.4
767,LTGES0529b,429,124,42.75,1787.48,2.4
2090,LTGES1384,155,165,11.56,491.56,2.4
908,LTGES0612a,300,298,-11.67,491.56,2.4
909,LTGES0612b,300,298,-11.67,491.56,2.4
1204,LTGES0793a,185,183,43.56,1787.48,2.4
766,LTGES0529a,429,124,42.75,1787.48,2.4
483,LTGES0332,313,70,-11.58,491.56,2.4
1926,LTGES1261a,1150,166,-11.72,491.56,2.4
1927,LTGES1261b,1150,166,-11.72,491.56,2.4
710,LTGES0486,844,843,-11.92,491.56,2.4
871,LTGES0590a,277,952,-40.57,1787.48,2.3
1199,LTGES0790,358,694,-11.49,491.56,2.3
1810,LTGES1188a,154,714,-40.47,1787.48,2.3
583,LTGES0405a,273,345,40.51,1787.48,2.3
584,LTGES0405b,273,345,40.51,1787.48,2.3
154,LTGES0114a,142,146,11.5,491.56,2.3
235,LTGES0167b,206,872,11.19,491.56,2.3
1811,LTGES1188b,154,714,-40.47,1787.48,2.3
872,LTGES0590b,277,952,-40.57,1787.48,2.3
1256,LTGES0825,536,537,-11.54,491.56,2.3
2173,LTGES1448,1072,648,-11.4,491.56,2.3
1666,LTGES1098,227,1077,11.43,491.56,2.3
1160,LTGES0763,949,430,-11.51,491.56,2.3
155,LTGES0114b,142,146,11.5,491.56,2.3
234,LTGES0167a,206,872,11.19,491.56,2.3
1949,LTGES1275,1154,655,10.88,491.56,2.2
2199,TR_39a719b5,817,818,-4.48,200.0,2.2
932,LTGES0625b,13,682,10.65,491.56,2.2
1536,LTGES1011a,597,599,-10.95,491.56,2.2
2200,TR_b44ed123,815,816,-4.47,200.0,2.2
1353,LTGES0891b,972,974,-10.76,491.56,2.2
2108,LTGES1396,275,1221,-10.99,491.56,2.2
931,LTGES0625a,13,682,10.65,491.56,2.2
1537,LTGES1011b,597,599,-10.95,491.56,2.2
1040,LTGES0686,919,488,-10.97,491.56,2.2
1352,LTGES0891a,972,974,-10.76,491.56,2.2
262,LTGES0189,739,220,-10.08,491.56,2.1
854,LTGES0577b,210,880,10.1,491.56,2.1
870,LTGES0589,458,276,-10.2,491.56,2.1
853,LTGES0577a,210,880,10.1,491.56,2.1
2064,LTGES1363a,71,429,37.05,1787.48,2.1
2065,LTGES1363b,71,429,37.05,1787.48,2.1
2040,LTGES1345a,460,665,10.3,491.56,2.1
1624,LTGES1070,76,1060,38.14,1787.48,2.1
2041,LTGES1345b,460,665,10.3,491.56,2.1
613,LTGES0426,356,239,-36.09,1787.48,2.0
220,LTGES0157,180,957,9.74,491.56,2.0
1450,LTGES0952b,577,1014,9.67,491.56,2.0
1374,LTGES0902,62,549,35.14,1787.48,2.0
1449,LTGES0952a,577,1014,9.67,491.56,2.0
540,LTGES0375a,9,334,-35.92,1787.48,2.0
1995,LTGES1314,1182,1043,-9.72,491.56,2.0
541,LTGES0375b,9,334,-35.92,1787.48,2.0
1342,LTGES0884,269,770,33.91,1787.48,1.9
1453,LTGES0954a,428,579,-33.82,1787.48,1.9
838,LTGES0568a,80,449,-33.39,1787.48,1.9
1454,LTGES0954b,428,579,-33.82,1787.48,1.9
1376,LTGES0904,62,554,34.77,1787.48,1.9
1458,LTGES0955d,993,568,34.83,1787.48,1.9
1456,LTGES0955b,993,568,34.83,1787.48,1.9
1390,LTGES0914,569,739,-9.12,491.56,1.9
1457,LTGES0955c,993,568,34.83,1787.48,1.9
839,LTGES0568b,80,449,-33.39,1787.48,1.9
1455,LTGES0955a,993,568,34.83,1787.48,1.9
771,LTGES0532,71,72,31.51,1787.48,1.8
1672,LTGES1103a,894,895,31.75,1787.48,1.8
1440,LTGES0946a,1011,1012,-31.84,1787.48,1.8
1041,LTGES0687a,918,917,8.92,491.56,1.8
1441,LTGES0946b,1011,1012,-31.84,1787.48,1.8
1673,LTGES1103b,894,895,31.75,1787.48,1.8
1042,LTGES0687b,918,917,8.92,491.56,1.8
2062,LTGES1362a,126,542,29.9,1787.48,1.7
602,LTGES0417,272,1124,-8.51,491.56,1.7
2063,LTGES1362b,126,542,29.9,1787.48,1.7
2308,TR_f4298876,754,755,-3.36,200.0,1.7
1932,LTGES1265a,444,866,8.43,491.56,1.7
140,LTGES0101b,66,136,-30.33,1787.48,1.7
138,LTGES0100,134,66,-30.63,1787.48,1.7
139,LTGES0101a,66,136,-30.33,1787.48,1.7
1933,LTGES1265b,444,866,8.43,491.56,1.7
1866,LTGES1224,693,248,29.53,1787.48,1.7
1029,LTGES0679,471,296,-8.26,491.56,1.7
1918,LTGES1256,955,159,-8.06,491.56,1.6
1151,LTGES0758,400,944,-7.87,491.56,1.6
211,LTGES0151b,183,187,-28.5,1787.48,1.6
806,LTGES0552a,444,867,-8.1,491.56,1.6
807,LTGES0552b,444,867,-8.1,491.56,1.6
809,LTGES0552d,444,867,-8.1,491.56,1.6
1485,LTGES0974b,291,293,-8.09,491.56,1.6
549,LTGES0380b,818,816,-7.97,491.56,1.6
953,LTGES0638b,901,34,-7.91,491.56,1.6
548,LTGES0380a,818,816,-7.97,491.56,1.6
952,LTGES0638a,901,34,-7.91,491.56,1.6
1484,LTGES0974a,291,293,-8.09,491.56,1.6
1776,LTGES1168,628,630,-2.78,169.19,1.6
808,LTGES0552c,444,867,-8.1,491.56,1.6
210,LTGES0151a,183,187,-28.5,1787.48,1.6
1613,LTGES1063a,1059,609,-7.44,491.56,1.5
2003,LTGES1320b,421,1230,-7.42,491.56,1.5
1200,LTGES0791a,694,525,7.17,491.56,1.5
1201,LTGES0791b,694,525,7.17,491.56,1.5
1614,LTGES1063b,1059,609,-7.44,491.56,1.5
2002,LTGES1320a,421,1230,-7.42,491.56,1.5
1586,LTGES1043,1044,329,-7.37,491.56,1.5
1704,LTGES1122a,626,1,-7.02,491.56,1.4
64,LTGES0042b,71,72,25.47,1787.48,1.4
63,LTGES0042a,71,72,25.47,1787.48,1.4
755,LTGES0521,1113,26,6.82,491.56,1.4
1924,LTGES1260a,541,544,6.72,491.56,1.4
881,LTGES0595b,886,461,-6.92,491.56,1.4
1769,LTGES1162,536,1101,6.68,491.56,1.4
143,LTGES0107,54,1127,-7.03,491.56,1.4
1705,LTGES1122b,626,1,-7.02,491.56,1.4
1286,LTGES0846,1069,549,-25.69,1787.48,1.4
1925,LTGES1260b,541,544,6.72,491.56,1.4
880,LTGES0595a,886,461,-6.92,491.56,1.4
1436,LTGES0943,573,1082,-25.21,1787.48,1.4
228,LTGES0163b,675,198,-6.4,491.56,1.3
227,LTGES0163a,675,198,-6.4,491.56,1.3
550,LTGES0381a,817,815,-2.24,169.19,1.3
1897,LTGES1243b,1078,620,22.79,1787.48,1.3
657,LTGES0454a,378,834,-6.31,491.56,1.3
551,LTGES0381b,817,815,-2.24,169.19,1.3
1898,LTGES1244a,1078,620,22.79,1787.48,1.3
1405,LTGES0923a,999,550,-6.42,491.56,1.3
1406,LTGES0923b,999,550,-6.42,491.56,1.3
1299,LTGES0855a,521,950,-6.35,491.56,1.3
1021,LTGES0675a,910,486,23.74,1787.48,1.3
1899,LTGES1244b,1078,620,22.79,1787.48,1.3
1022,LTGES0675b,910,486,23.74,1787.48,1.3
658,LTGES0454b,378,834,-6.31,491.56,1.3
1896,LTGES1243a,1078,620,22.79,1787.48,1.3
712,LTGES0488,846,57,-6.22,491.56,1.3
1300,LTGES0855b,521,950,-6.35,491.56,1.3
1736,LTGES1142,954,1093,21.14,1787.48,1.2
185,LTGES0136a,150,168,-21.43,1787.48,1.2
349,LTGES0240a,260,263,6.12,491.56,1.2
350,LTGES0240b,260,263,6.12,491.56,1.2
1396,LTGES0917b,998,977,-21.7,1787.48,1.2
186,LTGES0136b,150,168,-21.43,1787.48,1.2
1395,LTGES0917a,998,977,-21.7,1787.48,1.2
469,LTGES0323b,782,786,-6.11,491.56,1.2
1437,LTGES0944a,1082,1010,21.68,1787.48,1.2
763,LTGES0527,428,46,-20.73,1787.48,1.2
468,LTGES0323a,782,786,-6.11,491.56,1.2
351,LTGES0240c,260,263,6.12,491.56,1.2
1597,LTGES1051,386,1100,5.69,491.56,1.2
1857,LTGES1218,639,1135,-5.87,491.56,1.2
1139,LTGES0750b,942,515,5.67,491.56,1.2
1438,LTGES0944b,1082,1010,21.68,1787.48,1.2
1521,LTGES1001,212,1027,5.87,491.56,1.2
1397,LTGES0917c,998,977,-21.7,1787.48,1.2
1826,LTGES1201,473,1122,-22.31,1787.48,1.2
352,LTGES0240d,260,263,6.12,491.56,1.2
1138,LTGES0750a,942,515,5.67,491.56,1.2
1135,LTGES0748a,756,252,-5.35,491.56,1.1
1285,LTGES0845,549,554,-20.16,1787.48,1.1
1699,LTGES1120a,1,626,5.33,491.56,1.1
288,LTGES0209a,748,234,5.51,491.56,1.1
1702,LTGES1120d,1,626,5.33,491.56,1.1
1509,LTGES0991b,1022,588,5.44,491.56,1.1
1013,LTGES0673a,910,912,-19.12,1787.48,1.1
596,LTGES0411b,827,346,-18.96,1787.48,1.1
1700,LTGES1120b,1,626,5.33,491.56,1.1
1014,LTGES0673b,910,912,-19.12,1787.48,1.1
1508,LTGES0991a,1022,588,5.44,491.56,1.1
1136,LTGES0748b,756,252,-5.35,491.56,1.1
289,LTGES0209b,748,234,5.51,491.56,1.1
1077,LTGES0711,501,1073,5.59,491.56,1.1
177,LTGES0130a,165,900,-5.46,491.56,1.1
1251,LTGES0822a,8,968,-5.59,491.56,1.1
178,LTGES0130b,165,900,-5.46,491.56,1.1
1015,LTGES0673c,910,912,-19.12,1787.48,1.1
595,LTGES0411a,827,346,-18.96,1787.48,1.1
1701,LTGES1120c,1,626,5.33,491.56,1.1
1252,LTGES0822b,8,968,-5.59,491.56,1.1
1016,LTGES0673d,910,912,-19.12,1787.48,1.1
916,LTGES0616b,456,883,-16.98,1787.48,1.0
878,LTGES0594a,461,885,4.68,491.56,1.0
145,LTGES0108b,135,138,5.1,491.56,1.0
1549,LTGES1018a,51,601,-4.75,491.56,1.0
1346,LTGES0888a,104,998,-18.37,1787.48,1.0
2253,TR_20f9f91a,680,681,3.03,300.0,1.0
915,LTGES0616a,456,883,-16.98,1787.48,1.0
1347,LTGES0888b,104,998,-18.37,1787.48,1.0
1000,LTGES0665,956,481,-5.02,491.56,1.0
1550,LTGES1018b,51,601,-4.75,491.56,1.0
879,LTGES0594b,461,885,4.68,491.56,1.0
1517,LTGES0997,138,135,-5.12,491.56,1.0
2008,LTGES1324,1191,640,4.74,491.56,1.0
144,LTGES0108a,135,138,5.1,491.56,1.0
1350,LTGES0890a,973,975,16.89,1787.48,0.9
1686,LTGES1113a,301,625,-4.29,491.56,0.9
1103,LTGES0728a,241,930,-15.2,1787.48,0.9
1707,LTGES1123b,350,1090,16.94,1787.48,0.9
1104,LTGES0728b,241,930,-15.2,1787.48,0.9
1351,LTGES0890b,973,975,16.89,1787.48,0.9
1687,LTGES1113b,301,625,-4.29,491.56,0.9
1706,LTGES1123a,350,1090,16.94,1787.48,0.9
1052,LTGES0694b,1063,489,3.8,491.56,0.8
611,LTGES0424b,830,354,3.71,491.56,0.8
79,LTGES0053b,906,905,-14.51,1787.48,0.8
1389,LTGES0913b,569,996,4.01,491.56,0.8
610,LTGES0424a,830,354,3.71,491.56,0.8
1051,LTGES0694a,1063,489,3.8,491.56,0.8
78,LTGES0053a,906,905,-14.51,1787.48,0.8
260,LTGES0187b,224,738,3.95,491.56,0.8
1388,LTGES0913a,569,996,4.01,491.56,0.8
701,LTGES0479,400,148,-3.8,491.56,0.8
259,LTGES0187a,224,738,3.95,491.56,0.8
164,LTGES0121,158,955,-4.09,491.56,0.8
843,LTGES0571,743,4,12.31,1787.48,0.7
83,LTGES0056,91,831,-3.58,491.56,0.7
1070,LTGES0707b,499,176,-12.39,1787.48,0.7
1969,LTGES1293,658,1180,3.38,491.56,0.7
474,LTGES0327,975,765,13.4,1787.48,0.7
607,LTGES0421b,353,829,3.45,491.56,0.7
875,LTGES0592,885,459,3.27,491.56,0.7
2034,LTGES1339b,321,1126,-12.46,1787.48,0.7
2257,TR_6fc17258,561,562,-1.42,200.0,0.7
606,LTGES0421a,353,829,3.45,491.56,0.7
1069,LTGES0707a,499,176,-12.39,1787.48,0.7
2033,LTGES1339a,321,1126,-12.46,1787.48,0.7
665,LTGES0459a,387,896,-12.96,1787.48,0.7
2252,TR_a8526d91,563,564,1.42,200.0,0.7
666,LTGES0459b,387,896,-12.96,1787.48,0.7
1955,LTGES1280,656,1198,11.85,1787.48,0.7
1778,LTGES1170,312,1105,3.14,491.56,0.6
1247,LTGES0819,965,534,3.1,491.56,0.6
1892,LTGES1240,273,1144,11.16,1787.48,0.6
505,LTGES0350,112,803,2.82,491.56,0.6
1888,LTGES1237,1143,327,-11.18,1787.48,0.6
2134,LTGES1417,1085,1231,3.15,491.56,0.6
1314,LTGES0864,454,524,2.9,491.56,0.6
2152,LTGES1431,1168,61,-10.16,1787.48,0.6
389,LTGES0263,276,773,2.32,491.56,0.5
1985,LTGES1305,885,459,2.51,491.56,0.5
2074,LTGES1372b,658,88,-2.54,491.56,0.5
943,LTGES0632a,1099,469,-2.65,491.56,0.5
919,LTGES0618b,892,465,-2.58,491.56,0.5
1635,LTGES1077,1109,158,-2.44,491.56,0.5
918,LTGES0618a,892,465,-2.58,491.56,0.5
944,LTGES0632b,1099,469,-2.65,491.56,0.5
2073,LTGES1372a,658,88,-2.54,491.56,0.5
1675,LTGES1105a,142,1142,1.98,491.56,0.4
682,LTGES0468b,392,838,2.07,491.56,0.4
2010,LTGES1325b,1047,664,-2.0,491.56,0.4
1585,LTGES1042b,359,605,7.46,1787.48,0.4
73,LTGES0048b,79,695,-6.34,1787.48,0.4
72,LTGES0048a,79,695,-6.34,1787.48,0.4
88,LTGES0060,98,1012,7.3,1787.48,0.4
2037,LTGES1342,1197,525,-1.75,491.56,0.4
1957,LTGES1281b,656,68,-8.01,1787.48,0.4
2098,LTGES1389,1216,411,-1.9,491.56,0.4
1584,LTGES1042a,359,605,7.46,1787.48,0.4
2281,TR_d4b90a0d,415,416,-0.88,200.0,0.4
1912,LTGES1251b,1148,869,7.96,1787.48,0.4
1667,LTGES1099,619,1107,5.09,1429.98,0.4
1676,LTGES1105b,142,1142,1.98,491.56,0.4
433,LTGES0297,306,1040,2.15,491.56,0.4
2009,LTGES1325a,1047,664,-2.0,491.56,0.4
379,LTGES0258a,74,771,7.38,1787.48,0.4
1668,LTGES1100,619,1107,5.09,1429.98,0.4
1524,LTGES1003b,1027,1028,2.11,491.56,0.4
2024,LTGES1333,43,37,-7.56,1787.48,0.4
1620,LTGES1067a,76,1061,7.18,1787.48,0.4
1413,LTGES0929a,1002,551,-2.19,491.56,0.4
1911,LTGES1251a,1148,869,7.96,1787.48,0.4
2114,LTGES1401,1224,667,2.04,491.56,0.4
1414,LTGES0929b,1002,551,-2.19,491.56,0.4
1523,LTGES1003a,1027,1028,2.11,491.56,0.4
1621,LTGES1067b,76,1061,7.18,1787.48,0.4
1956,LTGES1281a,656,68,-8.01,1787.48,0.4
380,LTGES0258b,74,771,7.38,1787.48,0.4
681,LTGES0468a,392,838,2.07,491.56,0.4
2282,TR_3a800caf,1066,1067,0.88,200.0,0.4
1938,LTGES1268a,415,1066,0.44,169.19,0.3
1939,LTGES1268b,415,1066,0.44,169.19,0.3
885,LTGES0599a,275,463,-1.54,491.56,0.3
2113,LTGES1400b,708,132,-1.3,491.56,0.3
1765,LTGES1159b,513,941,1.4,491.56,0.3
1198,LTGES0786,524,953,1.45,491.56,0.3
1028,LTGES0678b,913,471,-1.4,491.56,0.3
886,LTGES0599b,275,463,-1.54,491.56,0.3
1967,LTGES1291,1169,1168,-4.74,1787.48,0.3
2331,TR_8c3372a7,368,369,0.69,200.0,0.3
1027,LTGES0678a,913,471,-1.4,491.56,0.3
703,LTGES0481,401,402,1.37,491.56,0.3
1674,LTGES1104,679,1080,1.37,491.56,0.3
166,LTGES0123,160,989,6.18,1787.48,0.3
2112,LTGES1400a,708,132,-1.3,491.56,0.3
1316,LTGES0866,986,1184,1.3,491.56,0.3
365,LTGES0250,554,104,-5.97,1787.48,0.3
1426,LTGES0936,531,1009,-1.25,491.56,0.3
158,LTGES0116,744,151,-1.47,491.56,0.3
398,LTGES0270,284,282,-1.24,491.56,0.3
1328,LTGES0874,1000,560,-1.41,491.56,0.3
1764,LTGES1159a,513,941,1.4,491.56,0.3
1572,LTGES1034,1037,1038,1.65,491.56,0.3
1968,LTGES1292,658,1170,0.88,491.56,0.2
1212,LTGES0797b,181,726,-3.0,1787.48,0.2
1313,LTGES0863,454,985,0.82,491.56,0.2
473,LTGES0326,792,201,-0.78,491.56,0.2
1444,LTGES0949,294,574,3.13,1787.48,0.2
2122,LTGES1409,673,1058,0.97,491.56,0.2
1522,LTGES1002,1027,1054,0.89,491.56,0.2
476,LTGES0328b,763,765,-3.45,1787.48,0.2
694,LTGES0474b,839,397,1.0,491.56,0.2
1214,LTGES0797d,181,726,-3.0,1787.48,0.2
1141,LTGES0752a,516,943,1.2,491.56,0.2
1225,LTGES0803b,150,528,-3.18,1787.48,0.2
1142,LTGES0752b,516,943,1.2,491.56,0.2
1363,LTGES0896a,561,563,0.36,169.19,0.2
645,LTGES0446a,368,370,-0.34,169.19,0.2
475,LTGES0328a,763,765,-3.45,1787.48,0.2
1295,LTGES0852b,982,555,2.94,1787.48,0.2
693,LTGES0474a,839,397,1.0,491.56,0.2
1364,LTGES0896b,561,563,0.36,169.19,0.2
1211,LTGES0797a,181,726,-3.0,1787.48,0.2
355,LTGES0242,752,751,-3.49,1787.48,0.2
1443,LTGES0948,294,574,2.96,1787.48,0.2
399,LTGES0271,284,282,-1.23,491.56,0.2
1224,LTGES0803a,150,528,-3.18,1787.48,0.2
1366,LTGES0896d,561,563,0.36,169.19,0.2
1213,LTGES0797c,181,726,-3.0,1787.48,0.2
159,LTGES0117,995,152,-0.82,491.56,0.2
1294,LTGES0852a,982,555,2.94,1787.48,0.2
1642,LTGES1082,431,201,-1.19,491.56,0.2
646,LTGES0446b,368,370,-0.34,169.19,0.2
1638,LTGES1079,1069,1068,3.56,1787.48,0.2
358,LTGES0245,759,237,-3.07,1787.48,0.2
1365,LTGES0896c,561,563,0.36,169.19,0.2
2027,LTGES1335a,520,1110,1.1,491.56,0.2
2028,LTGES1335b,520,1110,1.1,491.56,0.2
2084,LTGES1380b,768,274,-2.14,1787.48,0.1
1050,LTGES0693,1046,489,-0.35,491.56,0.1
2083,LTGES1380a,768,274,-2.14,1787.48,0.1
1271,LTGES0835b,543,978,0.29,491.56,0.1
1786,LTGES1176,1112,624,-0.27,491.56,0.1
441,LTGES0302b,264,261,-1.01,1787.48,0.1
354,LTGES0241b,264,261,-0.98,1787.48,0.1
378,LTGES0257b,124,274,2.14,1787.48,0.1
1906,LTGES1248b,871,870,-2.42,1787.48,0.1
615,LTGES0428a,360,357,-1.68,1787.48,0.1
524,LTGES0362c,807,325,0.32,491.56,0.1
353,LTGES0241a,264,261,-0.98,1787.48,0.1
945,LTGES0633,899,472,0.44,491.56,0.1
1976,LTGES1299a,657,411,-0.43,491.56,0.1
522,LTGES0362a,807,325,0.32,491.56,0.1
9,LTGES0005,10,861,1.68,1787.48,0.1
2039,LTGES1344,1199,657,-0.41,491.56,0.1
440,LTGES0302a,264,261,-1.01,1787.48,0.1
728,LTGES0501a,847,413,-0.58,491.56,0.1
999,LTGES0664b,480,468,-1.76,1787.48,0.1
1409,LTGES0926a,1001,571,-0.56,491.56,0.1
2151,LTGES1430,1032,108,-0.36,491.56,0.1
532,LTGES0370a,330,812,0.69,491.56,0.1
1535,LTGES1010,1032,1031,0.3,491.56,0.1
1977,LTGES1299b,657,411,-0.43,491.56,0.1
395,LTGES0268,276,884,0.44,491.56,0.1
1905,LTGES1248a,871,870,-2.42,1787.48,0.1
1963,LTGES1287,1164,657,-0.35,491.56,0.1
523,LTGES0362b,807,325,0.32,491.56,0.1
874,LTGES0591b,459,460,0.38,491.56,0.1
729,LTGES0501b,847,413,-0.58,491.56,0.1
1261,LTGES0828,969,537,-0.51,491.56,0.1
1410,LTGES0926b,1001,571,-0.56,491.56,0.1
533,LTGES0370b,330,812,0.69,491.56,0.1
616,LTGES0428b,360,357,-1.68,1787.48,0.1
1270,LTGES0835a,543,978,0.29,491.56,0.1
1903,LTGES1247a,871,870,-2.42,1787.48,0.1
873,LTGES0591a,459,460,0.38,491.56,0.1
1904,LTGES1247b,871,870,-2.42,1787.48,0.1
134,LTGES0095,719,720,1.9,1787.48,0.1
377,LTGES0257a,124,274,2.14,1787.48,0.1
998,LTGES0664a,480,468,-1.76,1787.48,0.1
1783,LTGES1174b,1108,1107,-0.0,1429.98,0.0
2096,LTGES1388a,1179,661,-0.05,491.56,0.0
2097,LTGES1388b,1179,661,-0.05,491.56,0.0
2005,LTGES1321b,1181,374,-0.0,1787.48,0.0
2326,TR_fa1d5cde,1054,1055,-0.0,480.0,0.0
525,LTGES0363,808,99,-0.0,1787.48,0.0
526,LTGES0364,809,1143,-0.0,1787.48,0.0
579,LTGES0401,342,339,0.07,491.56,0.0
631,LTGES0437a,238,363,0.85,1787.48,0.0
2031,LTGES1338a,1072,612,0.13,491.56,0.0
1727,LTGES1136b,1075,617,-0.01,491.56,0.0
1057,LTGES0698,921,351,-0.61,1787.48,0.0
2283,TR_65a15878,734,735,-0.0,300.0,0.0
1558,LTGES1024,27,26,-0.18,491.56,0.0
1561,LTGES1027,850,851,-0.0,1787.48,0.0
2157,LTGES1436,1213,485,0.24,491.56,0.0
248,LTGES0177,733,735,-0.0,502.73,0.0
632,LTGES0437b,238,363,0.85,1787.48,0.0
2032,LTGES1338b,1072,612,0.13,491.56,0.0
2045,LTGES1348,1074,615,-0.01,491.56,0.0
1867,LTGES1225,804,322,-0.0,491.56,0.0
1782,LTGES1173a,1108,1107,-0.0,1429.98,0.0
1858,LTGES1219,1055,970,-0.0,502.73,0.0
1726,LTGES1136a,1075,617,-0.01,491.56,0.0
1564,LTGES1029,1076,1122,-0.0,1787.48,0.0
512,LTGES0355,805,243,-0.0,1787.48,0.0
2004,LTGES1321a,1181,374,-0.0,1787.48,0.0
