branch_id,branch_name,peak_pct,limit_mw,peak_flow,nominal_mw,req_factor
1722,LTGES1133,29.9,4915.56,1471.18,491.55600000000004,2.99
483,LTGES0333,29.8,4915.56,1464.67,491.55600000000004,2.98
1520,LTGES1001,27.3,4915.56,1343.28,491.55600000000004,2.73
1046,LTGES0690,24.7,4915.56,1212.51,491.55600000000004,2.47
1741,LTGES1146,24.0,4915.56,1180.27,491.55600000000004,2.4
2005,LTGES1322,23.6,4915.56,1157.65,491.55600000000004,2.36
1047,LTGES0691,22.7,4915.56,1113.53,491.55600000000004,2.27
dc1,LTGES0254,20.3,3464.1,702.79,346.40999999999997,2.03
501,LTGES0348,20.2,17874.76,3611.5,1787.4759999999999,2.02
1038,LTGES0685b,19.3,4915.56,948.16,491.55600000000004,1.93
1037,LTGES0685a,19.3,4915.56,948.16,491.55600000000004,1.93
2289,TR_9af01115,18.8,7500.0,1408.46,750.0,1.88
1554,LTGES1021b,18.7,4915.56,919.4,491.55600000000004,1.87
1553,LTGES1021a,18.7,4915.56,919.4,491.55600000000004,1.87
2148,LTGES1428,18.3,4915.56,899.33,491.55600000000004,1.83
12,LTGES0008,18.2,4915.56,893.7,491.55600000000004,1.82
1095,LTGES0723,18.2,17874.76,3260.98,1787.4759999999999,1.82
1551,LTGES1020a,17.9,4915.56,882.24,491.55600000000004,1.79
1552,LTGES1020b,17.9,4915.56,882.24,491.55600000000004,1.79
1147,LTGES0755b,17.4,4915.56,854.31,491.55600000000004,1.74
1146,LTGES0755a,17.4,4915.56,854.31,491.55600000000004,1.74
1143,LTGES0753b,17.3,4915.56,848.42,491.55600000000004,1.73
1142,LTGES0753a,17.3,4915.56,848.42,491.55600000000004,1.73
1144,LTGES0754a,17.1,4915.56,838.19,491.55600000000004,1.71
1145,LTGES0754b,17.1,4915.56,838.19,491.55600000000004,1.71
1111,LTGES0734,16.8,4915.56,825.11,491.55600000000004,1.68
1057,LTGES0699,16.7,17874.76,2988.18,1787.4759999999999,1.67
2286,TR_4cb0b32d,16.6,4800.0,794.56,480.0,1.66
1750,LTGES1152a,16.3,4915.56,801.75,491.55600000000004,1.63
963,LTGES0645,16.3,4915.56,802.29,491.55600000000004,1.63
1751,LTGES1152b,16.3,4915.56,801.75,491.55600000000004,1.63
721,LTGES0497,16.2,4915.56,797.22,491.55600000000004,1.62
1245,LTGES0818,15.8,4915.56,776.47,491.55600000000004,1.58
1242,LTGES0816,15.7,4915.56,773.27,491.55600000000004,1.57
298,LTGES0215,15.6,17874.76,2792.7,1787.4759999999999,1.56
418,LTGES0287b,15.5,4915.56,761.41,491.55600000000004,1.55
417,LTGES0287a,15.5,4915.56,761.41,491.55600000000004,1.55
2132,LTGES1416,15.5,4915.56,762.7,491.55600000000004,1.55
635,LTGES0440,15.5,17874.76,2764.84,1787.4759999999999,1.55
110,LTGES0077,15.4,17874.76,2748.13,1787.4759999999999,1.54
2299,TR_2ab84c9d,15.4,3000.0,461.21,300.0,1.54
1865,LTGES1224,15.3,17874.76,2732.01,1787.4759999999999,1.53
171,LTGES0126b,15.2,4915.56,745.35,491.55600000000004,1.52
170,LTGES0126a,15.2,4915.56,745.35,491.55600000000004,1.52
1109,LTGES0732,15.2,4915.56,748.81,491.55600000000004,1.52
604,LTGES0420,15.0,4915.56,736.06,491.55600000000004,1.5
541,LTGES0376,15.0,4915.56,738.12,491.55600000000004,1.5
123,LTGES0086,14.8,17874.76,2639.9,1787.4759999999999,1.48
945,LTGES0634,14.8,4915.56,725.09,491.55600000000004,1.48
634,LTGES0439b,14.6,17874.76,2615.05,1787.4759999999999,1.46
633,LTGES0439a,14.6,17874.76,2615.05,1787.4759999999999,1.46
603,LTGES0419,14.5,4915.56,712.71,491.55600000000004,1.45
2115,LTGES1403,14.0,4915.56,689.57,491.55600000000004,1.4
11,LTGES0007,14.0,4915.56,687.31,491.55600000000004,1.4
62,LTGES0041b,13.9,17874.76,2483.49,1787.4759999999999,1.39
61,LTGES0041a,13.9,17874.76,2483.49,1787.4759999999999,1.39
2176,TR_2ba8192a,13.9,4800.0,665.39,480.0,1.39
1777,LTGES1170,13.8,4915.56,679.31,491.55600000000004,1.38
60,LTGES0040b,13.8,17874.76,2469.61,1787.4759999999999,1.38
59,LTGES0040a,13.8,17874.76,2469.61,1787.4759999999999,1.38
2300,TR_8d4c74b6,13.8,7500.0,1034.28,750.0,1.38
1752,LTGES1153,13.7,4915.56,674.79,491.55600000000004,1.37
1123,LTGES0742a,13.7,4915.56,673.63,491.55600000000004,1.37
1124,LTGES0742b,13.7,4915.56,673.63,491.55600000000004,1.37
1928,LTGES1263,13.7,4915.56,672.9,491.55600000000004,1.37
608,LTGES0423,13.6,4915.56,669.43,491.55600000000004,1.36
2191,TR_031c515e,13.6,4800.0,650.5,480.0,1.36
1314,LTGES0865,13.5,4915.56,664.92,491.55600000000004,1.35
2335,TR_5b9e4f80,13.4,9450.0,1266.34,945.0,1.34
1194,LTGES0783,13.4,4915.56,657.43,491.55600000000004,1.34
1094,LTGES0722,13.4,17874.76,2393.82,1787.4759999999999,1.34
607,LTGES0422,13.3,4915.56,655.13,491.55600000000004,1.33
296,LTGES0213,13.1,17874.76,2346.13,1787.4759999999999,1.31
2189,TR_d061a070,13.1,9450.0,1238.0,945.0,1.31
1007,LTGES0670b,13.1,17874.76,2350.29,1787.4759999999999,1.31
1006,LTGES0670a,13.1,17874.76,2350.29,1787.4759999999999,1.31
1093,LTGES0721,13.0,17874.76,2327.7,1787.4759999999999,1.3
675,LTGES0465,12.9,4915.56,635.2,491.55600000000004,1.29
916,LTGES0617,12.9,4915.56,632.43,491.55600000000004,1.29
1110,LTGES0733,12.8,4915.56,631.12,491.55600000000004,1.28
2310,TR_60f77458,12.7,3000.0,380.94,300.0,1.27
1101,LTGES0727,12.6,4915.56,617.66,491.55600000000004,1.26
612,LTGES0426,12.4,17874.76,2222.48,1787.4759999999999,1.24
1003,LTGES0668,12.4,4915.56,608.62,491.55600000000004,1.24
242,LTGES0172,12.4,4915.56,607.68,491.55600000000004,1.24
10,LTGES0006,12.4,4915.56,611.78,491.55600000000004,1.24
1653,LTGES1089b,12.3,17874.76,2200.75,1787.4759999999999,1.23
1652,LTGES1089a,12.3,17874.76,2200.75,1787.4759999999999,1.23
83,LTGES0056,12.3,4915.56,602.62,491.55600000000004,1.23
2149,LTGES1429,12.3,4915.56,603.39,491.55600000000004,1.23
2212,TR_9425d6c7,12.2,7500.0,913.49,750.0,1.22
1820,LTGES1197,12.2,17874.76,2174.56,1787.4759999999999,1.22
2175,TR_519b8abe,12.2,7500.0,916.9,750.0,1.22
355,LTGES0242,12.2,17874.76,2181.17,1787.4759999999999,1.22
932,LTGES0626,12.1,4915.56,593.47,491.55600000000004,1.21
1048,LTGES0692,12.1,4915.56,592.64,491.55600000000004,1.21
747,LTGES0515,11.9,4915.56,582.88,491.55600000000004,1.19
602,LTGES0418,11.8,4915.56,578.33,491.55600000000004,1.18
601,LTGES0417,11.8,4915.56,581.13,491.55600000000004,1.18
181,LTGES0133a,11.7,17874.76,2099.49,1787.4759999999999,1.17
182,LTGES0133b,11.7,17874.76,2099.49,1787.4759999999999,1.17
2193,TR_ec3a7de9,11.7,7500.0,880.48,750.0,1.17
1198,LTGES0790,11.7,4915.56,576.41,491.55600000000004,1.17
2174,LTGES1450,11.7,4915.56,576.57,491.55600000000004,1.17
613,LTGES0427,11.6,17874.76,2079.81,1787.4759999999999,1.16
23,LTGES0014,11.6,4915.56,568.93,491.55600000000004,1.16
764,LTGES0528b,11.6,17874.76,2069.15,1787.4759999999999,1.16
763,LTGES0528a,11.6,17874.76,2069.15,1787.4759999999999,1.16
576,LTGES0399,11.6,4915.56,568.87,491.55600000000004,1.16
436,LTGES0300,11.6,4915.56,569.19,491.55600000000004,1.16
701,LTGES0480,11.5,4915.56,564.6,491.55600000000004,1.15
2183,TR_b8345e3b,11.4,3000.0,342.99,300.0,1.14
2036,LTGES1342,11.4,4915.56,561.09,491.55600000000004,1.14
1732,LTGES1140,11.4,4915.56,559.39,491.55600000000004,1.14
1958,LTGES1283,11.3,4915.56,555.51,491.55600000000004,1.13
120,LTGES0084,11.3,17874.76,2013.65,1787.4759999999999,1.13
2290,TR_531ab7c5,11.2,3000.0,336.91,300.0,1.12
1522,LTGES1003a,11.2,4915.56,552.33,491.55600000000004,1.12
1523,LTGES1003b,11.2,4915.56,552.33,491.55600000000004,1.12
1009,LTGES0671b,11.1,17874.76,1991.42,1787.4759999999999,1.11
1002,LTGES0667b,11.1,17874.76,1986.29,1787.4759999999999,1.11
1008,LTGES0671a,11.1,17874.76,1991.42,1787.4759999999999,1.11
1001,LTGES0667a,11.1,17874.76,1986.29,1787.4759999999999,1.11
2278,TR_59f3a3c3,11.1,4800.0,533.83,480.0,1.11
1519,LTGES1000,11.0,4915.56,542.16,491.55600000000004,1.1
122,LTGES0085b,11.0,4915.56,543.12,491.55600000000004,1.1
121,LTGES0085a,11.0,4915.56,543.12,491.55600000000004,1.1
2285,TR_023fe59e,11.0,4800.0,529.44,480.0,1.1
718,LTGES0494,10.9,4915.56,536.33,491.55600000000004,1.09
1011,LTGES0672b,10.9,17874.76,1942.53,1787.4759999999999,1.09
183,LTGES0134,10.9,4915.56,537.78,491.55600000000004,1.09
1010,LTGES0672a,10.9,17874.76,1942.53,1787.4759999999999,1.09
297,LTGES0214,10.8,17874.76,1927.92,1787.4759999999999,1.08
2200,TR_ae86a0a4,10.6,9450.0,1002.18,945.0,1.06
1861,LTGES1222a,10.6,17874.76,1890.15,1787.4759999999999,1.06
1862,LTGES1222b,10.6,17874.76,1890.15,1787.4759999999999,1.06
2179,TR_10cbc112,10.4,4800.0,497.95,480.0,1.04
2343,TR_5d89fb1a,10.4,3000.0,310.99,300.0,1.04
667,LTGES0461a,10.3,17874.76,1844.65,1787.4759999999999,1.03
668,LTGES0461b,10.3,17874.76,1844.65,1787.4759999999999,1.03
864,LTGES0586b,10.3,17874.76,1832.24,1787.4759999999999,1.03
1723,LTGES1134,10.3,4915.56,507.98,491.55600000000004,1.03
84,LTGES0057,10.3,4915.56,505.43,491.55600000000004,1.03
863,LTGES0586a,10.3,17874.76,1832.24,1787.4759999999999,1.03
28,LTGES0017,10.2,4915.56,501.1,491.55600000000004,1.02
739,LTGES0508b,10.2,17874.76,1826.24,1787.4759999999999,1.02
738,LTGES0508a,10.2,17874.76,1826.24,1787.4759999999999,1.02
2272,TR_4422f4c8,10.1,30000.0,3020.96,3000.0,1.01
1814,LTGES1191,10.1,17874.76,1802.6,1787.4759999999999,1.01
632,LTGES0438,10.1,4915.56,494.79,491.55600000000004,1.01
